{"model":{"type":"range_dispatch","property":"custom_model_data","index":0,"fallback":{"type":"minecraft:model","model":"minecraft:item/feather"},"entries":[{"threshold":10000,"model":{"type":"model","model":"cosmeticpack:ear1"}},{"threshold":10001,"model":{"type":"model","model":"magiccosmetics:menu/back"}},{"threshold":10002,"model":{"type":"model","model":"magiccosmetics:menu/back_gray"}},{"threshold":10003,"model":{"type":"model","model":"magiccosmetics:menu/next"}},{"threshold":10004,"model":{"type":"model","model":"magiccosmetics:menu/next_gray"}},{"threshold":10005,"model":{"type":"model","model":"magiccosmetics:menu/empty"}},{"threshold":10006,"model":{"type":"model","model":"magiccosmetics:item/spray"}},{"threshold":10007,"model":{"type":"model","model":"cosmeticpack:headphone"}},{"threshold":10008,"model":{"type":"model","model":"cosmeticpack:hornhat"}},{"threshold":10009,"model":{"type":"model","model":"cosmeticpack:ear2"}},{"threshold":10010,"model":{"type":"model","model":"cosmeticpack:mask"}},{"threshold":10011,"model":{"type":"model","model":"cosmeticpack:divingglasses"}},{"threshold":10012,"model":{"type":"model","model":"cosmeticpack:bearhat"}},{"threshold":10013,"model":{"type":"model","model":"item/feather"}}]},"oversized_in_gui":true}