{"model":{"type":"range_dispatch","property":"custom_model_data","index":0,"fallback":{"type":"minecraft:model","model":"minecraft:item/potion","tints":[{"type":"minecraft:potion","default":-13083194}]},"entries":[{"threshold":9925040,"model":{"type":"model","model":"ero_feral_fantasy_set:bear_ears","tints":[{"type":"minecraft:potion","default":-13083194}]}},{"threshold":9925041,"model":{"type":"model","model":"ero_feral_fantasy_set:bear_tail_cosmetic","tints":[{"type":"minecraft:potion","default":-13083194}]}},{"threshold":9925042,"model":{"type":"model","model":"ero_feral_fantasy_set:bear_tail_cosmetic_self","tints":[{"type":"minecraft:potion","default":-13083194}]}},{"threshold":9925043,"model":{"type":"model","model":"ero_feral_fantasy_set:bear_tail_cosmetic_self_2","tints":[{"type":"minecraft:potion","default":-13083194}]}},{"threshold":9925044,"model":{"type":"model","model":"ero_feral_fantasy_set:bear_tail_cosmetic_normal_2","tints":[{"type":"minecraft:potion","default":-13083194}]}},{"threshold":9925045,"model":{"type":"model","model":"ero_feral_fantasy_set:cat_ears","tints":[{"type":"minecraft:potion","default":-13083194}]}},{"threshold":9925046,"model":{"type":"model","model":"ero_feral_fantasy_set:cat_tail_cosmetic","tints":[{"type":"minecraft:potion","default":-13083194}]}},{"threshold":9925047,"model":{"type":"model","model":"ero_feral_fantasy_set:cat_tail_cosmetic_self","tints":[{"type":"minecraft:potion","default":-13083194}]}},{"threshold":9925048,"model":{"type":"model","model":"ero_feral_fantasy_set:cat_tail_cosmetic_self_2","tints":[{"type":"minecraft:potion","default":-13083194}]}},{"threshold":9925049,"model":{"type":"model","model":"ero_feral_fantasy_set:cat_tail_cosmetic_normal_2","tints":[{"type":"minecraft:potion","default":-13083194}]}},{"threshold":9925050,"model":{"type":"model","model":"ero_feral_fantasy_set:fox_ears","tints":[{"type":"minecraft:potion","default":-13083194}]}},{"threshold":9925051,"model":{"type":"model","model":"ero_feral_fantasy_set:fox_tail_cosmetic","tints":[{"type":"minecraft:potion","default":-13083194}]}},{"threshold":9925052,"model":{"type":"model","model":"ero_feral_fantasy_set:fox_tail_cosmetic_self","tints":[{"type":"minecraft:potion","default":-13083194}]}},{"threshold":9925053,"model":{"type":"model","model":"ero_feral_fantasy_set:fox_tail_cosmetic_self_2","tints":[{"type":"minecraft:potion","default":-13083194}]}},{"threshold":9925054,"model":{"type":"model","model":"ero_feral_fantasy_set:fox_tail_cosmetic_normal_2","tints":[{"type":"minecraft:potion","default":-13083194}]}},{"threshold":9925055,"model":{"type":"model","model":"ero_feral_fantasy_set:rabbit_ears","tints":[{"type":"minecraft:potion","default":-13083194}]}},{"threshold":9925056,"model":{"type":"model","model":"ero_feral_fantasy_set:rabbit_tail_cosmetic","tints":[{"type":"minecraft:potion","default":-13083194}]}},{"threshold":9925057,"model":{"type":"model","model":"ero_feral_fantasy_set:rabbit_tail_cosmetic_self","tints":[{"type":"minecraft:potion","default":-13083194}]}},{"threshold":9925058,"model":{"type":"model","model":"ero_feral_fantasy_set:rabbit_tail_cosmetic_self_2","tints":[{"type":"minecraft:potion","default":-13083194}]}},{"threshold":9925059,"model":{"type":"model","model":"ero_feral_fantasy_set:rabbit_tail_cosmetic_normal_2","tints":[{"type":"minecraft:potion","default":-13083194}]}},{"threshold":9925060,"model":{"type":"model","model":"ero_feral_fantasy_set:tiger_ears","tints":[{"type":"minecraft:potion","default":-13083194}]}},{"threshold":9925061,"model":{"type":"model","model":"ero_feral_fantasy_set:tiger_tail_cosmetic","tints":[{"type":"minecraft:potion","default":-13083194}]}},{"threshold":9925062,"model":{"type":"model","model":"ero_feral_fantasy_set:tiger_tail_cosmetic_self","tints":[{"type":"minecraft:potion","default":-13083194}]}},{"threshold":9925063,"model":{"type":"model","model":"ero_feral_fantasy_set:tiger_tail_cosmetic_self_2","tints":[{"type":"minecraft:potion","default":-13083194}]}},{"threshold":9925064,"model":{"type":"model","model":"ero_feral_fantasy_set:tiger_tail_cosmetic_normal_2","tints":[{"type":"minecraft:potion","default":-13083194}]}},{"threshold":9925065,"model":{"type":"model","model":"ero_feral_fantasy_set:wolf_ears","tints":[{"type":"minecraft:potion","default":-13083194}]}},{"threshold":9925066,"model":{"type":"model","model":"ero_feral_fantasy_set:wolf_tail_cosmetic","tints":[{"type":"minecraft:potion","default":-13083194}]}},{"threshold":9925067,"model":{"type":"model","model":"ero_feral_fantasy_set:wolf_tail_cosmetic_self","tints":[{"type":"minecraft:potion","default":-13083194}]}},{"threshold":9925068,"model":{"type":"model","model":"ero_feral_fantasy_set:wolf_tail_cosmetic_self_2","tints":[{"type":"minecraft:potion","default":-13083194}]}},{"threshold":9925069,"model":{"type":"model","model":"ero_feral_fantasy_set:wolf_tail_cosmetic_normal_2","tints":[{"type":"minecraft:potion","default":-13083194}]}},{"threshold":9925070,"model":{"type":"model","model":"item/potion","tints":[{"type":"minecraft:potion","default":-13083194}]}}]},"oversized_in_gui":true}