{"credit":"Made with Blockbench","texture_size":[32,32],"textures":{"0":"cosmetic_expansion_v1:cutlass","particle":"cosmetic_expansion_v1:cutlass"},"elements":[{"from":[7,4,7],"to":[9,7,9],"faces":{"north":{"uv":[6.5,3,7.5,4.5],"texture":"#0"},"east":{"uv":[6.5,4.5,7.5,6],"texture":"#0"},"south":{"uv":[6.5,6,7.5,7.5],"texture":"#0"},"west":{"uv":[7,0,8,1.5],"texture":"#0"}}},{"from":[8,8,7],"to":[8,23,10],"faces":{"north":{"uv":[0,0,0,7.5],"texture":"#0"},"east":{"uv":[0,0,1.5,7.5],"texture":"#0"},"south":{"uv":[0,0,0,7.5],"texture":"#0"},"west":{"uv":[1.5,0,3,7.5],"texture":"#0"},"up":{"uv":[0,1.5,0,0],"texture":"#0"},"down":{"uv":[0,0,0,1.5],"texture":"#0"}}},{"from":[6.5,0,6.5],"to":[9.5,3,9.5],"faces":{"north":{"uv":[4,0,5.5,1.5],"texture":"#0","tintindex":0},"east":{"uv":[4,1.5,5.5,3],"texture":"#0","tintindex":0},"south":{"uv":[4,3,5.5,4.5],"texture":"#0","tintindex":0},"west":{"uv":[4,4.5,5.5,6],"texture":"#0","tintindex":0},"up":{"uv":[7,1.5,5.5,0],"texture":"#0","tintindex":0},"down":{"uv":[7,1.5,5.5,3],"texture":"#0","tintindex":0}}},{"from":[7,3,5],"to":[9,8,6],"faces":{"north":{"uv":[3,0,4,2.5],"texture":"#0","tintindex":0},"east":{"uv":[5,6,5.5,8.5],"texture":"#0","tintindex":0},"south":{"uv":[3,2.5,4,5],"texture":"#0","tintindex":0},"west":{"uv":[3,7,3.5,9.5],"texture":"#0","tintindex":0},"up":{"uv":[6.5,7.5,5.5,7],"texture":"#0","tintindex":0},"down":{"uv":[3,7.5,2,8],"texture":"#0","tintindex":0}}},{"from":[7,3,6],"to":[9,4,10],"faces":{"north":{"uv":[7.5,3,8.5,3.5],"texture":"#0","tintindex":0},"east":{"uv":[7,1.5,9,2],"texture":"#0","tintindex":0},"south":{"uv":[7.5,3.5,8.5,4],"texture":"#0","tintindex":0},"west":{"uv":[7,2,9,2.5],"texture":"#0","tintindex":0},"up":{"uv":[4,7,3,5],"texture":"#0","tintindex":0},"down":{"uv":[6.5,3,5.5,5],"texture":"#0","tintindex":0}}},{"from":[7,7,6],"to":[9,8,10],"faces":{"north":{"uv":[7.5,4,8.5,4.5],"texture":"#0","tintindex":0},"east":{"uv":[7,2.5,9,3],"texture":"#0","tintindex":0},"south":{"uv":[7.5,4.5,8.5,5],"texture":"#0","tintindex":0},"west":{"uv":[0,7.5,2,8],"texture":"#0","tintindex":0},"up":{"uv":[6.5,7,5.5,5],"texture":"#0","tintindex":0},"down":{"uv":[5,6,4,8],"texture":"#0","tintindex":0}}}],"display":{"thirdperson_righthand":{"rotation":[12.75,0,0],"translation":[0,2.75,2.25]}},"gui_light":"front"}