{"credit":"Made with Blockbench","texture_size":[64,64],"textures":{"1":"cosmetic_expansion_v1:egg_staff","particle":"#1"},"elements":[{"from":[7,-10,7],"to":[9,13,9],"faces":{"north":{"uv":[3,4,3.5,9.75],"texture":"#1"},"east":{"uv":[3.5,4,4,9.75],"texture":"#1"},"south":{"uv":[4,4,4.5,9.75],"texture":"#1"},"west":{"uv":[0,4.5,0.5,10.25],"texture":"#1"},"down":{"uv":[5,2.5,4.5,3],"texture":"#1"}}},{"from":[3,-10,6],"to":[7,-10,10],"rotation":{"angle":45,"axis":"z","origin":[7,-10,8]},"faces":{"north":{"uv":[0,0,1,0],"texture":"#1"},"east":{"uv":[0,0,1,0],"texture":"#1"},"south":{"uv":[0,0,1,0],"texture":"#1"},"west":{"uv":[0,0,1,0],"texture":"#1"},"up":{"uv":[5.5,2.5,4.5,1.5],"texture":"#1","tintindex":0},"down":{"uv":[3,4.5,2,5.5],"texture":"#1","tintindex":0}}},{"from":[9,-10,6],"to":[13,-10,10],"rotation":{"angle":-45,"axis":"z","origin":[9,-10,8]},"faces":{"north":{"uv":[1,0,0,0],"texture":"#1"},"east":{"uv":[1,0,0,0],"texture":"#1"},"south":{"uv":[1,0,0,0],"texture":"#1"},"west":{"uv":[1,0,0,0],"texture":"#1"},"up":{"uv":[4.5,2.5,5.5,1.5],"texture":"#1","tintindex":0},"down":{"uv":[2,4.5,3,5.5],"texture":"#1","tintindex":0}}},{"from":[6,-10,9],"to":[10,-10,13],"rotation":{"angle":45,"axis":"x","origin":[8,-10,9]},"faces":{"north":{"uv":[1,0,0,0],"texture":"#1"},"east":{"uv":[1,0,0,0],"texture":"#1"},"south":{"uv":[1,0,0,0],"texture":"#1"},"west":{"uv":[1,0,0,0],"texture":"#1"},"up":{"uv":[4.5,2.5,5.5,1.5],"rotation":90,"texture":"#1","tintindex":0},"down":{"uv":[2,4.5,3,5.5],"rotation":270,"texture":"#1","tintindex":0}}},{"from":[6,-10,3],"to":[10,-10,7],"rotation":{"angle":-45,"axis":"x","origin":[8,-10,7]},"faces":{"north":{"uv":[0,0,1,0],"texture":"#1"},"east":{"uv":[0,0,1,0],"texture":"#1"},"south":{"uv":[0,0,1,0],"texture":"#1"},"west":{"uv":[0,0,1,0],"texture":"#1"},"up":{"uv":[5.5,2.5,4.5,1.5],"rotation":90,"texture":"#1","tintindex":0},"down":{"uv":[3,4.5,2,5.5],"rotation":270,"texture":"#1","tintindex":0}}},{"from":[1,13,4],"to":[7,13,12],"rotation":{"angle":45,"axis":"z","origin":[7,13,8]},"faces":{"north":{"uv":[0,0,1.5,0],"texture":"#1"},"east":{"uv":[0,0,2,0],"texture":"#1"},"south":{"uv":[0,0,1.5,0],"texture":"#1"},"west":{"uv":[0,0,2,0],"texture":"#1"},"up":{"uv":[4.5,2,3,0],"texture":"#1","tintindex":0},"down":{"uv":[4.5,2,3,4],"texture":"#1","tintindex":0}}},{"from":[9,13,4],"to":[15,13,12],"rotation":{"angle":-45,"axis":"z","origin":[9,13,8]},"faces":{"north":{"uv":[1.5,0,0,0],"texture":"#1"},"east":{"uv":[2,0,0,0],"texture":"#1"},"south":{"uv":[1.5,0,0,0],"texture":"#1"},"west":{"uv":[2,0,0,0],"texture":"#1"},"up":{"uv":[3,2,4.5,0],"texture":"#1","tintindex":0},"down":{"uv":[3,2,4.5,4],"texture":"#1","tintindex":0}}},{"from":[4,14,9],"to":[12,14,15],"rotation":{"angle":45,"axis":"x","origin":[9,13,8]},"faces":{"north":{"uv":[2,0,0,0],"texture":"#1"},"east":{"uv":[1.5,0,0,0],"texture":"#1"},"south":{"uv":[2,0,0,0],"texture":"#1"},"west":{"uv":[1.5,0,0,0],"texture":"#1"},"up":{"uv":[3,2,4.5,0],"rotation":90,"texture":"#1","tintindex":0},"down":{"uv":[3,2,4.5,4],"rotation":270,"texture":"#1","tintindex":0}}},{"from":[4,14,1],"to":[12,14,7],"rotation":{"angle":-45,"axis":"x","origin":[9,13,8]},"faces":{"north":{"uv":[0,0,2,0],"texture":"#1"},"east":{"uv":[0,0,1.5,0],"texture":"#1"},"south":{"uv":[0,0,2,0],"texture":"#1"},"west":{"uv":[0,0,1.5,0],"texture":"#1"},"up":{"uv":[4.5,2,3,0],"rotation":90,"texture":"#1","tintindex":0},"down":{"uv":[4.5,2,3,4],"rotation":270,"texture":"#1","tintindex":0}}},{"from":[5,13,5],"to":[11,22,11],"faces":{"north":{"uv":[0,0,1.5,2.25],"texture":"#1"},"east":{"uv":[1.5,0,3,2.25],"texture":"#1"},"south":{"uv":[0,2.25,1.5,4.5],"texture":"#1"},"west":{"uv":[1.5,2.25,3,4.5],"texture":"#1"},"up":{"uv":[6,1.5,4.5,0],"texture":"#1"},"down":{"uv":[2,4.5,0.5,6],"texture":"#1"}}}],"display":{"thirdperson_righthand":{"translation":[0,2,2]},"gui":{"rotation":[30,225,0],"scale":[0.625,0.625,0.625]}},"gui_light":"front"}