{"credit":"Made with Blockbench","texture_size":[64,64],"textures":{"0":"cosmetic_expansion_v1:pirate_hat","particle":"cosmetic_expansion_v1:pirate_hat"},"elements":[{"from":[4,0,3],"to":[12,5,13],"faces":{"north":{"uv":[6.5,1.25,8.5,2.5],"texture":"#0"},"east":{"uv":[0,6.5,2.5,7.75],"texture":"#0"},"south":{"uv":[6.5,2.5,8.5,3.75],"texture":"#0"},"west":{"uv":[6.5,0,9,1.25],"texture":"#0"},"up":{"uv":[5,2.5,3,0],"texture":"#0"},"down":{"uv":[5,2.5,3,5],"texture":"#0"}}},{"from":[3.75,-2,3.75],"to":[12.25,0,12.25],"faces":{"north":{"uv":[7,6.25,9.25,6.75],"texture":"#0","tintindex":0},"east":{"uv":[2.5,7.5,4.75,8],"texture":"#0","tintindex":0},"south":{"uv":[4.75,7.5,7,8],"texture":"#0","tintindex":0},"west":{"uv":[7.5,6.75,9.75,7.25],"texture":"#0","tintindex":0}}},{"from":[4,0,2.75],"to":[12,7,2.75],"faces":{"north":{"uv":[3,5,5,6.75],"texture":"#0"},"east":{"uv":[0,0,0,1.75],"texture":"#0"},"south":{"uv":[5,5,7,6.75],"texture":"#0"},"west":{"uv":[0,0,0,1.75],"texture":"#0"},"up":{"uv":[2,0,0,0],"texture":"#0"},"down":{"uv":[2,0,0,0],"texture":"#0"}}},{"from":[0,2,3.1],"to":[6,4,12.9],"rotation":{"angle":22.5,"axis":"z","origin":[8,3.5,8]},"faces":{"north":{"uv":[7.5,8.25,9,8.75],"texture":"#0"},"south":{"uv":[0,8.5,1.5,9],"texture":"#0"},"west":{"uv":[7,5.25,9.5,5.75],"texture":"#0"},"up":{"uv":[1.5,6.5,0,4],"texture":"#0"},"down":{"uv":[3,4,1.5,6.5],"texture":"#0"}}},{"from":[-0.25,2,2.85],"to":[5,5,2.85],"rotation":{"angle":22.5,"axis":"z","origin":[8,3.5,8]},"faces":{"north":{"uv":[7,7.5,8.25,8.25],"texture":"#0"},"east":{"uv":[0,0,0,0.75],"texture":"#0"},"south":{"uv":[0,7.75,1.25,8.5],"texture":"#0"},"west":{"uv":[0,0,0,0.75],"texture":"#0"},"up":{"uv":[1.25,0,0,0],"texture":"#0"},"down":{"uv":[1.25,0,0,0],"texture":"#0"}}},{"from":[-0.25,2,2.85],"to":[-0.25,5,13.1],"rotation":{"angle":22.5,"axis":"z","origin":[8,3.5,8]},"faces":{"north":{"uv":[0,0,0,0.75],"texture":"#0"},"east":{"uv":[6.5,3.75,9,4.5],"texture":"#0"},"south":{"uv":[0,0,0,0.75],"texture":"#0"},"west":{"uv":[2.5,6.75,5,7.5],"texture":"#0"},"up":{"uv":[0,2.5,0,0],"texture":"#0"},"down":{"uv":[0,0,0,2.5],"texture":"#0"}}},{"from":[-0.25,2,13.1],"to":[5,5,13.1],"rotation":{"angle":22.5,"axis":"z","origin":[8,3.5,8]},"faces":{"north":{"uv":[1.25,7.75,2.5,8.5],"texture":"#0"},"east":{"uv":[0,0,0,0.75],"texture":"#0"},"south":{"uv":[2.5,8,3.75,8.75],"texture":"#0"},"west":{"uv":[0,0,0,0.75],"texture":"#0"},"up":{"uv":[1.25,0,0,0],"texture":"#0"},"down":{"uv":[1.25,0,0,0],"texture":"#0"}}},{"from":[10,2,3.1],"to":[16,4,12.9],"rotation":{"angle":-22.5,"axis":"z","origin":[8,3.5,8]},"faces":{"north":{"uv":[8.5,1.25,10,1.75],"texture":"#0"},"east":{"uv":[7,5.75,9.5,6.25],"texture":"#0"},"south":{"uv":[8.5,1.75,10,2.25],"texture":"#0"},"up":{"uv":[6.5,2.5,5,0],"texture":"#0"},"down":{"uv":[6.5,2.5,5,5],"texture":"#0"}}},{"from":[11,2,2.85],"to":[16.25,5,2.85],"rotation":{"angle":-22.5,"axis":"z","origin":[8,3.5,8]},"faces":{"north":{"uv":[3.75,8,5,8.75],"texture":"#0"},"east":{"uv":[0,0,0,0.75],"texture":"#0"},"south":{"uv":[5,8,6.25,8.75],"texture":"#0"},"west":{"uv":[0,0,0,0.75],"texture":"#0"},"up":{"uv":[1.25,0,0,0],"texture":"#0"},"down":{"uv":[1.25,0,0,0],"texture":"#0"}}},{"from":[16.25,2,2.85],"to":[16.25,5,13.1],"rotation":{"angle":-22.5,"axis":"z","origin":[8,3.5,8]},"faces":{"north":{"uv":[0,0,0,0.75],"texture":"#0"},"east":{"uv":[5,6.75,7.5,7.5],"texture":"#0"},"south":{"uv":[0,0,0,0.75],"texture":"#0"},"west":{"uv":[7,4.5,9.5,5.25],"texture":"#0"},"up":{"uv":[0,2.5,0,0],"texture":"#0"},"down":{"uv":[0,0,0,2.5],"texture":"#0"}}},{"from":[11,2,13.1],"to":[16.25,5,13.1],"rotation":{"angle":-22.5,"axis":"z","origin":[8,3.5,8]},"faces":{"north":{"uv":[6.25,8.25,7.5,9],"texture":"#0"},"east":{"uv":[0,0,0,0.75],"texture":"#0"},"south":{"uv":[8.25,7.25,9.5,8],"texture":"#0"},"west":{"uv":[0,0,0,0.75],"texture":"#0"},"up":{"uv":[1.25,0,0,0],"texture":"#0"},"down":{"uv":[1.25,0,0,0],"texture":"#0"}}},{"from":[3.75,0.5,3.5],"to":[3.75,8.5,15.5],"rotation":{"angle":-22.5,"axis":"x","origin":[4,4.5,9]},"faces":{"north":{"uv":[0,0,0,2],"texture":"#0"},"east":{"uv":[3,2,0,4],"texture":"#0","tintindex":0},"south":{"uv":[0,0,0,2],"texture":"#0"},"west":{"uv":[0,2,3,4],"texture":"#0","tintindex":0},"up":{"uv":[0,3,0,0],"texture":"#0"},"down":{"uv":[0,0,0,3],"texture":"#0"}}}],"display":{"thirdperson_righthand":{"rotation":[75,45,0],"translation":[0,2.5,0],"scale":[0.375,0.375,0.375]},"thirdperson_lefthand":{"rotation":[75,45,0],"translation":[0,2.5,0],"scale":[0.375,0.375,0.375]},"firstperson_righthand":{"rotation":[0,45,0],"scale":[0.4,0.4,0.4]},"firstperson_lefthand":{"rotation":[0,225,0],"scale":[0.4,0.4,0.4]},"ground":{"translation":[0,3,0],"scale":[0.25,0.25,0.25]},"gui":{"rotation":[30,225,0],"scale":[0.625,0.625,0.625]},"head":{"rotation":[6.75,0,0],"translation":[0,17.5,1.75],"scale":[1.6,1.6,1.6]},"fixed":{"scale":[0.5,0.5,0.5]}},"gui_light":"front"}