{"credit":"Made with Blockbench","texture_size":[64,64],"textures":{"1":"cosmetic_expansion_v1:treasure_chest","particle":"#1"},"elements":[{"from":[1,0,2],"to":[15,6,12],"faces":{"north":{"uv":[0,5,3.5,6.5],"texture":"#1"},"east":{"uv":[7,0,9.5,1.5],"texture":"#1"},"south":{"uv":[3.5,5,7,6.5],"texture":"#1"},"west":{"uv":[7,1.5,9.5,3],"texture":"#1"},"up":{"uv":[3.5,2.5,0,0],"texture":"#1"},"down":{"uv":[3.5,2.5,0,5],"texture":"#1"}}},{"from":[1,6,3],"to":[15,11,13],"rotation":{"angle":22.5,"axis":"x","origin":[8,8.5,12.5]},"faces":{"north":{"uv":[0,6.5,3.5,7.75],"texture":"#1"},"east":{"uv":[7,3,9.5,4.25],"texture":"#1"},"south":{"uv":[3.5,6.5,7,7.75],"texture":"#1"},"west":{"uv":[7,4.25,9.5,5.5],"texture":"#1"},"up":{"uv":[7,2.5,3.5,0],"texture":"#1"},"down":{"uv":[7,2.5,3.5,5],"texture":"#1"}}},{"from":[6,5,1],"to":[10,10,3],"rotation":{"angle":22.5,"axis":"x","origin":[8,8.5,12.5]},"faces":{"north":{"uv":[6,7.75,7,9],"texture":"#1"},"east":{"uv":[7.5,8.5,8,9.75],"texture":"#1"},"south":{"uv":[8.5,6.5,9.5,7.75],"texture":"#1"},"west":{"uv":[8.5,7.75,9,9],"texture":"#1"},"up":{"uv":[1,9.25,0,8.75],"texture":"#1"},"down":{"uv":[2,8.75,1,9.25],"texture":"#1"}}},{"from":[10,4,1],"to":[16,8,1],"rotation":{"angle":-22.5,"axis":"z","origin":[13,6,3]},"faces":{"north":{"uv":[7,5.5,8.5,6.5],"texture":"#1"},"east":{"uv":[0,0,0,1],"texture":"#1"},"south":{"uv":[7,6.5,8.5,7.5],"texture":"#1"},"west":{"uv":[0,0,0,1],"texture":"#1"},"up":{"uv":[1.5,0,0,0],"texture":"#1"},"down":{"uv":[1.5,0,0,0],"texture":"#1"}}},{"from":[16,4,1],"to":[16,8,7],"rotation":{"angle":-22.5,"axis":"z","origin":[13,6,3]},"faces":{"north":{"uv":[0,0,0,1],"texture":"#1"},"east":{"uv":[1.5,7.75,3,8.75],"texture":"#1"},"south":{"uv":[0,0,0,1],"texture":"#1"},"west":{"uv":[3,7.75,4.5,8.75],"texture":"#1"},"up":{"uv":[0,1.5,0,0],"texture":"#1"},"down":{"uv":[0,0,0,1.5],"texture":"#1"}}},{"from":[10,4,1],"to":[10,8,7],"rotation":{"angle":-22.5,"axis":"z","origin":[13,6,3]},"faces":{"north":{"uv":[0,0,0,1],"texture":"#1"},"east":{"uv":[4.5,7.75,6,8.75],"texture":"#1"},"south":{"uv":[0,0,0,1],"texture":"#1"},"west":{"uv":[8.5,5.5,10,6.5],"texture":"#1"},"up":{"uv":[0,1.5,0,0],"texture":"#1"},"down":{"uv":[0,0,0,1.5],"texture":"#1"}}},{"from":[10,4,7],"to":[16,8,7],"rotation":{"angle":-22.5,"axis":"z","origin":[13,6,3]},"faces":{"north":{"uv":[7,7.5,8.5,8.5],"texture":"#1"},"east":{"uv":[0,0,0,1],"texture":"#1"},"south":{"uv":[0,7.75,1.5,8.75],"texture":"#1"},"west":{"uv":[0,0,0,1],"texture":"#1"},"up":{"uv":[1.5,0,0,0],"texture":"#1"},"down":{"uv":[1.5,0,0,0],"texture":"#1"}}},{"from":[0.9,-3.9,6],"to":[5,6.1,8],"faces":{"west":{"uv":[7,8.5,7.5,11],"texture":"#1","tintindex":0},"up":{"uv":[3,9.25,2,8.75],"texture":"#1","tintindex":0}}}],"display":{"thirdperson_righthand":{"rotation":[90,180,0],"translation":[-6,-9,9]},"head":{"rotation":[180,0,180],"translation":[0,-48.25,8.75],"scale":[1.4,1.4,1.4]}},"gui_light":"front"}