{"providers":[{"file":"hmccosmetics:icons/cosmetics_gui.png","chars":[""],"height":256,"ascent":14,"type":"bitmap"},{"file":"hmccosmetics:icons/dye_menu.png","chars":[""],"height":256,"ascent":14,"type":"bitmap"},{"file":"hmccosmetics:icons/colorful.png","chars":[""],"height":8,"ascent":8,"type":"bitmap"},{"file":"hmccosmetics:icons/title.png","chars":[""],"height":256,"ascent":128,"type":"bitmap"},{"file":"hmccosmetics:icons/shade.png","chars":[""],"height":16,"ascent":-5,"type":"bitmap"},{"file":"hmccosmetics:icons/shade.png","chars":[""],"height":16,"ascent":-23,"type":"bitmap"},{"file":"hmccosmetics:icons/shade.png","chars":[""],"height":16,"ascent":-41,"type":"bitmap"},{"file":"hmccosmetics:icons/shade.png","chars":[""],"height":16,"ascent":-59,"type":"bitmap"},{"file":"hmccosmetics:icons/shade.png","chars":[""],"height":16,"ascent":-77,"type":"bitmap"},{"file":"hmccosmetics:icons/shade.png","chars":[""],"height":16,"ascent":-95,"type":"bitmap"},{"file":"hmccosmetics:icons/clear_image.png","chars":[""],"height":16,"ascent":-5,"type":"bitmap"},{"file":"hmccosmetics:icons/clear_image.png","chars":[""],"height":16,"ascent":-23,"type":"bitmap"},{"file":"hmccosmetics:icons/clear_image.png","chars":[""],"height":16,"ascent":-41,"type":"bitmap"},{"file":"hmccosmetics:icons/clear_image.png","chars":[""],"height":16,"ascent":-59,"type":"bitmap"},{"file":"hmccosmetics:icons/clear_image.png","chars":[""],"height":16,"ascent":-77,"type":"bitmap"},{"file":"hmccosmetics:icons/clear_image.png","chars":[""],"height":16,"ascent":-95,"type":"bitmap"},{"file":"emojis:emojis/amongus.png","chars":["ご"],"height":7,"ascent":6,"type":"bitmap"},{"file":"emojis:emojis/angel.png","chars":["こ"],"height":7,"ascent":6,"type":"bitmap"},{"file":"emojis:emojis/angry.png","chars":["げ"],"height":7,"ascent":6,"type":"bitmap"},{"file":"emojis:emojis/broken_heart.png","chars":["け"],"height":7,"ascent":6,"type":"bitmap"},{"file":"emojis:emojis/concerned.png","chars":["ぐ"],"height":7,"ascent":6,"type":"bitmap"},{"file":"emojis:emojis/confused.png","chars":["く"],"height":7,"ascent":6,"type":"bitmap"},{"file":"emojis:emojis/contagious.png","chars":["ぎ"],"height":7,"ascent":6,"type":"bitmap"},{"file":"emojis:emojis/cry.png","chars":["き"],"height":7,"ascent":6,"type":"bitmap"},{"file":"emojis:emojis/demon.png","chars":["が"],"height":7,"ascent":6,"type":"bitmap"},{"file":"emojis:emojis/dislike.png","chars":["か"],"height":7,"ascent":6,"type":"bitmap"},{"file":"emojis:emojis/elegant.png","chars":["お"],"height":7,"ascent":6,"type":"bitmap"},{"file":"emojis:emojis/eyes_hearts.png","chars":["ぉ"],"height":7,"ascent":6,"type":"bitmap"},{"file":"emojis:emojis/eyes.png","chars":["ㅆ"],"height":7,"ascent":6,"type":"bitmap"},{"file":"emojis:emojis/frozen.png","chars":["ㅅ"],"height":7,"ascent":6,"type":"bitmap"},{"file":"emojis:emojis/gg.png","chars":["ㅄ"],"height":7,"ascent":6,"type":"bitmap"},{"file":"emojis:emojis/gif.png","chars":["ㅃ"],"height":7,"ascent":6,"type":"bitmap"},{"file":"emojis:emojis/fascinated.png","chars":["ㅂ"],"height":7,"ascent":6,"type":"bitmap"},{"file":"emojis:emojis/joy.png","chars":["ㅁ"],"height":7,"ascent":6,"type":"bitmap"},{"file":"emojis:emojis/like.png","chars":["ㅀ"],"height":7,"ascent":6,"type":"bitmap"},{"file":"emojis:emojis/nausea.png","chars":["ㄿ"],"height":7,"ascent":6,"type":"bitmap"},{"file":"emojis:emojis/nerd.png","chars":["ㄾ"],"height":7,"ascent":6,"type":"bitmap"},{"file":"emojis:emojis/pull_tongue.png","chars":["ㄽ"],"height":7,"ascent":6,"type":"bitmap"},{"file":"emojis:emojis/fachero.png","chars":["ㄼ"],"height":7,"ascent":6,"type":"bitmap"},{"file":"emojis:emojis/sad.png","chars":["ㄻ"],"height":7,"ascent":6,"type":"bitmap"},{"file":"emojis:emojis/scream.png","chars":["ㄺ"],"height":7,"ascent":6,"type":"bitmap"},{"file":"emojis:emojis/skull.png","chars":["ㄹ"],"height":7,"ascent":6,"type":"bitmap"},{"file":"emojis:emojis/sleeping.png","chars":["ㄸ"],"height":7,"ascent":6,"type":"bitmap"},{"file":"emojis:emojis/smiling.png","chars":["ㄷ"],"height":7,"ascent":6,"type":"bitmap"},{"file":"emojis:emojis/stunned.png","chars":["ㄶ"],"height":7,"ascent":6,"type":"bitmap"},{"file":"emojis:emojis/to_sigh.png","chars":["ㄵ"],"height":7,"ascent":6,"type":"bitmap"},{"file":"emojis:emojis/vomit.png","chars":["ㄴ"],"height":7,"ascent":6,"type":"bitmap"},{"file":"emojis:emojis/wink.png","chars":["ㄳ"],"height":7,"ascent":6,"type":"bitmap"},{"file":"emojis:emojis/without_expresion.png","chars":["ㄲ"],"height":7,"ascent":6,"type":"bitmap"},{"file":"emojis:emojis/yellow_heart.png","chars":["ㄱ"],"height":7,"ascent":6,"type":"bitmap"},{"file":"emojis:emojis/purple_heart.png","chars":["み"],"height":7,"ascent":6,"type":"bitmap"},{"file":"emojis:emojis/heart.png","chars":["ま"],"height":7,"ascent":6,"type":"bitmap"},{"file":"emojis:emojis/green_heart.png","chars":["ぽ"],"height":7,"ascent":6,"type":"bitmap"},{"file":"emojis:emojis/blue_heart.png","chars":["ぼ"],"height":7,"ascent":6,"type":"bitmap"},{"file":"emojis:emojis/rainbow_star.png","chars":["え"],"height":7,"ascent":6,"type":"bitmap"},{"file":"emojis:emojis/exo_blue_star.png","chars":["ぇ"],"height":7,"ascent":6,"type":"bitmap"},{"file":"emojis:emojis/orange_star.png","chars":["う"],"height":7,"ascent":6,"type":"bitmap"},{"file":"emojis:emojis/blue_star.png","chars":["ぅ"],"height":7,"ascent":6,"type":"bitmap"},{"file":"emojis:emojis/yellow_star.png","chars":["い"],"height":7,"ascent":6,"type":"bitmap"},{"file":"emojis:emojis/green_star.png","chars":["ぃ"],"height":7,"ascent":6,"type":"bitmap"},{"file":"emojis:emojis/purple_star.png","chars":["あ"],"height":7,"ascent":6,"type":"bitmap"},{"file":"emojis:emojis/red_star.png","chars":["ぁ"],"height":7,"ascent":6,"type":"bitmap"},{"file":"_iainternal:gui/no_recipe.png","chars":[""],"height":170,"ascent":47,"type":"bitmap"},{"file":"_iainternal:gui/crafting.png","chars":[""],"height":170,"ascent":47,"type":"bitmap"},{"file":"_iainternal:gui/cooking.png","chars":[""],"height":170,"ascent":47,"type":"bitmap"},{"file":"_iainternal:gui/blank_menu.png","chars":[""],"height":170,"ascent":47,"type":"bitmap"},{"file":"_iainternal:gui/anvil_repair.png","chars":[""],"height":170,"ascent":47,"type":"bitmap"},{"file":"_iainternal:gui/smithing.png","chars":[""],"height":170,"ascent":47,"type":"bitmap"},{"file":"icons:font/logo/exodusmc_lobbyscoreboard.png","chars":[""],"height":40,"ascent":30,"type":"bitmap"},{"file":"icons:font/logo/exodusmc_tab.png","chars":[""],"height":30,"ascent":20,"type":"bitmap"},{"file":"icons:font/logo/scoreboard_title2.png","chars":[""],"height":30,"ascent":25,"type":"bitmap"},{"file":"icons:font/logo/scoreboard_dungeon.png","chars":[""],"height":30,"ascent":25,"type":"bitmap"},{"file":"icons:font/logo/scoreboard_darkzone.png","chars":[""],"height":30,"ascent":25,"type":"bitmap"},{"file":"icons:font/logo/scoreboard_farming.png","chars":[""],"height":30,"ascent":25,"type":"bitmap"},{"file":"icons:font/logo/scoreboard_mining.png","chars":[""],"height":30,"ascent":25,"type":"bitmap"},{"file":"icons:font/logo/scoreboard_slayer.png","chars":[""],"height":30,"ascent":25,"type":"bitmap"},{"file":"icons:font/logo/scoreboard_forest.png","chars":[""],"height":30,"ascent":25,"type":"bitmap"},{"file":"icons:font/logo/scoreboard_fishing.png","chars":[""],"height":30,"ascent":25,"type":"bitmap"},{"file":"icons:font/logo/scoreboard_title_gens.png","chars":[""],"height":25,"ascent":25,"type":"bitmap"},{"file":"icons:font/logo/scoreboard_title_gens.png","chars":[""],"height":35,"ascent":35,"type":"bitmap"},{"file":"icons:font/logo/mining_title.png","chars":[""],"height":25,"ascent":25,"type":"bitmap"},{"file":"icons:font/logo/forests_title.png","chars":[""],"height":25,"ascent":25,"type":"bitmap"},{"file":"icons:font/logo/slayer_title.png","chars":[""],"height":25,"ascent":25,"type":"bitmap"},{"file":"icons:font/logo/fishing_title.png","chars":[""],"height":25,"ascent":25,"type":"bitmap"},{"file":"icons:font/logo/dungeon_title.png","chars":[""],"height":25,"ascent":25,"type":"bitmap"},{"file":"icons:font/logo/bossworld_title.png","chars":[""],"height":25,"ascent":25,"type":"bitmap"},{"file":"icons:font/logo/farming_title.png","chars":[""],"height":25,"ascent":25,"type":"bitmap"},{"file":"icons:font/logo/prison_title.png","chars":[""],"height":25,"ascent":25,"type":"bitmap"},{"file":"magiccosmetics:menu/menu.png","chars":[""],"height":255,"ascent":45,"type":"bitmap"},{"file":"magiccosmetics:menu/menu2.png","chars":[""],"height":255,"ascent":59,"type":"bitmap"},{"file":"magiccosmetics:menu/trade.png","chars":[""],"height":255,"ascent":98,"type":"bitmap"},{"file":"magiccosmetics:menu/screen.png","chars":[""],"height":1500,"ascent":70,"type":"bitmap"},{"file":"magiccosmetics:menu/slot_selected.png","chars":["쌃"],"height":23,"ascent":-4,"type":"bitmap"},{"file":"magiccosmetics:menu/slot_selected.png","chars":[""],"height":20,"ascent":-94,"type":"bitmap"},{"file":"magiccosmetics:menu/black.png","chars":[""],"height":5,"ascent":-5000,"type":"bitmap"},{"file":"magiccosmetics:menu/pixel_split.png","chars":[""],"height":-3,"ascent":-32768,"type":"bitmap"},{"file":"magiccosmetics:menu/pixel_split.png","chars":[""],"height":-4,"ascent":-32678,"type":"bitmap"},{"file":"magiccosmetics:menu/pixel_split.png","chars":[""],"height":-5,"ascent":-32768,"type":"bitmap"},{"file":"magiccosmetics:menu/pixel_split.png","chars":[""],"height":-6,"ascent":-32768,"type":"bitmap"},{"file":"magiccosmetics:menu/pixel_split.png","chars":[""],"height":-7,"ascent":-32768,"type":"bitmap"},{"file":"magiccosmetics:menu/pixel_split.png","chars":[""],"height":-8,"ascent":-32768,"type":"bitmap"},{"file":"magiccosmetics:menu/pixel_split.png","chars":[""],"height":-9,"ascent":-32768,"type":"bitmap"},{"file":"magiccosmetics:menu/pixel_split.png","chars":[""],"height":-10,"ascent":-32768,"type":"bitmap"},{"file":"magiccosmetics:menu/pixel_split.png","chars":[""],"height":-18,"ascent":-32768,"type":"bitmap"},{"file":"magiccosmetics:menu/pixel_split.png","chars":[""],"height":-34,"ascent":-32768,"type":"bitmap"},{"file":"magiccosmetics:menu/pixel_split.png","chars":[""],"height":-66,"ascent":-32768,"type":"bitmap"},{"file":"magiccosmetics:menu/slot_locked.png","chars":["쌥"],"height":32,"ascent":-40,"type":"bitmap"},{"file":"magiccosmetics:menu/slot_locked.png","chars":["쌦"],"height":32,"ascent":-58,"type":"bitmap"},{"file":"magiccosmetics:menu/slot_locked.png","chars":["쌧"],"height":32,"ascent":-76,"type":"bitmap"},{"file":"magiccosmetics:menu/slot_locked.png","chars":["쌨"],"height":32,"ascent":-94,"type":"bitmap"},{"file":"magiccosmetics:menu/selected.png","chars":["쌉"],"height":32,"ascent":-3,"type":"bitmap"},{"file":"magiccosmetics:menu/selected.png","chars":["쌊"],"height":32,"ascent":-21,"type":"bitmap"},{"file":"magiccosmetics:menu/selected.png","chars":["쌋"],"height":32,"ascent":-39,"type":"bitmap"},{"file":"magiccosmetics:menu/selected.png","chars":["쌌"],"height":32,"ascent":-57,"type":"bitmap"},{"file":"magiccosmetics:menu/selected.png","chars":["쌍"],"height":32,"ascent":-75,"type":"bitmap"},{"file":"magiccosmetics:menu/selected.png","chars":["쌎"],"height":32,"ascent":-93,"type":"bitmap"},{"file":"_iainternal:hud/small_cooldown_bar/0.png","chars":[""],"height":22,"ascent":-42,"type":"bitmap"},{"file":"_iainternal:hud/small_cooldown_bar/1.png","chars":[""],"height":22,"ascent":-42,"type":"bitmap"},{"file":"_iainternal:hud/small_cooldown_bar/2.png","chars":[""],"height":22,"ascent":-42,"type":"bitmap"},{"file":"_iainternal:hud/small_cooldown_bar/3.png","chars":[""],"height":22,"ascent":-42,"type":"bitmap"},{"file":"_iainternal:hud/small_cooldown_bar/4.png","chars":[""],"height":22,"ascent":-42,"type":"bitmap"},{"file":"_iainternal:hud/small_cooldown_bar/5.png","chars":[""],"height":22,"ascent":-42,"type":"bitmap"},{"file":"_iainternal:hud/small_cooldown_bar/6.png","chars":[""],"height":22,"ascent":-42,"type":"bitmap"},{"file":"_iainternal:hud/small_cooldown_bar/7.png","chars":[""],"height":22,"ascent":-42,"type":"bitmap"},{"file":"_iainternal:hud/small_cooldown_bar/8.png","chars":[""],"height":22,"ascent":-42,"type":"bitmap"},{"file":"_iainternal:hud/small_cooldown_bar/9.png","chars":[""],"height":22,"ascent":-42,"type":"bitmap"},{"file":"_iainternal:hud/small_cooldown_bar/10.png","chars":[""],"height":22,"ascent":-42,"type":"bitmap"},{"file":"_iainternal:hud/small_cooldown_bar/11.png","chars":[""],"height":22,"ascent":-42,"type":"bitmap"},{"file":"_iainternal:hud/small_cooldown_bar/12.png","chars":[""],"height":22,"ascent":-42,"type":"bitmap"},{"file":"_iainternal:hud/small_cooldown_bar/13.png","chars":[""],"height":22,"ascent":-42,"type":"bitmap"},{"file":"_iainternal:hud/small_cooldown_bar/14.png","chars":[""],"height":22,"ascent":-42,"type":"bitmap"},{"file":"_iainternal:hud/small_cooldown_bar/15.png","chars":[""],"height":22,"ascent":-42,"type":"bitmap"},{"file":"_iainternal:hud/small_cooldown_bar/16.png","chars":[""],"height":22,"ascent":-42,"type":"bitmap"},{"file":"_iainternal:hud/small_cooldown_bar/17.png","chars":[""],"height":22,"ascent":-42,"type":"bitmap"},{"file":"_iainternal:hud/small_cooldown_bar/18.png","chars":[""],"height":22,"ascent":-42,"type":"bitmap"},{"file":"_iainternal:hud/small_cooldown_bar/19.png","chars":[""],"height":22,"ascent":-42,"type":"bitmap"},{"file":"_iainternal:hud/small_cooldown_bar/20.png","chars":[""],"height":22,"ascent":-42,"type":"bitmap"},{"file":"char/black.png","chars":[""],"height":1,"ascent":-5000,"type":"bitmap"},{"file":"char/black.png","chars":[""],"height":2,"ascent":-5000,"type":"bitmap"},{"file":"char/black.png","chars":[""],"height":3,"ascent":-5000,"type":"bitmap"},{"file":"char/black.png","chars":[""],"height":4,"ascent":-5000,"type":"bitmap"},{"file":"char/black.png","chars":[""],"height":5,"ascent":-5000,"type":"bitmap"},{"file":"char/black.png","chars":[""],"height":6,"ascent":-5000,"type":"bitmap"},{"file":"char/black.png","chars":[""],"height":7,"ascent":-5000,"type":"bitmap"},{"file":"char/black.png","chars":[""],"height":15,"ascent":-5000,"type":"bitmap"},{"file":"char/black.png","chars":[""],"height":31,"ascent":-5000,"type":"bitmap"},{"file":"char/black.png","chars":[""],"height":63,"ascent":-5000,"type":"bitmap"},{"file":"char/black.png","chars":[""],"height":127,"ascent":-5000,"type":"bitmap"},{"file":"char/black.png","chars":[""],"height":256,"ascent":-5000,"type":"bitmap"},{"file":"char/black.png","chars":[""],"height":512,"ascent":-5000,"type":"bitmap"},{"file":"char/black.png","chars":[""],"height":1024,"ascent":-5000,"type":"bitmap"},{"file":"char/black.png","chars":[""],"height":-3,"ascent":-5000,"type":"bitmap"},{"file":"char/black.png","chars":[""],"height":-4,"ascent":-5000,"type":"bitmap"},{"file":"char/black.png","chars":[""],"height":-5,"ascent":-5000,"type":"bitmap"},{"file":"char/black.png","chars":[""],"height":-6,"ascent":-5000,"type":"bitmap"},{"file":"char/black.png","chars":[""],"height":-7,"ascent":-5000,"type":"bitmap"},{"file":"char/black.png","chars":[""],"height":-8,"ascent":-5000,"type":"bitmap"},{"file":"char/black.png","chars":[""],"height":-9,"ascent":-5000,"type":"bitmap"},{"file":"char/black.png","chars":[""],"height":-10,"ascent":-5000,"type":"bitmap"},{"file":"char/black.png","chars":[""],"height":-18,"ascent":-5000,"type":"bitmap"},{"file":"char/black.png","chars":[""],"height":-34,"ascent":-5000,"type":"bitmap"},{"file":"char/black.png","chars":[""],"height":-66,"ascent":-5000,"type":"bitmap"},{"file":"char/black.png","chars":[""],"height":-130,"ascent":-5000,"type":"bitmap"},{"file":"char/black.png","chars":[""],"height":-259,"ascent":-5000,"type":"bitmap"},{"file":"char/black.png","chars":[""],"height":-515,"ascent":-5000,"type":"bitmap"},{"file":"char/black.png","chars":[""],"height":-1027,"ascent":-5000,"type":"bitmap"}],"gui_light":"front"}