{"credit":"Made with Blockbench","texture_size":[128,128],"textures":{"2":"animated_wings:angelic_wings","particle":"#2"},"elements":[{"from":[10.58765,2.26733,9.56788],"to":[12.59765,8.77733,10.57788],"rotation":{"angle":-22.5,"axis":"z","origin":[8.84265,7.52233,10.07288]},"faces":{"north":{"uv":[5.125,0,4.625,1.625],"texture":"#2"},"east":{"uv":[5.125,1.625,5.375,3.25],"texture":"#2"},"south":{"uv":[4.625,0,5.125,1.625],"texture":"#2"},"west":{"uv":[5.125,0,5.375,1.625],"texture":"#2"},"up":{"uv":[5.375,2.25,5.875,2.5],"texture":"#2"},"down":{"uv":[5.375,2.75,5.875,2.5],"texture":"#2"}}},{"from":[17.5,4.5,9.57288],"to":[19,9,10.57288],"rotation":{"angle":22.5,"axis":"z","origin":[9,-9.75,10.07288]},"faces":{"north":{"uv":[5,4.25,4.625,5.375],"texture":"#2"},"east":{"uv":[5.375,1.125,5.625,2.25],"texture":"#2"},"south":{"uv":[4.625,4.25,5,5.375],"texture":"#2"},"west":{"uv":[5.375,0,5.625,1.125],"texture":"#2"},"up":{"uv":[5.375,2.75,5.75,3],"texture":"#2"},"down":{"uv":[5.375,3.25,5.75,3],"texture":"#2"}}},{"from":[10.6268,9.70425,9.57288],"to":[21,10.70425,10.57288],"rotation":{"angle":-22.5,"axis":"z","origin":[12.59297,9.95425,10.07288]},"faces":{"north":{"uv":[7.25,3.25,4.625,3.5],"texture":"#2"},"east":{"uv":[5.375,4.5,5.625,4.75],"texture":"#2"},"south":{"uv":[4.625,3.25,7.25,3.5],"texture":"#2"},"west":{"uv":[5.375,4.25,5.625,4.5],"texture":"#2"},"up":{"uv":[4.625,3.75,7.25,4],"texture":"#2"},"down":{"uv":[4.625,4.25,7.25,4],"texture":"#2"}}},{"from":[10,-1.5,10.07288],"to":[28.5,11,10.07288],"rotation":{"angle":0,"axis":"y","origin":[8.84265,7.52233,10.07288]},"faces":{"north":{"uv":[4.625,0,0,3.125],"texture":"#2"},"east":{"uv":[0,0,0,3.125],"texture":"#2"},"south":{"uv":[0,0,4.625,3.125],"texture":"#2"},"west":{"uv":[0,0,0,3.125],"texture":"#2"},"up":{"uv":[0,0,4.625,0],"texture":"#2"},"down":{"uv":[0,0,4.625,0],"texture":"#2"}}},{"from":[10,-2,10.6],"to":[19.5,4,10.6],"rotation":{"angle":0,"axis":"y","origin":[9.9866,1,11.1]},"faces":{"north":{"uv":[2.375,3.125,0,4.625],"texture":"#2"},"east":{"uv":[0,0,0,1.5],"texture":"#2"},"south":{"uv":[0,3.125,2.375,4.625],"texture":"#2"},"west":{"uv":[0,0,0,1.5],"texture":"#2"},"up":{"uv":[0,0,2.375,0],"texture":"#2"},"down":{"uv":[0,0,2.375,0],"texture":"#2"}}},{"from":[9.80245,-2,10.59516],"to":[19.30245,4,10.59516],"rotation":{"angle":-22.5,"axis":"y","origin":[9.88905,1,11.09516]},"faces":{"north":{"uv":[2.375,4.625,0,6.125],"texture":"#2"},"east":{"uv":[0,0,0,1.5],"texture":"#2"},"south":{"uv":[0,4.625,2.375,6.125],"texture":"#2"},"west":{"uv":[0,0,0,1.5],"texture":"#2"},"up":{"uv":[0,0,2.375,0],"texture":"#2"},"down":{"uv":[0,0,2.375,0],"texture":"#2"}}},{"from":[9.5925,-2,10.58579],"to":[19.0925,4,10.58579],"rotation":{"angle":-45,"axis":"y","origin":[9.7791,1,11.08579]},"faces":{"north":{"uv":[2.375,6.125,0,7.625],"texture":"#2"},"east":{"uv":[0,0,0,1.5],"texture":"#2"},"south":{"uv":[0,6.125,2.375,7.625],"texture":"#2"},"west":{"uv":[0,0,0,1.5],"texture":"#2"},"up":{"uv":[0,0,2.375,0],"texture":"#2"},"down":{"uv":[0,0,2.375,0],"texture":"#2"}}},{"from":[10.3768,9.45425,9.32288],"to":[21.25,10.95425,10.82288],"rotation":{"angle":-22.5,"axis":"z","origin":[12.59297,9.95425,10.07288]},"faces":{"north":{"uv":[5.375,5,8,5.25],"texture":"#2"},"east":{"uv":[4.25,3.625,4.5,3.875],"texture":"#2"},"south":{"uv":[5.375,4.75,8,5],"texture":"#2"},"west":{"uv":[4.25,3.375,4.5,3.625],"texture":"#2"},"up":{"uv":[5.625,0,8.25,0.25],"texture":"#2"},"down":{"uv":[5.625,0.5,8.25,0.25],"texture":"#2"}}},{"from":[-5.25,9.45425,9.32288],"to":[5.6232,10.95425,10.82288],"rotation":{"angle":22.5,"axis":"z","origin":[3.40703,9.95425,10.07288]},"faces":{"north":{"uv":[8,5,5.375,5.25],"texture":"#2"},"east":{"uv":[4.5,3.375,4.25,3.625],"texture":"#2"},"south":{"uv":[8,4.75,5.375,5],"texture":"#2"},"west":{"uv":[4.5,3.625,4.25,3.875],"texture":"#2"},"up":{"uv":[8.25,0,5.625,0.25],"texture":"#2"},"down":{"uv":[8.25,0.5,5.625,0.25],"texture":"#2"}}},{"from":[-3.5,-2,10.6],"to":[6,4,10.6],"rotation":{"angle":0,"axis":"y","origin":[6.0134,1,11.1]},"faces":{"north":{"uv":[0,3.125,2.375,4.625],"texture":"#2"},"east":{"uv":[0,0,0,1.5],"texture":"#2"},"south":{"uv":[2.375,3.125,0,4.625],"texture":"#2"},"west":{"uv":[0,0,0,1.5],"texture":"#2"},"up":{"uv":[2.375,0,0,0],"texture":"#2"},"down":{"uv":[2.375,0,0,0],"texture":"#2"}}},{"from":[-12.5,-1.5,10.07288],"to":[6,11,10.07288],"rotation":{"angle":0,"axis":"y","origin":[7.15735,7.52233,10.07288]},"faces":{"north":{"uv":[0,0,4.625,3.125],"texture":"#2"},"east":{"uv":[0,0,0,3.125],"texture":"#2"},"south":{"uv":[4.625,0,0,3.125],"texture":"#2"},"west":{"uv":[0,0,0,3.125],"texture":"#2"},"up":{"uv":[4.625,0,0,0],"texture":"#2"},"down":{"uv":[4.625,0,0,0],"texture":"#2"}}},{"from":[-5,9.70425,9.57288],"to":[5.3732,10.70425,10.57288],"rotation":{"angle":22.5,"axis":"z","origin":[3.40703,9.95425,10.07288]},"faces":{"north":{"uv":[4.625,3.25,7.25,3.5],"texture":"#2"},"east":{"uv":[5.625,4.25,5.375,4.5],"texture":"#2"},"south":{"uv":[7.25,3.25,4.625,3.5],"texture":"#2"},"west":{"uv":[5.625,4.5,5.375,4.75],"texture":"#2"},"up":{"uv":[7.25,3.75,4.625,4],"texture":"#2"},"down":{"uv":[7.25,4.25,4.625,4],"texture":"#2"}}},{"from":[-3,4.5,9.57288],"to":[-1.5,9,10.57288],"rotation":{"angle":-22.5,"axis":"z","origin":[7,-9.75,10.07288]},"faces":{"north":{"uv":[4.625,4.25,5,5.375],"texture":"#2"},"east":{"uv":[5.625,0,5.375,1.125],"texture":"#2"},"south":{"uv":[5,4.25,4.625,5.375],"texture":"#2"},"west":{"uv":[5.625,1.125,5.375,2.25],"texture":"#2"},"up":{"uv":[5.75,2.75,5.375,3],"texture":"#2"},"down":{"uv":[5.75,3.25,5.375,3],"texture":"#2"}}},{"from":[3.40235,2.26733,9.56788],"to":[5.41235,8.77733,10.57788],"rotation":{"angle":22.5,"axis":"z","origin":[7.15735,7.52233,10.07288]},"faces":{"north":{"uv":[4.625,0,5.125,1.625],"texture":"#2"},"east":{"uv":[5.375,0,5.125,1.625],"texture":"#2"},"south":{"uv":[5.125,0,4.625,1.625],"texture":"#2"},"west":{"uv":[5.375,1.625,5.125,3.25],"texture":"#2"},"up":{"uv":[5.875,2.25,5.375,2.5],"texture":"#2"},"down":{"uv":[5.875,2.75,5.375,2.5],"texture":"#2"}}},{"from":[-3.30245,-2,10.59516],"to":[6.19755,4,10.59516],"rotation":{"angle":22.5,"axis":"y","origin":[6.11095,1,11.09516]},"faces":{"north":{"uv":[0,4.625,2.375,6.125],"texture":"#2"},"east":{"uv":[0,0,0,1.5],"texture":"#2"},"south":{"uv":[2.375,4.625,0,6.125],"texture":"#2"},"west":{"uv":[0,0,0,1.5],"texture":"#2"},"up":{"uv":[2.375,0,0,0],"texture":"#2"},"down":{"uv":[2.375,0,0,0],"texture":"#2"}}},{"from":[-3.0925,-2,10.58579],"to":[6.4075,4,10.58579],"rotation":{"angle":45,"axis":"y","origin":[6.2209,1,11.08579]},"faces":{"north":{"uv":[0,6.125,2.375,7.625],"texture":"#2"},"east":{"uv":[0,0,0,1.5],"texture":"#2"},"south":{"uv":[2.375,6.125,0,7.625],"texture":"#2"},"west":{"uv":[0,0,0,1.5],"texture":"#2"},"up":{"uv":[2.375,0,0,0],"texture":"#2"},"down":{"uv":[2.375,0,0,0],"texture":"#2"}}}],"gui_light":"front","display":{"thirdperson_righthand":{"translation":[0,0,-1.25],"scale":[0.5,0.5,0.5]},"thirdperson_lefthand":{"translation":[0,0,-1.25],"scale":[0.5,0.5,0.5]},"firstperson_righthand":{"translation":[1.75,5.25,2],"scale":[0.5,0.5,0.5]},"firstperson_lefthand":{"translation":[1.75,5.25,2],"scale":[0.5,0.5,0.5]},"ground":{"translation":[0,5.25,0],"scale":[0.5,0.5,0.5]},"gui":{"rotation":[0,0,-45],"translation":[2.25,2.25,0],"scale":[0.5,0.5,0.5]},"head":{"rotation":[4,0,0],"translation":[0,-50,0.5],"scale":[2,2,2]},"fixed":{"rotation":[0,0,45],"translation":[-1.5,2,-0.75],"scale":[0.5,0.5,0.5]}}}