{"credit":"Made with Blockbench","texture_size":[64,64],"textures":{"2":"animated_wings:scifi_wings","particle":"#2"},"elements":[{"from":[7.08267,3.87721,8.48],"to":[9.62267,5.91721,9.52],"rotation":{"angle":22.5,"axis":"z","origin":[11.10267,9.14721,9]},"faces":{"north":{"uv":[5.5,7.5,6.125,8],"texture":"#2"},"east":{"uv":[0.75,7.75,1,8.25],"texture":"#2"},"south":{"uv":[6.25,7.5,6.875,8],"texture":"#2"},"west":{"uv":[1,7.75,1.25,8.25],"texture":"#2"},"up":{"uv":[8.125,7.75,7.5,7.5],"texture":"#2"},"down":{"uv":[0.625,7.75,0,8],"texture":"#2"}}},{"from":[11.69702,4.38158,8.4875],"to":[12.72202,10.90658,9.5125],"rotation":{"angle":-22.5,"axis":"z","origin":[11.70952,8.14408,9]},"faces":{"north":{"uv":[4.5,7.5,4.75,9.125],"texture":"#2"},"east":{"uv":[4.75,7.5,5,9.125],"texture":"#2"},"south":{"uv":[5,7.5,5.25,9.125],"texture":"#2"},"west":{"uv":[5.25,7.5,5.5,9.125],"texture":"#2"},"up":{"uv":[2,8,1.75,7.75],"texture":"#2"},"down":{"uv":[2.25,7.75,2,8],"texture":"#2"}}},{"from":[12.02276,10.27872,8.48],"to":[20.56276,13.31872,9.52],"rotation":{"angle":22.5,"axis":"z","origin":[16.29276,11.79872,9]},"faces":{"north":{"uv":[5,6,7.125,6.75],"texture":"#2"},"east":{"uv":[7,7.5,7.25,8.25],"texture":"#2"},"south":{"uv":[5,6.75,7.125,7.5],"texture":"#2"},"west":{"uv":[7.25,7.5,7.5,8.25],"texture":"#2"},"up":{"uv":[2.125,7.75,0,7.5],"texture":"#2"},"down":{"uv":[4.375,7.5,2.25,7.75],"texture":"#2"}}},{"from":[10,7,8.5],"to":[19.5,8.5,9.5],"rotation":{"angle":45,"axis":"z","origin":[12,9.75,9]},"faces":{"north":{"uv":[7.25,6,9.625,6.375],"texture":"#2"},"east":{"uv":[1.25,7.75,1.5,8.125],"texture":"#2"},"south":{"uv":[7.25,6.5,9.625,6.875],"texture":"#2"},"west":{"uv":[1.5,7.75,1.75,8.125],"texture":"#2"},"up":{"uv":[9.625,7.25,7.25,7],"texture":"#2"},"down":{"uv":[9.625,7.25,7.25,7.5],"texture":"#2"}}},{"from":[12,5.5,9],"to":[32,20,9],"rotation":{"angle":-22.5,"axis":"z","origin":[21,14.75,9]},"faces":{"north":{"uv":[0,0,5,3.625],"texture":"#2"},"east":{"uv":[0,0,0,3.625],"texture":"#2"},"south":{"uv":[5,0,0,3.625],"texture":"#2"},"west":{"uv":[0,0,0,3.625],"texture":"#2"},"up":{"uv":[5,0,0,0],"texture":"#2"},"down":{"uv":[5,0,0,0],"texture":"#2"}}},{"from":[13.17055,-2.73828,9],"to":[25.67055,9.26172,9],"rotation":{"angle":-45,"axis":"z","origin":[17.42055,6.26172,9]},"faces":{"north":{"uv":[8.125,3,5,6],"texture":"#2"},"east":{"uv":[0,0,0,3],"texture":"#2"},"south":{"uv":[5,3,8.125,6],"texture":"#2"},"west":{"uv":[0,0,0,3],"texture":"#2"},"up":{"uv":[3.125,0,0,0],"texture":"#2"},"down":{"uv":[3.125,0,0,0],"texture":"#2"}}},{"from":[6.37733,3.87721,8.48],"to":[8.91733,5.91721,9.52],"rotation":{"angle":-22.5,"axis":"z","origin":[4.89733,9.14721,9]},"faces":{"north":{"uv":[6.125,7.5,5.5,8],"texture":"#2"},"east":{"uv":[1.25,7.75,1,8.25],"texture":"#2"},"south":{"uv":[6.875,7.5,6.25,8],"texture":"#2"},"west":{"uv":[1,7.75,0.75,8.25],"texture":"#2"},"up":{"uv":[7.5,7.75,8.125,7.5],"texture":"#2"},"down":{"uv":[0,7.75,0.625,8],"texture":"#2"}}},{"from":[-3.5,7,8.5],"to":[6,8.5,9.5],"rotation":{"angle":-45,"axis":"z","origin":[4,9.75,9]},"faces":{"north":{"uv":[9.625,6,7.25,6.375],"texture":"#2"},"east":{"uv":[1.75,7.75,1.5,8.125],"texture":"#2"},"south":{"uv":[9.625,6.5,7.25,6.875],"texture":"#2"},"west":{"uv":[1.5,7.75,1.25,8.125],"texture":"#2"},"up":{"uv":[7.25,7.25,9.625,7],"texture":"#2"},"down":{"uv":[7.25,7.25,9.625,7.5],"texture":"#2"}}},{"from":[3.27798,4.38158,8.4875],"to":[4.30298,10.90658,9.5125],"rotation":{"angle":22.5,"axis":"z","origin":[4.29048,8.14408,9]},"faces":{"north":{"uv":[4.75,7.5,4.5,9.125],"texture":"#2"},"east":{"uv":[5.5,7.5,5.25,9.125],"texture":"#2"},"south":{"uv":[5.25,7.5,5,9.125],"texture":"#2"},"west":{"uv":[5,7.5,4.75,9.125],"texture":"#2"},"up":{"uv":[1.75,8,2,7.75],"texture":"#2"},"down":{"uv":[2,7.75,2.25,8],"texture":"#2"}}},{"from":[-16,5.5,9],"to":[4,20,9],"rotation":{"angle":22.5,"axis":"z","origin":[-5,14.75,9]},"faces":{"north":{"uv":[5,0,0,3.625],"texture":"#2"},"east":{"uv":[0,0,0,3.625],"texture":"#2"},"south":{"uv":[0,0,5,3.625],"texture":"#2"},"west":{"uv":[0,0,0,3.625],"texture":"#2"},"up":{"uv":[0,0,5,0],"texture":"#2"},"down":{"uv":[0,0,5,0],"texture":"#2"}}},{"from":[-4.56276,10.27872,8.48],"to":[3.97724,13.31872,9.52],"rotation":{"angle":-22.5,"axis":"z","origin":[-0.29276,11.79872,9]},"faces":{"north":{"uv":[7.125,6,5,6.75],"texture":"#2"},"east":{"uv":[7.5,7.5,7.25,8.25],"texture":"#2"},"south":{"uv":[7.125,6.75,5,7.5],"texture":"#2"},"west":{"uv":[7.25,7.5,7,8.25],"texture":"#2"},"up":{"uv":[0,7.75,2.125,7.5],"texture":"#2"},"down":{"uv":[2.25,7.5,4.375,7.75],"texture":"#2"}}},{"from":[-9.67055,-2.73828,9],"to":[2.82945,9.26172,9],"rotation":{"angle":45,"axis":"z","origin":[-1.42055,6.26172,9]},"faces":{"north":{"uv":[5,3,8.125,6],"texture":"#2"},"east":{"uv":[0,0,0,3],"texture":"#2"},"south":{"uv":[8.125,3,5,6],"texture":"#2"},"west":{"uv":[0,0,0,3],"texture":"#2"},"up":{"uv":[0,0,3.125,0],"texture":"#2"},"down":{"uv":[0,0,3.125,0],"texture":"#2"}}}],"gui_light":"front","display":{"thirdperson_righthand":{"translation":[0,0,-0.75],"scale":[0.5,0.5,0.5]},"thirdperson_lefthand":{"translation":[0,0,-0.75],"scale":[0.5,0.5,0.5]},"firstperson_righthand":{"translation":[4,5.25,2.25],"scale":[0.5,0.5,0.5]},"firstperson_lefthand":{"translation":[4,5.25,2.25],"scale":[0.5,0.5,0.5]},"ground":{"translation":[0,5.25,0],"scale":[0.5,0.5,0.5]},"gui":{"rotation":[0,0,-45],"translation":[0.25,0.25,0],"scale":[0.5,0.5,0.5]},"head":{"translation":[0,-50,1],"scale":[2,2,2]},"fixed":{"rotation":[0,0,45],"translation":[0.5,0,0],"scale":[0.5,0.5,0.5]}}}