{"credit":"Made with Blockbench","texture_size":[64,64],"textures":{"1":"hatventure:crooked_magic_hat_red","particle":"hatventure:crooked_magic_hat_green"},"elements":[{"from":[1,8,1],"to":[15,8,15],"rotation":{"angle":45,"axis":"y","origin":[8,8,8]},"faces":{"north":{"uv":[9.75,9.25,13.25,9.25],"texture":"#1"},"east":{"uv":[10.25,5.5,13.75,5.5],"texture":"#1"},"south":{"uv":[5.75,10.25,9.25,10.25],"texture":"#1"},"west":{"uv":[10.25,5.75,13.75,5.75],"texture":"#1"},"up":{"uv":[3.5,3.5,0,0],"texture":"#1"},"down":{"uv":[3.5,3.75,0,7.25],"texture":"#1"}}},{"from":[4.509,8.009,4.509],"to":[11.491,10.991,11.491],"rotation":{"angle":0,"axis":"y","origin":[3.5,0,5.5]},"faces":{"north":{"uv":[7.25,4.25,9,5],"texture":"#1"},"east":{"uv":[4.75,7.25,6.5,8],"texture":"#1"},"south":{"uv":[6.75,7.25,8.5,8],"texture":"#1"},"west":{"uv":[0,7.5,1.75,8.25],"texture":"#1"},"up":{"uv":[5.5,1.75,3.75,0],"texture":"#1"},"down":{"uv":[5.5,2,3.75,3.75],"texture":"#1"}}},{"from":[4.25,6.85,4.25],"to":[11.75,10.35,11.75],"rotation":{"angle":0,"axis":"y","origin":[3.5,0,5.5]},"faces":{"north":{"uv":[8.25,2,10,2.75],"texture":"#1"},"east":{"uv":[8.25,3,10,3.75],"texture":"#1"},"south":{"uv":[4.75,8.25,6.5,9],"texture":"#1"},"west":{"uv":[8.25,5.25,10,6],"texture":"#1"},"up":{"uv":[5.5,5.75,3.75,4],"texture":"#1"},"down":{"uv":[7.5,0,5.75,1.75],"texture":"#1"}}},{"from":[5.509,8.009,2.509],"to":[10.491,11.991,4.491],"rotation":{"angle":0,"axis":"y","origin":[3.5,0,5.5]},"faces":{"north":{"uv":[2,7.5,3.25,8.5],"texture":"#1"},"east":{"uv":[9.75,8,10.25,9],"texture":"#1"},"south":{"uv":[6.75,8.25,8,9.25],"texture":"#1"},"west":{"uv":[10.25,1.5,10.75,2.5],"texture":"#1"},"up":{"uv":[10,10,8.75,9.5],"texture":"#1"},"down":{"uv":[1.25,9.75,0,10.25],"texture":"#1"}}},{"from":[6,8.5,3],"to":[10,11.5,4],"rotation":{"angle":0,"axis":"y","origin":[3.5,0,5.5]},"faces":{"north":{"uv":[8.25,8.25,9.5,9.25],"texture":"#1"},"east":{"uv":[2.5,10.25,3,11.25],"texture":"#1"},"south":{"uv":[0,8.5,1.25,9.5],"texture":"#1"},"west":{"uv":[10.25,2.75,10.75,3.75],"texture":"#1"},"up":{"uv":[11,0.5,9.75,0],"texture":"#1"},"down":{"uv":[11,0.75,9.75,1.25],"texture":"#1"}}},{"from":[5.5,11,4.5],"to":[10.5,14,11.5],"rotation":{"angle":22.5,"axis":"x","origin":[8,11,4.5]},"faces":{"north":{"uv":[8.25,6.25,9.5,7],"texture":"#1"},"east":{"uv":[7.75,0,9.5,0.75],"texture":"#1"},"south":{"uv":[1.5,8.75,2.75,9.5],"texture":"#1"},"west":{"uv":[7.75,1,9.5,1.75],"texture":"#1"},"up":{"uv":[7,3.75,5.75,2],"texture":"#1"},"down":{"uv":[7,4,5.75,5.75],"texture":"#1"}}},{"from":[6.5,8.62359,5.87641],"to":[9.5,12.62359,13.87641],"rotation":{"angle":-22.5,"axis":"x","origin":[8,12.62359,2.87641]},"faces":{"north":{"uv":[9.25,4,10,5],"texture":"#1"},"east":{"uv":[3.75,6,5.75,7],"texture":"#1"},"south":{"uv":[4.75,9.25,5.5,10.25],"texture":"#1"},"west":{"uv":[6,6,8,7],"texture":"#1"},"up":{"uv":[8,4,7.25,2],"texture":"#1"},"down":{"uv":[4.5,7.25,3.75,9.25],"texture":"#1"}}},{"from":[6.5,5.62359,11.87641],"to":[9.5,8.62359,13.87641],"rotation":{"angle":-22.5,"axis":"x","origin":[8,12.62359,2.87641]},"faces":{"north":{"uv":[1.5,9.75,2.25,10.5],"texture":"#1"},"east":{"uv":[3.25,10.25,3.75,11],"texture":"#1"},"south":{"uv":[9.75,6.25,10.5,7],"texture":"#1"},"west":{"uv":[4,10.25,4.5,11],"texture":"#1"},"up":{"uv":[8,5.75,7.25,5.25],"texture":"#1"},"down":{"uv":[11,4,10.25,4.5],"texture":"#1"}}},{"from":[5.00733,7.87013,13.71787],"to":[10.00733,9.87013,15.71787],"rotation":{"angle":22.5,"axis":"z","origin":[4.50733,13.87013,4.71787]},"faces":{"north":{"uv":[8.75,7.25,10,7.75],"texture":"#1"},"east":{"uv":[3,8.75,3.5,9.25],"texture":"#1"},"south":{"uv":[3,9.5,4.25,10],"texture":"#1"},"west":{"uv":[10.25,4.75,10.75,5.25],"texture":"#1"},"up":{"uv":[7,10,5.75,9.5],"texture":"#1"},"down":{"uv":[8.5,9.5,7.25,10],"texture":"#1"}}}],"gui_light":"front","display":{"thirdperson_righthand":{"scale":[0.5,0.5,0.5]},"thirdperson_lefthand":{"scale":[0.5,0.5,0.5]},"firstperson_righthand":{"translation":[0,2,3],"scale":[-0.5,0.5,0.5]},"firstperson_lefthand":{"translation":[0,2,3],"scale":[0.5,0.5,0.5]},"ground":{"translation":[0,2,0],"scale":[0.6,0.6,0.6]},"gui":{"rotation":[-175,5,-135],"translation":[-2,-1.75,0]},"head":{"rotation":[4.55,0,0],"translation":[0,7.1099,-0.75],"scale":[1.6,1.6,1.6]},"fixed":{"rotation":[0,0,45],"translation":[1.75,-1.25,1.5]}}}