{"credit":"Made with Blockbench","texture_size":[64,64],"textures":{"1":"hatventure:feathered_witch_hat_purple_base","particle":"hatventure:feathered_witch_hat_black_base"},"elements":[{"from":[3.005,8.005,3.005],"to":[12.995,10.995,12.995],"rotation":{"angle":0,"axis":"y","origin":[4,0,4]},"faces":{"north":{"uv":[5.25,8.75,7.75,9.5],"texture":"#1"},"east":{"uv":[8.75,6.75,11.25,7.5],"texture":"#1"},"south":{"uv":[8.75,7.75,11.25,8.5],"texture":"#1"},"west":{"uv":[8,8.75,10.5,9.5],"texture":"#1"},"up":{"uv":[6.75,2.5,4.25,0],"texture":"#1"},"down":{"uv":[6.75,2.75,4.25,5.25],"texture":"#1"}}},{"from":[2.75,8.75,2.75],"to":[13.25,12.25,13.25],"rotation":{"angle":0,"axis":"y","origin":[4,0,4]},"faces":{"north":{"uv":[9,2.75,11.5,3.5],"texture":"#1"},"east":{"uv":[9,3.75,11.5,4.5],"texture":"#1"},"south":{"uv":[9,4.75,11.5,5.5],"texture":"#1"},"west":{"uv":[9,5.75,11.5,6.5],"texture":"#1"},"up":{"uv":[6.75,8,4.25,5.5],"texture":"#1"},"down":{"uv":[9.5,0,7,2.5],"texture":"#1"}}},{"from":[0,8,1],"to":[16,8,15],"rotation":{"angle":0,"axis":"y","origin":[8,8,8]},"faces":{"north":{"uv":[11.5,8.25,15.5,8.25],"texture":"#1"},"east":{"uv":[11.5,8.5,15,8.5],"texture":"#1"},"south":{"uv":[11.75,6.5,15.75,6.5],"texture":"#1"},"west":{"uv":[6.5,12.25,10,12.25],"texture":"#1"},"up":{"uv":[4,3.5,0,0],"texture":"#1"},"down":{"uv":[4,3.75,0,7.25],"texture":"#1"}}},{"from":[6,20,6.5],"to":[10,27,10.5],"rotation":{"angle":45,"axis":"x","origin":[8,17,2.6967]},"faces":{"north":{"uv":[0,9.5,1,11.25],"texture":"#1"},"east":{"uv":[1.25,9.5,2.25,11.25],"texture":"#1"},"south":{"uv":[9.75,0,10.75,1.75],"texture":"#1"},"west":{"uv":[5.25,9.75,6.25,11.5],"texture":"#1"},"up":{"uv":[5,11.25,4,10.25],"texture":"#1"},"down":{"uv":[12,8.75,11,9.75],"texture":"#1"}}},{"from":[5,10.5,3.25],"to":[11,17.5,10.25],"rotation":{"angle":22.5,"axis":"x","origin":[8,10,4.15957]},"faces":{"north":{"uv":[7,6.75,8.5,8.5],"texture":"#1"},"east":{"uv":[7,2.75,8.75,4.5],"texture":"#1"},"south":{"uv":[0,7.5,1.5,9.25],"texture":"#1"},"west":{"uv":[7,4.75,8.75,6.5],"texture":"#1"},"up":{"uv":[3.25,9.25,1.75,7.5],"texture":"#1"},"down":{"uv":[5,8.25,3.5,10],"texture":"#1"}}},{"from":[5.49,9.07239,1.01],"to":[10.49,13.07239,5.01],"rotation":{"angle":22.5,"axis":"x","origin":[6.49,11.07239,3.01]},"faces":{"north":{"uv":[6.5,9.75,7.75,10.75],"texture":"#1"},"east":{"uv":[9.5,11,10.5,12],"texture":"#1"},"south":{"uv":[8,9.75,9.25,10.75],"texture":"#1"},"west":{"uv":[11,10,12,11],"texture":"#1"},"up":{"uv":[10.75,10.75,9.5,9.75],"texture":"#1"},"down":{"uv":[3.75,10.25,2.5,11.25],"texture":"#1"}}},{"from":[5.74,9.32239,1.26],"to":[10.24,12.82239,4.76],"rotation":{"angle":22.5,"axis":"x","origin":[6.49,11.07239,3.01]},"faces":{"north":{"uv":[11,0,12.25,1],"texture":"#1"},"east":{"uv":[10.75,11.25,11.75,12.25],"texture":"#1"},"south":{"uv":[11,1.25,12.25,2.25],"texture":"#1"},"west":{"uv":[0,11.5,1,12.5],"texture":"#1"},"up":{"uv":[7.75,12,6.5,11],"texture":"#1"},"down":{"uv":[9.25,11,8,12],"texture":"#1"}}},{"from":[6.51,8.01,0.39687],"to":[9.49,9.99,4.37687],"rotation":{"angle":0,"axis":"y","origin":[-1.5,0.91761,0.38687]},"faces":{"north":{"uv":[2.5,9.5,3.25,10],"texture":"#1"},"east":{"uv":[9.75,2,10.75,2.5],"texture":"#1"},"south":{"uv":[12,12,12.75,12.5],"texture":"#1"},"west":{"uv":[12,11.25,13,11.75],"texture":"#1"},"up":{"uv":[12.5,4.25,11.75,3.25],"texture":"#1"},"down":{"uv":[12.5,4.5,11.75,5.5],"texture":"#1"}}},{"from":[5.5,8,1.38687],"to":[10.5,10,1.38687],"rotation":{"angle":0,"axis":"y","origin":[-1.5,0.91761,0.38687]},"faces":{"north":{"uv":[5,11.75,6.25,12.25],"texture":"#1"},"east":{"uv":[3.5,7.5,3.5,8],"texture":"#1"},"south":{"uv":[11.75,5.75,13,6.25],"texture":"#1"},"west":{"uv":[3.75,7.5,3.75,8],"texture":"#1"},"up":{"uv":[6.5,8.25,5.25,8.25],"texture":"#1"},"down":{"uv":[6.5,8.5,5.25,8.5],"texture":"#1"}}},{"from":[3,8,6],"to":[3,10,14],"rotation":{"angle":-22.5,"axis":"x","origin":[2.5,10,7]},"faces":{"north":{"uv":[4,7.5,4,8],"texture":"#1"},"east":{"uv":[1.25,11.5,3.25,12],"texture":"#1"},"south":{"uv":[10.75,8.75,10.75,9.25],"texture":"#1"},"west":{"uv":[11.5,6.75,13.5,7.25],"texture":"#1"},"up":{"uv":[1.25,14.25,1.25,12.25],"texture":"#1"},"down":{"uv":[1.5,12.25,1.5,14.25],"texture":"#1"}}},{"from":[3,9,7],"to":[3,17,9],"rotation":{"angle":22.5,"axis":"x","origin":[2.5,10,7]},"faces":{"north":{"uv":[2.75,12.25,2.75,14.25],"texture":"#1"},"east":{"uv":[4.75,11.5,4.25,13.5],"texture":"#1"},"south":{"uv":[3,12.25,3,14.25],"texture":"#1"},"west":{"uv":[4.25,11.5,4.75,13.5],"texture":"#1"},"up":{"uv":[3.25,12.75,3.25,12.25],"texture":"#1"},"down":{"uv":[12.25,8.75,12.25,9.25],"texture":"#1"}}},{"from":[3,8,6],"to":[3,10,14],"rotation":{"angle":-22.5,"axis":"y","origin":[2.5,10,7]},"faces":{"north":{"uv":[1.75,12.25,1.75,12.75],"texture":"#1"},"east":{"uv":[11.5,7.5,13.5,8],"texture":"#1"},"south":{"uv":[2,12.25,2,12.75],"texture":"#1"},"west":{"uv":[11.75,2.5,13.75,3],"texture":"#1"},"up":{"uv":[2.25,14.25,2.25,12.25],"texture":"#1"},"down":{"uv":[2.5,12.25,2.5,14.25],"texture":"#1"}}}],"gui_light":"front","display":{"thirdperson_righthand":{"scale":[0.5,0.5,0.5]},"thirdperson_lefthand":{"scale":[0.5,0.5,0.5]},"firstperson_righthand":{"translation":[0,2.25,5],"scale":[-0.5,0.5,0.5]},"firstperson_lefthand":{"translation":[0,2.25,5],"scale":[0.5,0.5,0.5]},"ground":{"translation":[0,2.5,0],"scale":[0.5,0.5,0.5]},"gui":{"rotation":[-175,5,-135],"translation":[-2,-2,0]},"head":{"rotation":[14,0,0],"translation":[0,5,0],"scale":[1.61,1.61,1.61]},"fixed":{"rotation":[0,0,45],"translation":[2,-1.25,-0.25]}}}