{"credit":"Made with Blockbench","texture_size":[64,64],"textures":{"2":"hatventure:royal_steampunk_hat","particle":"#2"},"elements":[{"from":[4.5,8,4],"to":[11.5,15,12],"rotation":{"angle":0,"axis":"y","origin":[8.5,12,8]},"faces":{"north":{"uv":[2.5,8.25,4.25,10],"texture":"#2"},"east":{"uv":[7.5,2.5,9.5,4.25],"texture":"#2"},"south":{"uv":[4.5,8.25,6.25,10],"texture":"#2"},"west":{"uv":[7.75,0,9.75,1.75],"texture":"#2"},"up":{"uv":[8.75,10,7,8],"texture":"#2"}}},{"from":[3.5,8,3],"to":[12.5,10,13],"rotation":{"angle":0,"axis":"y","origin":[8.5,12,8]},"faces":{"north":{"uv":[10,9.75,12.25,10.25],"texture":"#2"},"east":{"uv":[9.75,3.75,12.25,4.25],"texture":"#2"},"south":{"uv":[2,10.25,4.25,10.75],"texture":"#2"},"west":{"uv":[10,9,12.5,9.5],"texture":"#2"},"up":{"uv":[2.25,6.25,0,3.75],"texture":"#2"}}},{"from":[4,8,3.5],"to":[12,16,12.5],"rotation":{"angle":0,"axis":"y","origin":[8,12,8.5]},"faces":{"north":{"uv":[2.5,6,4.5,8],"texture":"#2"},"east":{"uv":[2.5,3.75,4.75,5.75],"texture":"#2"},"south":{"uv":[4.75,6,6.75,8],"texture":"#2"},"west":{"uv":[5,3.75,7.25,5.75],"texture":"#2"},"up":{"uv":[7.5,2.25,5.5,0],"texture":"#2"}}},{"from":[3,8,1],"to":[13,8,15],"rotation":{"angle":0,"axis":"y","origin":[4,0,6]},"faces":{"north":{"uv":[9.5,7.5,12,7.5],"texture":"#2"},"east":{"uv":[9.5,7.75,13,7.75],"texture":"#2"},"south":{"uv":[4.5,10.25,7,10.25],"texture":"#2"},"west":{"uv":[4.5,10.5,8,10.5],"texture":"#2"},"up":{"uv":[2.5,3.5,0,0],"texture":"#2"},"down":{"uv":[5.25,0,2.75,3.5],"texture":"#2"}}},{"from":[13.00038,8.00008,1],"to":[16.00038,8.00008,15],"rotation":{"angle":22.5,"axis":"z","origin":[13.00038,8.00008,8]},"faces":{"north":{"uv":[5.5,2.5,6.25,2.5],"texture":"#2"},"east":{"uv":[10,10.5,13.5,10.5],"texture":"#2"},"south":{"uv":[5.5,2.75,6.25,2.75],"texture":"#2"},"west":{"uv":[4.5,10.75,8,10.75],"texture":"#2"},"up":{"uv":[0.75,12,0,8.5],"texture":"#2"},"down":{"uv":[1.75,8.5,1,12],"texture":"#2"}}},{"from":[15.77164,9.14905,1],"to":[15.77164,12.14905,15],"rotation":{"angle":-22.5,"axis":"z","origin":[15.77164,9.14905,8]},"faces":{"north":{"uv":[6.5,2.5,6.5,3.25],"texture":"#2"},"east":{"uv":[7.5,4.5,11,5.25],"texture":"#2"},"south":{"uv":[6.75,2.5,6.75,3.25],"texture":"#2"},"west":{"uv":[9,8,12.5,8.75],"texture":"#2"},"up":{"uv":[8.25,13.75,8.25,10.25],"texture":"#2"},"down":{"uv":[8.5,10.25,8.5,13.75],"texture":"#2"}}},{"from":[0.22836,9.14905,1],"to":[0.22836,12.14905,15],"rotation":{"angle":22.5,"axis":"z","origin":[0.22836,9.14905,8]},"faces":{"north":{"uv":[7,2.5,7,3.25],"texture":"#2"},"east":{"uv":[9.5,5.5,13,6.25],"texture":"#2"},"south":{"uv":[7.25,2.5,7.25,3.25],"texture":"#2"},"west":{"uv":[9.5,6.5,13,7.25],"texture":"#2"},"up":{"uv":[8.75,13.75,8.75,10.25],"texture":"#2"},"down":{"uv":[2,11,2,14.5],"texture":"#2"}}},{"from":[-0.00038,8.00008,1],"to":[2.99962,8.00008,15],"rotation":{"angle":-22.5,"axis":"z","origin":[2.99962,8.00008,8]},"faces":{"north":{"uv":[5.5,3,6.25,3],"texture":"#2"},"east":{"uv":[10,10.75,13.5,10.75],"texture":"#2"},"south":{"uv":[5.5,3.25,6.25,3.25],"texture":"#2"},"west":{"uv":[11,0,14.5,0],"texture":"#2"},"up":{"uv":[9.75,12.5,9,9],"texture":"#2"},"down":{"uv":[10.75,0,10,3.5],"texture":"#2"}}},{"from":[3.499,8.26777,9.11418],"to":[3.499,15.26777,18.11418],"rotation":{"angle":-22.5,"axis":"x","origin":[1.80626,9.76777,13.61418]},"faces":{"north":{"uv":[6.5,8.25,6.5,10],"texture":"#2"},"east":{"uv":[0,6.5,2.25,8.25],"texture":"#2"},"south":{"uv":[6.75,8.25,6.75,10],"texture":"#2"},"west":{"uv":[7,6,9.25,7.75],"texture":"#2"},"up":{"uv":[11,2.5,11,0.25],"texture":"#2"},"down":{"uv":[2.25,11,2.25,13.25],"texture":"#2"}}}],"gui_light":"front","display":{"thirdperson_righthand":{"scale":[0.5,0.5,0.5]},"thirdperson_lefthand":{"scale":[0.5,0.5,0.5]},"firstperson_righthand":{"translation":[0,2.25,4.5],"scale":[-0.5,0.5,0.5]},"firstperson_lefthand":{"translation":[0,2.25,4.75],"scale":[0.5,0.5,0.5]},"ground":{"translation":[0,2.5,0],"scale":[0.5,0.5,0.5]},"gui":{"rotation":[-175,5,-135],"translation":[-2,-1.75,0]},"head":{"rotation":[3.25,0,0],"translation":[0,4.5,-0.25],"scale":[1.61,1.61,1.61]},"fixed":{"rotation":[0,0,45],"translation":[2.25,-1.75,3]}}}