{"sources":[{"type":"single","resource":"_iainternal:icons/gif"},{"type":"single","resource":"cosmetics:hats/straw_hat"},{"type":"single","resource":"cosmetics:hats/beret_tinted"},{"type":"single","resource":"cosmetics:hats/bunny_ears"},{"type":"single","resource":"cosmetics:hats/gfx_pink_bow"},{"type":"single","resource":"hmccosmetics:icons/colorful"},{"type":"single","resource":"cosmetics:hats/gfx_native_headband"},{"type":"single","resource":"cosmetics:hats/unicorn_hat"},{"type":"single","resource":"_iainternal:icons/joy"},{"type":"single","resource":"_iainternal:icons/sad"},{"type":"single","resource":"cosmetics:hats/gfx_staff_mecha_helmetb"},{"type":"single","resource":"cosmetic_expansion_v1:shadow_dragon_smoke"},{"type":"single","resource":"cosmetics:hats/gfx_archer_hat"},{"type":"single","resource":"hatventure:royal_steampunk_hat"},{"type":"single","resource":"cosmetics:hats/gfx_spring_flower_crown"},{"type":"single","resource":"cosmetics:hats/gfx_staff_headdressg"},{"type":"single","resource":"_iainternal:icons/demon"},{"type":"single","resource":"cosmetics:backpacks/backpack_penguin"},{"type":"single","resource":"cosmetics:hats/gfx_staff_mecha_helmetg"},{"type":"single","resource":"cosmetics:hats/gfx_staff_headdressb"},{"type":"single","resource":"tinywing:wing6-sheet"},{"type":"single","resource":"cosmetics:hats/deer_horn"},{"type":"single","resource":"cosmetics:hats/gfx_staff_mecha_helmetr"},{"type":"single","resource":"cosmetic_packv1:wizard_backpack"},{"type":"single","resource":"cosmetics:hats/gfx_new_years_headband"},{"type":"single","resource":"inkless:fantasyhoes/hoe_fantasy1"},{"type":"single","resource":"profession_cosmetics:viking_shield"},{"type":"single","resource":"cosmetics:hats/gfx_summer_butterfly_hat"},{"type":"single","resource":"cosmetics:hats/gfx_cherry_headphones"},{"type":"single","resource":"inkless:fantasyhoes/hoe_fantasy5"},{"type":"single","resource":"inkless:fantasyhoes/hoe_fantasy4"},{"type":"single","resource":"cosmetics:hats/gfx_3d_glasses"},{"type":"single","resource":"inkless:fantasyhoes/hoe_fantasy3"},{"type":"single","resource":"inkless:fantasyhoes/hoe_fantasy2"},{"type":"single","resource":"japanese_legends:oni_horns"},{"type":"single","resource":"cosmetics:hats/gfx_staff_valkyrie_helmetg"},{"type":"single","resource":"cosmetic_packv1:ninja_hand"},{"type":"single","resource":"cosmetics:hats/sailor_hat"},{"type":"single","resource":"cosmetics:hats/gfx_crab_hat"},{"type":"single","resource":"cosmetics:hats/gfx_frog_bucket_hat"},{"type":"single","resource":"cosmetics:hats/walle_hat"},{"type":"single","resource":"cosmetic_expansion_v1:pirate_hat"},{"type":"single","resource":"cosmetics:hats/gfx_xmas_crown"},{"type":"single","resource":"cosmetics:hats/frog_hat"},{"type":"single","resource":"cosmetics:hats/gfx_staff_valkyrie_helmetr"},{"type":"single","resource":"magiccosmetics:menu/next"},{"type":"single","resource":"cosmetics:hats/witch_hat_tinted"},{"type":"single","resource":"cosmetics:hats/space_hat"},{"type":"single","resource":"cosmetics:hats/gfx_bear_hat"},{"type":"single","resource":"cosmetics:hats/stormtrooper"},{"type":"single","resource":"cosmetics:backpacks/hunting_backpack_texture"},{"type":"single","resource":"cosmetics:hats/rabbit_headphone"},{"type":"single","resource":"inkless:fantasyhoes/hoe_fantasy9"},{"type":"single","resource":"cosmetics:hats/gfx_disguise"},{"type":"single","resource":"inkless:fantasyhoes/hoe_fantasy8"},{"type":"single","resource":"inkless:fantasyhoes/hoe_fantasy7"},{"type":"single","resource":"cosmetics:hats/vr_blue"},{"type":"single","resource":"inkless:fantasyhoes/hoe_fantasy6"},{"type":"single","resource":"cosmetics:hats/gfx_science_goggles"},{"type":"single","resource":"cosmetics:hats/gfx_staff_wizard_hatgray"},{"type":"single","resource":"cosmetics:hats/tiara"},{"type":"single","resource":"cosmetics:hats/pirate_hat"},{"type":"single","resource":"cosmetic_expansion_v1:treasure_chest"},{"type":"single","resource":"_iainternal:icons/gg"},{"type":"single","resource":"cosmetic_expansion_v1:shadow_dragon_wings"},{"type":"single","resource":"_iainternal:icons/icon_arrow_chest"},{"type":"single","resource":"cosmetics:hats/axolotl_wild"},{"type":"single","resource":"cosmetics:hats/gift_hat_tint"},{"type":"single","resource":"cosmetics:hats/alien"},{"type":"single","resource":"japanese_legends:kappas_meal"},{"type":"single","resource":"cosmetics:hats/gfx_cake_hat"},{"type":"single","resource":"cosmetics:hats/gfx_staff_headdressr"},{"type":"single","resource":"profession_cosmetics:wizard_staff"},{"type":"single","resource":"cosmetics:hats/rgb_ruban_hat_red"},{"type":"single","resource":"tinywing:wing1-sheet"},{"type":"single","resource":"cosmetics:hats/cowboyhat"},{"type":"single","resource":"cosmetics:hats/gfx_shamrock_shades"},{"type":"single","resource":"profession_cosmetics:miner_backpack"},{"type":"single","resource":"cosmetics:hats/duck_hat"},{"type":"single","resource":"cosmetics:hats/deer_horn_tinted"},{"type":"single","resource":"cosmetics:hats/gfx_jellyfish_cap"},{"type":"single","resource":"cosmetics:hats/axolotl_gold"},{"type":"single","resource":"cosmetics:hats/gfx_box_hat"},{"type":"single","resource":"ax_wings_pack:eagle_wings"},{"type":"single","resource":"cosmetics:hats/farmer_hat"},{"type":"single","resource":"cosmetics:hats/axolotl_blue"},{"type":"single","resource":"japanese_legends:kitsune_shakujo"},{"type":"single","resource":"_iainternal:icons/broken_heart"},{"type":"single","resource":"cosmetics:hats/gfx_beach_visor"},{"type":"single","resource":"cosmetics:hats/santa_elf_hat"},{"type":"single","resource":"cosmetics:hats/gfx_potter_glasses"},{"type":"single","resource":"japanese_legends:kitsune_mask"},{"type":"single","resource":"_iainternal:icons/skull"},{"type":"single","resource":"cosmetic_expansion_v1:cutlass"},{"type":"single","resource":"cosmetics:hats/gfx_feather_crown"},{"type":"single","resource":"cosmetics:hats/santa_elf_hat_tint"},{"type":"single","resource":"cosmetics:hats/elephant_hat"},{"type":"single","resource":"cosmetics:backpacks/jet_pack_backpack_texture"},{"type":"single","resource":"cosmetic_packv1:ender_hat"},{"type":"single","resource":"cosmetics:hats/gfx_guard_hat"},{"type":"single","resource":"cosmetics:hats/gfx_tomato_cap"},{"type":"single","resource":"cosmetics:hats/farmer_hat_tint"},{"type":"single","resource":"animated_wings:nature_wings"},{"type":"single","resource":"cosmetics:hats/gfx_rainbow_headband"},{"type":"single","resource":"cosmetics:hats/gfx_daisy_chain"},{"type":"single","resource":"cosmetics:backpacks/steampunk_backpack_texture"},{"type":"single","resource":"hatventure:steampunk_top_hat_brown"},{"type":"single","resource":"_iainternal:icons/dislike"},{"type":"single","resource":"cosmetics:hats/tv_screen"},{"type":"single","resource":"cosmetics:hats/dark_vador"},{"type":"single","resource":"profession_cosmetics:viking_axe"},{"type":"single","resource":"cosmetics:backpacks/backpack_pig"},{"type":"single","resource":"_iainternal:icons/elegant"},{"type":"single","resource":"hmccosmetics:icons/arrow_back"},{"type":"single","resource":"_iainternal:icons/confused"},{"type":"single","resource":"cosmetics:hats/gfx_ice_cream_hat"},{"type":"single","resource":"_iainternal:icons/eyes_hearts"},{"type":"single","resource":"cosmetics:hats/cauldron_hat"},{"type":"single","resource":"cosmetics:hats/sombrero"},{"type":"single","resource":"tinywing:wing4-sheet"},{"type":"single","resource":"cosmetics:hats/cat_headphone_tint"},{"type":"single","resource":"cosmeticpack:ear2"},{"type":"single","resource":"cosmeticpack:ear1"},{"type":"single","resource":"cosmetic_expansion_v1:cyber_visor"},{"type":"single","resource":"_iainternal:icons/scream"},{"type":"single","resource":"cosmetics:hats/gfx_dragon_hat_black"},{"type":"single","resource":"cosmetics:hats/top_hat2"},{"type":"single","resource":"cosmetics:hats/gfx_heart_antennae"},{"type":"single","resource":"ero_feral_fantasy_set:wolf_ears"},{"type":"single","resource":"cosmeticpack:divingglasses"},{"type":"single","resource":"cosmetics:hats/vr_orange"},{"type":"single","resource":"cosmetics:hats/gfx_masquerade_mask"},{"type":"single","resource":"cosmetics:hats/gfx_aviator_hat"},{"type":"single","resource":"cosmetics:hats/gfx_snowman_tophat"},{"type":"single","resource":"_iainternal:icons/icon_left_blue"},{"type":"single","resource":"cosmetics:hats/cauldron_bubble"},{"type":"single","resource":"cosmetics:hats/fedora"},{"type":"single","resource":"cosmetics:hats/gfx_staff_squid_hatgray"},{"type":"single","resource":"cosmetics:hats/steam_goggles"},{"type":"single","resource":"cosmetics:hats/gfx_duck_hat"},{"type":"single","resource":"ax_wings_pack:brown_wings"},{"type":"single","resource":"cosmetics:hats/gfx_staff_bandanar"},{"type":"single","resource":"magiccosmetics:menu/next_gray"},{"type":"single","resource":"ero_feral_fantasy_set:tiger_ears"},{"type":"single","resource":"cosmetics:hats/witch_hat"},{"type":"single","resource":"cosmetics:hats/gfx_bucket_hat"},{"type":"single","resource":"cosmetics:hats/gfx_staff_mecha_helmetgray"},{"type":"single","resource":"cosmetics:hats/gfx_police_hat"},{"type":"single","resource":"cosmetic_expansion_v1:chicken_hat"},{"type":"single","resource":"cosmetics:hats/gfx_staff_bandanab"},{"type":"single","resource":"cosmetics:backpacks/backpack"},{"type":"single","resource":"cosmetics:hats/tinted_easter_egg_red_rubon"},{"type":"single","resource":"hatventure:feathered_witch_hat_purple_base"},{"type":"single","resource":"cosmetics:hats/gfx_nightvision_goggles"},{"type":"single","resource":"ax_wings_pack:butterfly_wings"},{"type":"single","resource":"cosmetics:hats/gfx_staff_bandanag"},{"type":"single","resource":"cosmetics:hats/gfx_bee_hat3"},{"type":"single","resource":"cosmetics:hats/champi_hat_tinted"},{"type":"single","resource":"cosmetics:hats/santa_hat"},{"type":"single","resource":"_iainternal:icons/angel"},{"type":"single","resource":"cosmetics:hats/scuba2"},{"type":"single","resource":"cosmetics:hats/gfx_headphones"},{"type":"single","resource":"cosmetics:hats/beta_light_green"},{"type":"single","resource":"cosmetics:hats/vr_green"},{"type":"single","resource":"_iainternal:icons/sneeze"},{"type":"single","resource":"cosmetics:hats/couronne_fleur"},{"type":"single","resource":"_iainternal:icons/yellow_star"},{"type":"single","resource":"cosmetics:hats/gfx_chinese_dragon_hat"},{"type":"single","resource":"cosmetics:hats/gfx_boater_hat"},{"type":"single","resource":"cosmetics:hats/gfx_autumn_crown_scepter2"},{"type":"single","resource":"cosmetics:hats/gfx_summer_butterfly_hat_ani"},{"type":"single","resource":"cosmetics:hats/gfx_zombie_hat"},{"type":"single","resource":"profession_cosmetics:viking_hat"},{"type":"single","resource":"_iainternal:icons/blue_star"},{"type":"single","resource":"cosmetics:hats/seuss"},{"type":"single","resource":"ax_wings_pack:astronaut_wings"},{"type":"single","resource":"cosmetic_expansion_v1:phantom_king_crown_animation"},{"type":"single","resource":"cosmetics:hats/rabbit_headphone_tint"},{"type":"single","resource":"cosmetics:hats/gfx_cactus_cap"},{"type":"single","resource":"tinywing:wing8-sheet"},{"type":"single","resource":"ax_wings_pack:phoenix_wings"},{"type":"single","resource":"cosmetics:hats/gfx_dinosaur_hat"},{"type":"single","resource":"_iainternal:icons/to_sigh"},{"type":"single","resource":"cosmetics:hats/gfx_bat_glasses"},{"type":"single","resource":"cosmetics:hats/cap"},{"type":"single","resource":"cosmetics:hats/carrot_hat"},{"type":"single","resource":"cosmetics:hats/top_hat_tint"},{"type":"single","resource":"cosmetics:hats/beta_red"},{"type":"single","resource":"cosmetics:hats/halloween_ghost_hat_texture"},{"type":"single","resource":"cosmetics:hats/gfx_bat_mask"},{"type":"single","resource":"cosmetics:backpacks/space_backpack_texture"},{"type":"single","resource":"japanese_legends:kitsune_tails"},{"type":"single","resource":"cosmetics:hats/gfx_unobtainable_ushankart"},{"type":"single","resource":"cosmetics:hats/gfx_frankenstein_hat"},{"type":"single","resource":"cosmetics:hats/gfx_shark_hat"},{"type":"single","resource":"cosmetic_expansion_v1:cyber_jetpack_animations"},{"type":"single","resource":"_iainternal:icons/green_star"},{"type":"single","resource":"cosmetics:hats/halloween_hand_hat_texture"},{"type":"single","resource":"cosmetics:hats/cyborg"},{"type":"single","resource":"_iainternal:icons/purple_heart"},{"type":"single","resource":"cosmetics:hats/gfx_crown"},{"type":"single","resource":"_iainternal:icons/nerd"},{"type":"single","resource":"_iainternal:icons/without_expresion"},{"type":"single","resource":"cosmetic_expansion_v1:cyber_visor_animations"},{"type":"single","resource":"cosmetics:hats/gfx_firework_hat"},{"type":"single","resource":"cosmetics:hats/gfx_pumpkin_beanie"},{"type":"single","resource":"cosmetics:hats/pirate_hat_tint"},{"type":"single","resource":"cosmetics:hats/gfx_cow_hat"},{"type":"single","resource":"tinywing:wing4"},{"type":"single","resource":"cosmetics:hats/gfx_joker_hat"},{"type":"single","resource":"tinywing:wing5"},{"type":"single","resource":"tinywing:wing2"},{"type":"single","resource":"cosmetics:hats/vr_purple"},{"type":"single","resource":"tinywing:wing3"},{"type":"single","resource":"tinywing:wing8"},{"type":"single","resource":"cosmetics:hats/capitain_hat"},{"type":"single","resource":"tinywing:wing6"},{"type":"single","resource":"tinywing:wing7"},{"type":"single","resource":"ero_feral_fantasy_set:wolf_tail"},{"type":"single","resource":"cosmetics:hats/gfx_firefighter_helmet"},{"type":"single","resource":"cosmetics:hats/gfx_easter_beanie_multicolour"},{"type":"single","resource":"ax_wings_pack:demon_wings"},{"type":"single","resource":"cosmetics:hats/gfx_valentines_bear_hat"},{"type":"single","resource":"tinywing:wing1"},{"type":"single","resource":"cosmetics:hats/gfx_bunny_crown2"},{"type":"single","resource":"cosmetics:hats/fedora2"},{"type":"single","resource":"cosmetics:hats/gfx_pinwheel_hat"},{"type":"single","resource":"cosmetics:hats/gfx_cloud_tophat"},{"type":"single","resource":"_iainternal:icons/blue_heart"},{"type":"single","resource":"_iainternal:icons/pull_tongue"},{"type":"single","resource":"cosmetics:hats/lion_hat"},{"type":"single","resource":"cosmetic_expansion_v1:cyber_jetpack"},{"type":"single","resource":"cosmetics:hats/panda_hat"},{"type":"single","resource":"cosmetic_packv1:frozen_hat"},{"type":"single","resource":"cosmetics:hats/vr_red"},{"type":"single","resource":"cosmetics:hats/devil_horns"},{"type":"single","resource":"cosmetics:hats/cyborg_2"},{"type":"single","resource":"cosmetic_expansion_v1:cyber_blade_animations"},{"type":"single","resource":"cosmetics:hats/gfx_soda_hat"},{"type":"single","resource":"cosmetics:hats/cauldron_bubble_tint"},{"type":"single","resource":"cosmetics:hats/gfx_shrek_beanie"},{"type":"single","resource":"cosmetics:hats/ghost_hat_tinted"},{"type":"single","resource":"cosmetics:backpacks/backpack_frog"},{"type":"single","resource":"_iainternal:icons/sleeping"},{"type":"single","resource":"cosmetics:hats/gfx_earmuffs"},{"type":"single","resource":"cosmetics:hats/gfx_sprout_hat"},{"type":"single","resource":"cosmetics:hats/gfx_rose_tophat"},{"type":"single","resource":"cosmetics:hats/halo"},{"type":"single","resource":"cosmetics:hats/easter_box"},{"type":"single","resource":"cosmetics:hats/axolotl_cyan"},{"type":"single","resource":"ax_wings_pack:purple_wings"},{"type":"single","resource":"_iainternal:icons/icon_right_blue"},{"type":"single","resource":"cosmetics:hats/gfx_staff_porkpie_hatgray"},{"type":"single","resource":"cosmetics:hats/gfx_turtle_hat"},{"type":"single","resource":"japanese_legends:samurai_hat"},{"type":"single","resource":"cosmetic_expansion_v1:phantom_king_crown"},{"type":"single","resource":"cosmetics:hats/gfx_valkyrie_helmet"},{"type":"single","resource":"cosmetics:hats/gfx_angry_hat"},{"type":"single","resource":"_iainternal:icons/contagious"},{"type":"single","resource":"cosmetics:hats/axe_hat"},{"type":"single","resource":"cosmetics:hats/champi_hat"},{"type":"single","resource":"cosmetics:hats/gfx_snake_head"},{"type":"single","resource":"cosmetic_expansion_v1:phantom_septer"},{"type":"single","resource":"cosmetics:hats/gfx_bandana_mineclub"},{"type":"single","resource":"cosmetics:backpacks/samurai_backpack_texture"},{"type":"single","resource":"cosmetics:hats/gfx_spider_hat"},{"type":"single","resource":"hatventure:crooked_magic_hat_red"},{"type":"single","resource":"_iainternal:icons/orange_star"},{"type":"single","resource":"magiccosmetics:menu/back"},{"type":"single","resource":"cosmetic_packv1:knight_hand"},{"type":"single","resource":"cosmetics:hats/gfx_clock_hat"},{"type":"single","resource":"cosmetics:hats/gfx_lion_hat"},{"type":"single","resource":"cosmetics:hats/gfx_skateboard_helmet"},{"type":"single","resource":"cosmetics:hats/gfx_clover_headband"},{"type":"single","resource":"cosmetics:hats/beta_white"},{"type":"single","resource":"cosmetics:hats/gfx_sailor_cap"},{"type":"single","resource":"ero_feral_fantasy_set:rabbit_tail"},{"type":"single","resource":"_iainternal:icons/cry"},{"type":"single","resource":"_iainternal:icons/icon_next_orange"},{"type":"single","resource":"magiccosmetics:particles/fire_e"},{"type":"single","resource":"cosmetics:hats/gfx_leprechaun_hat"},{"type":"single","resource":"cosmetics:hats/gas_mask"},{"type":"single","resource":"cosmetics:hats/gfx_captain_hook_hat"},{"type":"single","resource":"cosmetics:hats/gfx_robot_goggles"},{"type":"single","resource":"cosmetic_packv1:ender_hand"},{"type":"single","resource":"cosmetics:hats/bandana"},{"type":"single","resource":"ero_feral_fantasy_set:fox_ears"},{"type":"single","resource":"cosmetics:hats/cat_ears"},{"type":"single","resource":"cosmetics:hats/gfx_sombrero"},{"type":"single","resource":"cosmetics:hats/tinted_easter_egg_gold_rubon"},{"type":"single","resource":"japanese_legends:kappa_shell"},{"type":"single","resource":"cosmetics:hats/gfx_hypno_goggles"},{"type":"single","resource":"_iainternal:icons/yellow_heart"},{"type":"single","resource":"_iainternal:icons/icon_cancel"},{"type":"single","resource":"cosmetics:hats/beta_rainbow2"},{"type":"single","resource":"cosmetics:hats/lawyer_hat"},{"type":"single","resource":"cosmetics:hats/red_panda_hat"},{"type":"single","resource":"profession_cosmetics:miner_hat"},{"type":"single","resource":"cosmetics:hats/gfx_stitch_hat"},{"type":"single","resource":"cosmetics:hats/dog_hat"},{"type":"single","resource":"hatventure:crooked_magic_hat_green"},{"type":"single","resource":"cosmetics:hats/gfx_television_head"},{"type":"single","resource":"cosmetics:hats/cart_hat"},{"type":"single","resource":"profession_cosmetics:wizard_cape"},{"type":"single","resource":"japanese_legends:samurai_back"},{"type":"single","resource":"ax_wings_pack:ocean_wings"},{"type":"single","resource":"cosmetics:hats/gfx_pharaoh_headdress"},{"type":"single","resource":"cosmetics:hats/tv_helmet"},{"type":"single","resource":"cosmetics:hats/gfx_graduation_cap"},{"type":"single","resource":"cosmetics:hats/halloween_hog_hat_texture"},{"type":"single","resource":"animated_wings:angelic_wings"},{"type":"single","resource":"cosmetic_packv1:wizard_hand"},{"type":"single","resource":"_iainternal:icons/red_star"},{"type":"single","resource":"ero_feral_fantasy_set:rabbit_ears"},{"type":"single","resource":"cosmetics:hats/gfx_viking_helmet"},{"type":"single","resource":"cosmetics:hats/gfx_miner_helmet"},{"type":"single","resource":"inkless:fantasyhoes/hoe_fantasy50"},{"type":"single","resource":"cosmetics:hats/gfx_staff_valkyrie_helmetgray"},{"type":"single","resource":"cosmetics:hats/rgb_headphone_tint"},{"type":"single","resource":"cosmetics:hats/halloween_skeleton_hat_texture"},{"type":"single","resource":"cosmetics:hats/gfx_ice_crown"},{"type":"single","resource":"cosmetics:hats/gfx_paintball_mask"},{"type":"single","resource":"tinywing:wing7-sheet"},{"type":"single","resource":"cosmeticpack:hornhat"},{"type":"single","resource":"cosmetics:backpacks/dj_back"},{"type":"single","resource":"ero_feral_fantasy_set:fox_tail"},{"type":"single","resource":"cosmetics:hats/easter_box_tinted"},{"type":"single","resource":"cosmetics:hats/panda"},{"type":"single","resource":"cosmetic_packv1:frozen_hand"},{"type":"single","resource":"cosmetics:hats/gfx_heather_hat"},{"type":"single","resource":"cosmetics:hats/ghost_hat"},{"type":"single","resource":"cosmetics:hats/gfx_rainbow_shades"},{"type":"single","resource":"_iainternal:icons/purple_star"},{"type":"single","resource":"cosmetics:hats/golden_easter_egg"},{"type":"single","resource":"cosmetics:hats/gfx_ash_hat"},{"type":"single","resource":"cosmetic_expansion_v1:shadow_dragon_claw_animations_2"},{"type":"single","resource":"cosmetics:hats/elf"},{"type":"single","resource":"inkless:fantasyhoes/hoe_fantasy39"},{"type":"single","resource":"inkless:fantasyhoes/hoe_fantasy36"},{"type":"single","resource":"tinywing:wing5-sheet"},{"type":"single","resource":"_iainternal:icons/fascinated"},{"type":"single","resource":"inkless:fantasyhoes/hoe_fantasy35"},{"type":"single","resource":"inkless:fantasyhoes/hoe_fantasy38"},{"type":"single","resource":"inkless:fantasyhoes/hoe_fantasy37"},{"type":"single","resource":"inkless:fantasyhoes/hoe_fantasy32"},{"type":"single","resource":"inkless:fantasyhoes/hoe_fantasy31"},{"type":"single","resource":"inkless:fantasyhoes/hoe_fantasy34"},{"type":"single","resource":"cosmetics:hats/capybara_hat"},{"type":"single","resource":"inkless:fantasyhoes/hoe_fantasy33"},{"type":"single","resource":"cosmetics:backpacks/solar_powered_backpack_texture"},{"type":"single","resource":"ero_feral_fantasy_set:tiger_tail"},{"type":"single","resource":"inkless:fantasyhoes/hoe_fantasy30"},{"type":"single","resource":"cosmetics:hats/halloween_devil_hat_texture"},{"type":"single","resource":"cosmetics:hats/gift_hat"},{"type":"single","resource":"ax_wings_pack:golden_wings"},{"type":"single","resource":"cosmetics:hats/gfx_pilgrim_hat"},{"type":"single","resource":"japanese_legends:oni_bat"},{"type":"single","resource":"cosmetics:hats/astro"},{"type":"single","resource":"cosmetics:hats/cauldron_liquide_tint"},{"type":"single","resource":"cosmetics:hats/gfx_hot_chocolate_beanie"},{"type":"single","resource":"cosmetic_expansion_v1:phantom_king_crown_animation_2"},{"type":"single","resource":"japanese_legends:kappa_hat"},{"type":"single","resource":"_iainternal:icons/stunned"},{"type":"single","resource":"cosmetics:backpacks/banana_backpack"},{"type":"single","resource":"cosmetic_packv1:knight_hat"},{"type":"single","resource":"cosmetics:hats/gfx_construction_hat"},{"type":"single","resource":"cosmetics:hats/gfx_flower_hat"},{"type":"single","resource":"inkless:fantasyhoes/hoe_fantasy47"},{"type":"single","resource":"inkless:fantasyhoes/hoe_fantasy46"},{"type":"single","resource":"inkless:fantasyhoes/hoe_fantasy49"},{"type":"single","resource":"ero_feral_fantasy_set:cat_ears"},{"type":"single","resource":"_iainternal:icons/icon_search"},{"type":"single","resource":"inkless:fantasyhoes/hoe_fantasy48"},{"type":"single","resource":"_iainternal:icons/heart"},{"type":"single","resource":"inkless:fantasyhoes/hoe_fantasy43"},{"type":"single","resource":"animated_wings:scifi_wings"},{"type":"single","resource":"inkless:fantasyhoes/hoe_fantasy42"},{"type":"single","resource":"cosmetics:hats/gfx_staff_headdressgray"},{"type":"single","resource":"inkless:fantasyhoes/hoe_fantasy45"},{"type":"single","resource":"cosmetics:hats/gfx_ushanka_hat"},{"type":"single","resource":"inkless:fantasyhoes/hoe_fantasy44"},{"type":"single","resource":"cosmetics:hats/gfx_staff_badge_hatg"},{"type":"single","resource":"cosmetics:hats/gfx_staff_badge_hatb"},{"type":"single","resource":"inkless:fantasyhoes/hoe_fantasy41"},{"type":"single","resource":"inkless:fantasyhoes/hoe_fantasy40"},{"type":"single","resource":"cosmetics:hats/gfx_ghost_hat"},{"type":"single","resource":"cosmetics:hats/gfx_ufo_hat"},{"type":"single","resource":"cosmetics:hats/gfx_hazmat_mask"},{"type":"single","resource":"cosmetics:hats/choclate_easter_egg"},{"type":"single","resource":"cosmetics:hats/gfx_artist_beret"},{"type":"single","resource":"cosmetics:hats/gfx_staff_badge_hatgray"},{"type":"single","resource":"cosmetics:hats/gfx_staff_badge_hatr"},{"type":"single","resource":"cosmetics:backpacks/backpack_bunny"},{"type":"single","resource":"cosmetics:hats/gfx_motorcycle_helmet"},{"type":"single","resource":"hmccosmetics:icons/arrow_next"},{"type":"single","resource":"cosmetics:hats/astronaut_helmet"},{"type":"single","resource":"inkless:fantasyhoes/hoe_fantasy18"},{"type":"single","resource":"inkless:fantasyhoes/hoe_fantasy17"},{"type":"single","resource":"cosmetics:hats/top_hat"},{"type":"single","resource":"inkless:fantasyhoes/hoe_fantasy19"},{"type":"single","resource":"inkless:fantasyhoes/hoe_fantasy14"},{"type":"single","resource":"cosmeticpack:headphone"},{"type":"single","resource":"inkless:fantasyhoes/hoe_fantasy13"},{"type":"single","resource":"inkless:fantasyhoes/hoe_fantasy16"},{"type":"single","resource":"inkless:fantasyhoes/hoe_fantasy15"},{"type":"single","resource":"inkless:fantasyhoes/hoe_fantasy10"},{"type":"single","resource":"cosmeticpack:bearhat"},{"type":"single","resource":"cosmetics:hats/beta_blue"},{"type":"single","resource":"inkless:fantasyhoes/hoe_fantasy12"},{"type":"single","resource":"cosmetics:hats/gfx_elf_hat_v2"},{"type":"single","resource":"inkless:fantasyhoes/hoe_fantasy11"},{"type":"single","resource":"_iainternal:icons/concerned"},{"type":"single","resource":"cosmetics:backpacks/futuristic_backpack_texture"},{"type":"single","resource":"cosmetics:hats/gfx_serpent_king_helmet"},{"type":"single","resource":"cosmetics:hats/gfx_pirate_hat"},{"type":"single","resource":"cosmetics:hats/gfx_xmas_pudding_hat"},{"type":"single","resource":"japanese_legends:oni_drum"},{"type":"single","resource":"inkless:fantasyhoes/hoe_fantasy29"},{"type":"single","resource":"inkless:fantasyhoes/hoe_fantasy28"},{"type":"single","resource":"cosmetics:hats/halloween_spider_hat_texture"},{"type":"single","resource":"cosmetics:hats/gfx_crocodile_hat"},{"type":"single","resource":"cosmetics:hats/gfx_santa_hatunob"},{"type":"single","resource":"inkless:fantasyhoes/hoe_fantasy25"},{"type":"single","resource":"cosmeticpack:mask"},{"type":"single","resource":"cosmetics:hats/gfx_bandana_black"},{"type":"single","resource":"inkless:fantasyhoes/hoe_fantasy24"},{"type":"single","resource":"cosmetics:backpacks/backpack_duck"},{"type":"single","resource":"inkless:fantasyhoes/hoe_fantasy27"},{"type":"single","resource":"cosmetics:hats/axolotl_tinted"},{"type":"single","resource":"cosmetics:hats/gfx_tnt_hat"},{"type":"single","resource":"inkless:fantasyhoes/hoe_fantasy26"},{"type":"single","resource":"cosmetic_expansion_v1:egg_staff"},{"type":"single","resource":"inkless:fantasyhoes/hoe_fantasy21"},{"type":"single","resource":"cosmetics:hats/gfx_staff_porkpie_hatg"},{"type":"single","resource":"inkless:fantasyhoes/hoe_fantasy20"},{"type":"single","resource":"cosmetics:hats/gfx_staff_bandanagray"},{"type":"single","resource":"inkless:fantasyhoes/hoe_fantasy23"},{"type":"single","resource":"inkless:fantasyhoes/hoe_fantasy22"},{"type":"single","resource":"cosmetics:hats/gfx_staff_porkpie_hatb"},{"type":"single","resource":"_iainternal:icons/fachero"},{"type":"single","resource":"cosmetics:hats/gfx_hockey_mask"},{"type":"single","resource":"cosmetics:hats/gfx_skull_mask"},{"type":"single","resource":"cosmetics:hats/lawyer_hat_tint"},{"type":"single","resource":"cosmetics:hats/gfx_tax_hat"},{"type":"single","resource":"tinywing:wing3-sheet"},{"type":"single","resource":"profession_cosmetics:wizard_hat"},{"type":"single","resource":"ax_wings_pack:bluefire_wings"},{"type":"single","resource":"cosmetics:hats/halloween_cat_hat_texture"},{"type":"single","resource":"ero_feral_fantasy_set:bear_tail"},{"type":"single","resource":"cosmetics:hats/wool_cap_hat_tint"},{"type":"single","resource":"cosmetics:hats/gfx_rhino_hat"},{"type":"single","resource":"_iainternal:icons/green_heart"},{"type":"single","resource":"cosmetic_packv1:ninja_hat"},{"type":"single","resource":"cosmetics:backpacks/backpack_mouse"},{"type":"single","resource":"cosmetics:hats/gfx_staff_wizard_hatb"},{"type":"single","resource":"cosmetics:hats/gfx_staff_wizard_hatg"},{"type":"single","resource":"cosmetics:hats/gfx_tiki_mask"},{"type":"single","resource":"ax_wings_pack:dragon_wings"},{"type":"single","resource":"cosmetics:hats/pumpkin_hat"},{"type":"single","resource":"cosmetics:backpacks/musical_backpack_texture"},{"type":"single","resource":"cosmetics:hats/gfx_mushroom_hat"},{"type":"single","resource":"cosmetics:hats/cap_tint"},{"type":"single","resource":"cosmetics:hats/gfx_robocop_helmet"},{"type":"single","resource":"cosmetics:hats/gfx_monocle"},{"type":"single","resource":"cosmetic_expansion_v1:phantom_king_shield"},{"type":"single","resource":"cosmetic_packv1:knight_backpack"},{"type":"single","resource":"cosmetics:backpacks/scuba_backpack_texture"},{"type":"single","resource":"cosmetic_expansion_v1:shadow_dragon_head"},{"type":"single","resource":"_iainternal:icons/nausea"},{"type":"single","resource":"cosmetics:hats/cauldron_liquide"},{"type":"single","resource":"tinywing:wing2-sheet"},{"type":"single","resource":"cosmetics:hats/gfx_staff_porkpie_hatr"},{"type":"single","resource":"magiccosmetics:menu/empty"},{"type":"single","resource":"cosmetics:hats/gfx_winged_helmet"},{"type":"single","resource":"_iainternal:icons/smiling"},{"type":"single","resource":"cosmetic_packv1:ender_backpack"},{"type":"single","resource":"cosmetics:hats/halloween_pumpkin_hat_texture"},{"type":"single","resource":"magiccosmetics:particles/magic"},{"type":"single","resource":"cosmetics:hats/gfx_evilqueen_crown"},{"type":"single","resource":"_iainternal:icons/like"},{"type":"single","resource":"_iainternal:icons/vomit"},{"type":"single","resource":"cosmetics:hats/gfx_gasmask_grey"},{"type":"single","resource":"ero_feral_fantasy_set:cat_tail"},{"type":"single","resource":"profession_cosmetics:miner_lamp"},{"type":"single","resource":"cosmetics:hats/wool_cap_hat"},{"type":"single","resource":"cosmetics:hats/pig_hat"},{"type":"single","resource":"cosmetic_expansion_v1:chicken_wings"},{"type":"single","resource":"animated_wings:demon_wings"},{"type":"single","resource":"ax_wings_pack:angel_wings"},{"type":"single","resource":"cosmetics:hats/gfx_samurai_helmet"},{"type":"single","resource":"_iainternal:icons/exo_blue_star"},{"type":"single","resource":"cosmetics:hats/beta_magenta"},{"type":"single","resource":"_iainternal:icons/amongus"},{"type":"single","resource":"cosmetics:hats/ruban_hat__tint"},{"type":"single","resource":"cosmetics:hats/beta_orange"},{"type":"single","resource":"japanese_legends:samurai_katana"},{"type":"single","resource":"cosmetics:hats/gfx_duckling_nest_hat"},{"type":"single","resource":"cosmetics:hats/gfx_anniversary_cake_hat3"},{"type":"single","resource":"magiccosmetics:menu/back_gray"},{"type":"single","resource":"hatventure:feathered_witch_hat_black_base"},{"type":"single","resource":"_iainternal:icons/eyes"},{"type":"single","resource":"cosmetic_packv1:wizard_hat"},{"type":"single","resource":"cosmetics:hats/r2d2"},{"type":"single","resource":"ax_wings_pack:astronaut_wings2"},{"type":"single","resource":"cosmetics:hats/ruban_hat_red"},{"type":"single","resource":"cosmetics:hats/halloween_witch_hat_texture"},{"type":"single","resource":"cosmetics:hats/bear_hat"},{"type":"single","resource":"cosmetics:hats/rgb_headphone"},{"type":"single","resource":"cosmetics:hats/axolotl_pink"},{"type":"single","resource":"ero_feral_fantasy_set:bear_ears"},{"type":"single","resource":"cosmetics:hats/gfx_staff_wizard_hatr"},{"type":"single","resource":"cosmetics:hats/gfx_ram_hat"},{"type":"single","resource":"cosmetic_packv1:ninja_backpack"},{"type":"single","resource":"cosmetics:hats/gfx_heart_crown"},{"type":"single","resource":"cosmetics:hats/gfx_staff_squid_hatb"},{"type":"single","resource":"cosmetics:hats/antlers"},{"type":"single","resource":"cosmetics:hats/bear_hat_tint"},{"type":"single","resource":"cosmetics:hats/gfx_staff_squid_hatg"},{"type":"single","resource":"_iainternal:icons/wink"},{"type":"single","resource":"cosmetics:hats/gfx_staff_valkyrie_helmetb"},{"type":"single","resource":"cosmetics:hats/cat_headphone"},{"type":"single","resource":"cosmetics:hats/moonwalk"},{"type":"single","resource":"_iainternal:icons/icon_back_orange"},{"type":"single","resource":"cosmetics:hats/sombrero_tint"},{"type":"single","resource":"cosmetic_expansion_v1:shadow_dragon_claw"},{"type":"single","resource":"cosmetics:hats/beret_red"},{"type":"single","resource":"cosmetics:hats/halloween_cowboy_hat_texture"},{"type":"single","resource":"_iainternal:icons/angry"},{"type":"single","resource":"cosmetics:hats/gfx_bunny_ears2"},{"type":"single","resource":"cosmetics:hats/gfx_cookie_hat"},{"type":"single","resource":"cosmetic_packv1:frozen_backpack"},{"type":"single","resource":"cosmetics:hats/aviators"},{"type":"single","resource":"cosmetics:hats/gfx_staff_squid_hatr"},{"type":"single","resource":"_iainternal:icons/rainbow_star"},{"type":"single","resource":"cosmetics:hats/texture_nenuphar_1"},{"type":"single","resource":"cosmetic_expansion_v1:shadow_dragon_claw_animations"},{"type":"single","resource":"cosmetics:backpacks/wizard_backpack_texture"},{"type":"single","resource":"cosmetics:hats/santa_hat_tinted"},{"type":"single","resource":"cosmetic_expansion_v1:cyber_blade"}]}