{"credit":"MadewithBlockbench","textures":{"0":"magiccosmetics:item/tone","particle":"#0"},"elements":[{"from":[0,0,4],"to":[16,17,5],"faces":{"north":{"uv":[0,0,16,16],"texture":"#0","tintindex":0},"east":{"uv":[0,1,1,6],"texture":"#0","tintindex":0},"south":{"uv":[0,0,16,16],"texture":"#0","tintindex":0},"west":{"uv":[0,1,1,6],"texture":"#0","tintindex":0},"up":{"uv":[0,0,16,1],"texture":"#0","tintindex":0},"down":{"uv":[0,1,16,6],"texture":"#0","tintindex":0}}}],"gui_light":"front","display":{"ground":{"translation":[0,4.25,0]},"gui":{"translation":[0,-0.5,0],"scale":[0.99414,0.94922,1]}}}