{"credit":"Made with Blockbench","texture_size":[64,64],"textures":{"0":"ax_wings_pack:purple_wings","particle":"ax_wings_pack:purple_wings"},"elements":[{"from":[-8,0,0],"to":[8,18,0],"rotation":{"angle":22.5,"axis":"y","origin":[8,0,0]},"faces":{"north":{"uv":[0,0,4,4.5],"texture":"#0"},"east":{"uv":[0,0,0,4.5],"texture":"#0"},"south":{"uv":[4,0,8,4.5],"texture":"#0"},"west":{"uv":[0,0,0,4.5],"texture":"#0"},"up":{"uv":[4,0,0,0],"texture":"#0"},"down":{"uv":[4,0,0,0],"texture":"#0"}}},{"from":[8,0,0],"to":[24,18,0],"rotation":{"angle":-22.5,"axis":"y","origin":[8,0,0]},"faces":{"north":{"uv":[0,4.5,4,9],"texture":"#0"},"east":{"uv":[0,0,0,4.5],"texture":"#0"},"south":{"uv":[4,4.5,8,9],"texture":"#0"},"west":{"uv":[0,0,0,4.5],"texture":"#0"},"up":{"uv":[4,0,0,0],"texture":"#0"},"down":{"uv":[4,0,0,0],"texture":"#0"}}}],"display":{"thirdperson_righthand":{"rotation":[42,180,0],"translation":[0,1.5,-2],"scale":[0.3,0.3,0.3]},"thirdperson_lefthand":{"rotation":[42,180,0],"translation":[0,1.5,-2],"scale":[0.3,0.3,0.3]},"firstperson_righthand":{"translation":[5.75,0,0],"scale":[0.76,0.76,0.76]},"firstperson_lefthand":{"translation":[5.75,0,0],"scale":[0.76,0.76,0.76]},"ground":{"scale":[0.35,0.35,0.35]},"gui":{"scale":[0.56,0.56,0.64]},"head":{"translation":[0,-60,17.25],"scale":[1.75,1.75,1.75]},"fixed":{"rotation":[0,180,0],"translation":[0,0,-7.25]}},"gui_light":"front"}