{"credit":"Made by TiNYsx with Blockbench","texture_size":[32,32],"textures":{"1":"cosmetics:backpacks/backpack_bunny","particle":"cosmetics:backpacks/backpack_bunny"},"elements":[{"from":[3.875,0,6.0625],"to":[12.125,11,11.5625],"rotation":{"angle":0,"axis":"y","origin":[8,6.49101,8]},"faces":{"north":{"uv":[0,0,4.25,5.5],"texture":"#1"},"east":{"uv":[0,5.5,2.75,11],"texture":"#1"},"south":{"uv":[4.5,0,8.75,5.5],"texture":"#1"},"west":{"uv":[3,5.5,5.75,11],"texture":"#1"},"up":{"uv":[10.25,8.25,6,5.5],"texture":"#1"},"down":{"uv":[10.25,8.5,6,11.25],"texture":"#1"}}},{"from":[7,6,11.5625],"to":[9,7,12.5625],"rotation":{"angle":0,"axis":"y","origin":[8,6.49101,8]},"faces":{"north":{"uv":[12.5,10,13.5,10.5],"texture":"#1"},"east":{"uv":[13.5,3,14,3.5],"texture":"#1"},"south":{"uv":[12.5,10.5,13.5,11],"texture":"#1"},"west":{"uv":[13.5,3.5,14,4],"texture":"#1"},"up":{"uv":[13.5,11.5,12.5,11],"texture":"#1"},"down":{"uv":[12.5,12.5,11.5,13],"texture":"#1"}}},{"from":[11,1.92195,9.82989],"to":[12,3.67195,10.82989],"rotation":{"angle":-22.5,"axis":"x","origin":[8,6.49101,8]},"faces":{"north":{"uv":[10,4.5,10.5,5.5],"texture":"#1"},"east":{"uv":[12.5,12.5,13,13.5],"texture":"#1"},"south":{"uv":[13,0,13.5,1],"texture":"#1"},"west":{"uv":[13,1,13.5,2],"texture":"#1"},"up":{"uv":[4.5,14,4,13.5],"texture":"#1"},"down":{"uv":[14,4,13.5,4.5],"texture":"#1"}}},{"from":[10,0,11.5625],"to":[12,1,12.5625],"rotation":{"angle":0,"axis":"y","origin":[8,6.49101,8]},"faces":{"north":{"uv":[12.5,11.5,13.5,12],"texture":"#1"},"east":{"uv":[4.5,13.5,5,14],"texture":"#1"},"south":{"uv":[13,2,14,2.5],"texture":"#1"},"west":{"uv":[5,13.5,5.5,14],"texture":"#1"},"up":{"uv":[14,3,13,2.5],"texture":"#1"},"down":{"uv":[14,4.5,13,5],"texture":"#1"}}},{"from":[7.78681,2.75596,11.5625],"to":[9.78681,4.75596,13.0625],"rotation":{"angle":-22.5,"axis":"z","origin":[8,6.49101,8]},"faces":{"north":{"uv":[9,4.5,10,5.5],"texture":"#1"},"east":{"uv":[8.5,11.5,9.25,12.5],"texture":"#1"},"south":{"uv":[11.5,3.5,12.5,4.5],"texture":"#1"},"west":{"uv":[11.5,9,12.25,10],"texture":"#1"},"up":{"uv":[10.5,12.25,9.5,11.5],"texture":"#1"},"down":{"uv":[12.5,10,11.5,10.75],"texture":"#1"}}},{"from":[9.78681,3.00596,11.5625],"to":[11.53681,4.50596,13.0625],"rotation":{"angle":-22.5,"axis":"z","origin":[8,6.49101,8]},"faces":{"north":{"uv":[11.5,11,12.5,11.75],"texture":"#1"},"east":{"uv":[12.5,3.5,13.25,4.25],"texture":"#1"},"south":{"uv":[12,0,13,0.75],"texture":"#1"},"west":{"uv":[6.5,12.5,7.25,13.25],"texture":"#1"},"up":{"uv":[13,1.75,12,1],"texture":"#1"},"down":{"uv":[13,2,12,2.75],"texture":"#1"}}},{"from":[11.53681,3.25596,11.3125],"to":[13.03681,4.25596,12.8125],"rotation":{"angle":-22.5,"axis":"z","origin":[8,6.49101,8]},"faces":{"north":{"uv":[13,8,13.75,8.5],"texture":"#1"},"east":{"uv":[13,8.5,13.75,9],"texture":"#1"},"south":{"uv":[11.5,13,12.25,13.5],"texture":"#1"},"west":{"uv":[13,12,13.75,12.5],"texture":"#1"},"up":{"uv":[8.25,13.25,7.5,12.5],"texture":"#1"},"down":{"uv":[9.25,12.5,8.5,13.25],"texture":"#1"}}},{"from":[6.28681,3.00596,11.5625],"to":[7.78681,4.50596,12.5625],"rotation":{"angle":-22.5,"axis":"z","origin":[8,6.49101,8]},"faces":{"north":{"uv":[12.5,9,13.25,9.75],"texture":"#1"},"east":{"uv":[13,12.5,13.5,13.25],"texture":"#1"},"south":{"uv":[9.5,12.5,10.25,13.25],"texture":"#1"},"west":{"uv":[13.5,0,14,0.75],"texture":"#1"},"up":{"uv":[14.25,1.5,13.5,1],"texture":"#1"},"down":{"uv":[14.25,1.5,13.5,2],"texture":"#1"}}},{"from":[7.23043,9.82108,9.94623],"to":[9.73043,16.32108,10.94623],"rotation":{"angle":-22.5,"axis":"z","origin":[8,6.49101,8]},"faces":{"north":{"uv":[1,11,2.25,14.25],"texture":"#1"},"east":{"uv":[11.5,0,12,3.25],"texture":"#1"},"south":{"uv":[2.5,11,3.75,14.25],"texture":"#1"},"west":{"uv":[6,11.5,6.5,14.75],"texture":"#1"},"up":{"uv":[13.25,3.5,12,3],"texture":"#1"},"down":{"uv":[12.75,12,11.5,12.5],"texture":"#1"}}},{"from":[9,7.5,11.5625],"to":[11,9.5,12.5625],"rotation":{"angle":0,"axis":"y","origin":[8,6.49101,8]},"faces":{"north":{"uv":[6.5,11.5,7.5,12.5],"texture":"#1"},"east":{"uv":[13,5,13.5,6],"texture":"#1"},"south":{"uv":[7.5,11.5,8.5,12.5],"texture":"#1"},"west":{"uv":[13,6,13.5,7],"texture":"#1"},"up":{"uv":[14,7.5,13,7],"texture":"#1"},"down":{"uv":[14,7.5,13,8],"texture":"#1"}}},{"from":[5,7.5,11.5625],"to":[7,9.5,12.5625],"rotation":{"angle":0,"axis":"y","origin":[8,6.49101,8]},"faces":{"north":{"uv":[6.5,11.5,7.5,12.5],"texture":"#1"},"east":{"uv":[13,5,13.5,6],"texture":"#1"},"south":{"uv":[7.5,11.5,8.5,12.5],"texture":"#1"},"west":{"uv":[13,6,13.5,7],"texture":"#1"},"up":{"uv":[14,7.5,13,7],"texture":"#1"},"down":{"uv":[14,7.5,13,8],"texture":"#1"}}},{"from":[4,0,11.5625],"to":[6,1,12.5625],"rotation":{"angle":0,"axis":"y","origin":[1,6.49101,8]},"faces":{"north":{"uv":[12.5,11.5,13.5,12],"texture":"#1"},"east":{"uv":[4.5,13.5,5,14],"texture":"#1"},"south":{"uv":[13,2,14,2.5],"texture":"#1"},"west":{"uv":[5,13.5,5.5,14],"texture":"#1"},"up":{"uv":[14,3,13,2.5],"texture":"#1"},"down":{"uv":[14,4.5,13,5],"texture":"#1"}}},{"from":[4,1.92195,9.82989],"to":[5,3.67195,10.82989],"rotation":{"angle":-22.5,"axis":"x","origin":[1,6.49101,8]},"faces":{"north":{"uv":[10,4.5,10.5,5.5],"texture":"#1"},"east":{"uv":[12.5,12.5,13,13.5],"texture":"#1"},"south":{"uv":[13,0,13.5,1],"texture":"#1"},"west":{"uv":[13,1,13.5,2],"texture":"#1"},"up":{"uv":[4.5,14,4,13.5],"texture":"#1"},"down":{"uv":[14,4,13.5,4.5],"texture":"#1"}}},{"from":[4.025,2.25,1.3125],"to":[6.025,10.75,6.0625],"rotation":{"angle":0,"axis":"y","origin":[8.025,6.49101,8]},"faces":{"north":{"uv":[11.5,9,10.5,13.25],"texture":"#1"},"east":{"uv":[13,4.5,10.5,8.75],"texture":"#1"},"south":{"uv":[1,11,0,15.25],"texture":"#1"},"west":{"uv":[11.5,0,9,4.25],"texture":"#1"},"up":{"uv":[4,13.5,5,11],"texture":"#1"},"down":{"uv":[5,11,6,13.5],"texture":"#1"}}},{"from":[9.975,2.25,1.3125],"to":[11.975,10.75,6.0625],"rotation":{"angle":0,"axis":"y","origin":[7.975,6.49101,8]},"faces":{"north":{"uv":[10.5,9,11.5,13.25],"texture":"#1"},"east":{"uv":[9,0,11.5,4.25],"texture":"#1"},"south":{"uv":[0,11,1,15.25],"texture":"#1"},"west":{"uv":[10.5,4.5,13,8.75],"texture":"#1"},"up":{"uv":[5,13.5,4,11],"texture":"#1"},"down":{"uv":[6,11,5,13.5],"texture":"#1"}}},{"from":[6.26957,9.82108,9.94623],"to":[8.76957,16.32108,10.94623],"rotation":{"angle":22.5,"axis":"z","origin":[8,6.49101,8]},"faces":{"north":{"uv":[2.25,11,1,14.25],"texture":"#1"},"east":{"uv":[6.5,11.5,6,14.75],"texture":"#1"},"south":{"uv":[3.75,11,2.5,14.25],"texture":"#1"},"west":{"uv":[12,0,11.5,3.25],"texture":"#1"},"up":{"uv":[12,3.5,13.25,3],"texture":"#1"},"down":{"uv":[11.5,12,12.75,12.5],"texture":"#1"}}}],"gui_light":"front","display":{"thirdperson_righthand":{"rotation":[67,0,0],"translation":[-6,-5.75,10.75]},"thirdperson_lefthand":{"rotation":[67,0,0],"translation":[-6,-5.75,10.75]},"firstperson_righthand":{"rotation":[-20,0,0],"translation":[-9,0,-3]},"firstperson_lefthand":{"translation":[0,5.25,0],"scale":[0,0,0]},"ground":{"translation":[0,6,0]},"gui":{"rotation":[35,-35,0],"translation":[0.25,1,0],"scale":[0.8,0.8,0.8]},"head":{"translation":[0,-10.5,6.25],"scale":[1.6,1.6,1.6]},"fixed":{"rotation":[-90,-180,0],"translation":[0,0,-16],"scale":[2,2,2]}}}