{"credit":"Made by TiNYsx with Blockbench","texture_size":[32,32],"textures":{"1":"cosmetics:backpacks/backpack_pig","particle":"cosmetics:backpacks/backpack_pig"},"elements":[{"from":[4.125,0,5.9375],"to":[11.875,11,11.9475],"rotation":{"angle":0,"axis":"y","origin":[9.25,4.5,10.69]},"faces":{"north":{"uv":[0,0,4,5.5],"texture":"#1"},"east":{"uv":[0,5.5,3,11],"texture":"#1"},"south":{"uv":[4,0,8,5.5],"texture":"#1"},"west":{"uv":[3,5.5,6,11],"texture":"#1"},"up":{"uv":[10,8.5,6,5.5],"texture":"#1"},"down":{"uv":[12,0,8,3],"texture":"#1"}}},{"from":[9,7.5,11.9375],"to":[11,9.5,12.9375],"rotation":{"angle":0,"axis":"y","origin":[9.25,4.5,10.69]},"faces":{"north":{"uv":[2.5,11,3.5,12],"texture":"#1"},"east":{"uv":[5.5,11,6,12],"texture":"#1"},"south":{"uv":[11,3,12,4],"texture":"#1"},"west":{"uv":[11,10,11.5,11],"texture":"#1"},"up":{"uv":[12,11.5,11,11],"texture":"#1"},"down":{"uv":[12.5,7.5,11.5,8],"texture":"#1"}}},{"from":[6.5,5.25,11.9375],"to":[9.5,7.25,12.9375],"rotation":{"angle":0,"axis":"y","origin":[9.25,4.5,10.69]},"faces":{"north":{"uv":[10,7.5,11.5,8.5],"texture":"#1"},"east":{"uv":[11.5,10,12,11],"texture":"#1"},"south":{"uv":[1,11,2.5,12],"texture":"#1"},"west":{"uv":[11,11.5,11.5,12.5],"texture":"#1"},"up":{"uv":[12.5,7.5,11,7],"texture":"#1"},"down":{"uv":[12.5,9.5,11,10],"texture":"#1"}}},{"from":[9,0,11.9375],"to":[11,1,12.9375],"rotation":{"angle":0,"axis":"y","origin":[9.25,4.5,10.69]},"faces":{"north":{"uv":[11.5,8,12.5,8.5],"texture":"#1"},"east":{"uv":[12,2,12.5,2.5],"texture":"#1"},"south":{"uv":[11.5,11.5,12.5,12],"texture":"#1"},"west":{"uv":[2.5,12,3,12.5],"texture":"#1"},"up":{"uv":[13,0.5,12,0],"texture":"#1"},"down":{"uv":[13,0.5,12,1],"texture":"#1"}}},{"from":[11,10,7.9375],"to":[13,12,9.9375],"rotation":{"angle":0,"axis":"y","origin":[10,5.75,8]},"faces":{"north":{"uv":[3.5,11,4.5,12],"texture":"#1"},"east":{"uv":[11,4,12,5],"texture":"#1"},"south":{"uv":[4.5,11,5.5,12],"texture":"#1"},"west":{"uv":[11,5,12,6],"texture":"#1"},"up":{"uv":[12,7,11,6],"texture":"#1"},"down":{"uv":[12,8.5,11,9.5],"texture":"#1"}}},{"from":[10,2.75198,11.66206],"to":[11,4.50198,12.66206],"rotation":{"angle":-22.5,"axis":"x","origin":[9.25,4.5,10.69]},"faces":{"north":{"uv":[1,12,1.5,13],"texture":"#1"},"east":{"uv":[12,1,12.5,2],"texture":"#1"},"south":{"uv":[1.5,12,2,13],"texture":"#1"},"west":{"uv":[2,12,2.5,13],"texture":"#1"},"up":{"uv":[12.5,3,12,2.5],"texture":"#1"},"down":{"uv":[3.5,12,3,12.5],"texture":"#1"}}},{"from":[9.75,2.75,1.1875],"to":[11.75,11,5.9375],"rotation":{"angle":0,"axis":"y","origin":[10,5.75,8]},"faces":{"north":{"uv":[10,3,11,7.25],"texture":"#1"},"east":{"uv":[6,8.5,8.5,12.75],"texture":"#1"},"south":{"uv":[0,11,1,15.25],"texture":"#1"},"west":{"uv":[8.5,8.5,11,12.75],"texture":"#1"},"up":{"uv":[9,5.5,8,3],"texture":"#1"},"down":{"uv":[10,3,9,5.5],"texture":"#1"}}},{"from":[5,7.5,11.9375],"to":[7,9.5,12.9375],"rotation":{"angle":0,"axis":"y","origin":[5.25,4.5,10.69]},"faces":{"north":{"uv":[2.5,11,3.5,12],"texture":"#1"},"east":{"uv":[5.5,11,6,12],"texture":"#1"},"south":{"uv":[11,3,12,4],"texture":"#1"},"west":{"uv":[11,10,11.5,11],"texture":"#1"},"up":{"uv":[12,11.5,11,11],"texture":"#1"},"down":{"uv":[12.5,7.5,11.5,8],"texture":"#1"}}},{"from":[5,0,11.9375],"to":[7,1,12.9375],"rotation":{"angle":0,"axis":"y","origin":[6.75,4.5,10.69]},"faces":{"north":{"uv":[12.5,8,11.5,8.5],"texture":"#1"},"east":{"uv":[3,12,2.5,12.5],"texture":"#1"},"south":{"uv":[12.5,11.5,11.5,12],"texture":"#1"},"west":{"uv":[12.5,2,12,2.5],"texture":"#1"},"up":{"uv":[12,0.5,13,0],"texture":"#1"},"down":{"uv":[12,0.5,13,1],"texture":"#1"}}},{"from":[5,2.75198,11.66206],"to":[6,4.50198,12.66206],"rotation":{"angle":-22.5,"axis":"x","origin":[6.75,4.5,10.69]},"faces":{"north":{"uv":[1.5,12,1,13],"texture":"#1"},"east":{"uv":[2.5,12,2,13],"texture":"#1"},"south":{"uv":[2,12,1.5,13],"texture":"#1"},"west":{"uv":[12.5,1,12,2],"texture":"#1"},"up":{"uv":[12,3,12.5,2.5],"texture":"#1"},"down":{"uv":[3,12,3.5,12.5],"texture":"#1"}}},{"from":[4.25,2.75,1.1875],"to":[6.25,11,5.9375],"rotation":{"angle":0,"axis":"y","origin":[6,5.75,8]},"faces":{"north":{"uv":[11,3,10,7.25],"texture":"#1"},"east":{"uv":[11,8.5,8.5,12.75],"texture":"#1"},"south":{"uv":[1,11,0,15.25],"texture":"#1"},"west":{"uv":[8.5,8.5,6,12.75],"texture":"#1"},"up":{"uv":[8,5.5,9,3],"texture":"#1"},"down":{"uv":[9,3,10,5.5],"texture":"#1"}}},{"from":[3,10,7.9375],"to":[5,12,9.9375],"rotation":{"angle":0,"axis":"y","origin":[6,5.75,8]},"faces":{"north":{"uv":[4.5,11,3.5,12],"texture":"#1"},"east":{"uv":[12,5,11,6],"texture":"#1"},"south":{"uv":[5.5,11,4.5,12],"texture":"#1"},"west":{"uv":[12,4,11,5],"texture":"#1"},"up":{"uv":[11,7,12,6],"texture":"#1"},"down":{"uv":[11,8.5,12,9.5],"texture":"#1"}}}],"gui_light":"front","display":{"thirdperson_righthand":{"rotation":[67,0,0],"translation":[-6,-5.75,10.75]},"thirdperson_lefthand":{"rotation":[67,0,0],"translation":[-6,-5.75,10.75]},"firstperson_righthand":{"rotation":[-20,0,0],"translation":[-9,0,-3]},"firstperson_lefthand":{"translation":[0,5.25,0],"scale":[0,0,0]},"ground":{"translation":[0,6,0]},"gui":{"rotation":[35,-35,0],"translation":[0.25,1,0],"scale":[0.8,0.8,0.8]},"head":{"translation":[0,-10.5,6.25],"scale":[1.6,1.6,1.6]},"fixed":{"rotation":[-90,-180,0],"translation":[0,0,-16],"scale":[2,2,2]}}}