{"credit":"Made by TiNYsx with Blockbench","texture_size":[32,32],"textures":{"1":"cosmetics:backpacks/backpack_mouse","particle":"cosmetics:backpacks/backpack_mouse"},"elements":[{"from":[4.125,0,5],"to":[11.875,11,11.01],"rotation":{"angle":0,"axis":"y","origin":[10.25,6,7.3125]},"faces":{"north":{"uv":[0,0,4,5.5],"texture":"#1"},"east":{"uv":[0,5.5,3,11],"texture":"#1"},"south":{"uv":[4,0,8,5.5],"texture":"#1"},"west":{"uv":[3,5.5,6,11],"texture":"#1"},"up":{"uv":[10,8.5,6,5.5],"texture":"#1"},"down":{"uv":[12,0,8,3],"texture":"#1"}}},{"from":[11,10,8],"to":[14,13,8],"rotation":{"angle":0,"axis":"y","origin":[10.25,6,7.3125]},"faces":{"north":{"uv":[1,11,2.5,12.5],"texture":"#1"},"east":{"uv":[0,0,0,1.5],"texture":"#1"},"south":{"uv":[2.5,11,4,12.5],"texture":"#1"},"west":{"uv":[0,0,0,1.5],"texture":"#1"},"up":{"uv":[1.5,0,0,0],"texture":"#1"},"down":{"uv":[1.5,0,0,0],"texture":"#1"}}},{"from":[9,7,11],"to":[11,9,12],"rotation":{"angle":0,"axis":"y","origin":[10.25,6,7.3125]},"faces":{"north":{"uv":[4,11,5,12],"texture":"#1"},"east":{"uv":[12,3,12.5,4],"texture":"#1"},"south":{"uv":[11,4,12,5],"texture":"#1"},"west":{"uv":[4,12,4.5,13],"texture":"#1"},"up":{"uv":[13,4.5,12,4],"texture":"#1"},"down":{"uv":[5.5,12,4.5,12.5],"texture":"#1"}}},{"from":[10,0,11],"to":[11,1,12],"rotation":{"angle":0,"axis":"y","origin":[10.25,6,7.3125]},"faces":{"north":{"uv":[12,7.5,12.5,8],"texture":"#1"},"east":{"uv":[12,8,12.5,8.5],"texture":"#1"},"south":{"uv":[12,8.5,12.5,9],"texture":"#1"},"west":{"uv":[12,9,12.5,9.5],"texture":"#1"},"up":{"uv":[12.5,10,12,9.5],"texture":"#1"},"down":{"uv":[12.5,10,12,10.5],"texture":"#1"}}},{"from":[9,2,11],"to":[10,4,12],"rotation":{"angle":0,"axis":"y","origin":[10.25,6,7.3125]},"faces":{"north":{"uv":[12,4.5,12.5,5.5],"texture":"#1"},"east":{"uv":[5.5,12,6,13],"texture":"#1"},"south":{"uv":[12,5.5,12.5,6.5],"texture":"#1"},"west":{"uv":[12,6.5,12.5,7.5],"texture":"#1"},"up":{"uv":[12.5,11,12,10.5],"texture":"#1"},"down":{"uv":[11.5,12,11,12.5],"texture":"#1"}}},{"from":[7,5.5,11],"to":[9,7,11.5],"rotation":{"angle":0,"axis":"y","origin":[10.25,6,7.3125]},"faces":{"north":{"uv":[11,10,12,10.75],"texture":"#1"},"east":{"uv":[12.5,0,12.75,0.75],"texture":"#1"},"south":{"uv":[11,11,12,11.75],"texture":"#1"},"west":{"uv":[1,12.5,1.25,13.25],"texture":"#1"},"up":{"uv":[13,11.25,12,11],"texture":"#1"},"down":{"uv":[12.5,12,11.5,12.25],"texture":"#1"}}},{"from":[7,1,11],"to":[9,3,13],"rotation":{"angle":0,"axis":"y","origin":[10.25,6,7.3125]},"faces":{"north":{"uv":[5,11,6,12],"texture":"#1"},"east":{"uv":[11,5,12,6],"texture":"#1"},"south":{"uv":[11,6,12,7],"texture":"#1"},"west":{"uv":[11,7,12,8],"texture":"#1"},"up":{"uv":[12,9,11,8],"texture":"#1"},"down":{"uv":[12,9,11,10],"texture":"#1"}}},{"from":[9.7,2.25,0.25],"to":[11.7,10.75,5],"rotation":{"angle":0,"axis":"y","origin":[10.25,6,7.3125]},"faces":{"north":{"uv":[10,3,11,7.25],"texture":"#1"},"east":{"uv":[6,8.5,8.5,12.75],"texture":"#1"},"south":{"uv":[0,11,1,15.25],"texture":"#1"},"west":{"uv":[8.5,8.5,11,12.75],"texture":"#1"},"up":{"uv":[9,5.5,8,3],"texture":"#1"},"down":{"uv":[10,3,9,5.5],"texture":"#1"}}},{"from":[9,7,11],"to":[11,9,12],"rotation":{"angle":0,"axis":"y","origin":[10.25,6,7.3125]},"faces":{"north":{"uv":[10,7.5,11,8.5],"texture":"#1"},"east":{"uv":[12,0,12.5,1],"texture":"#1"},"south":{"uv":[11,3,12,4],"texture":"#1"},"west":{"uv":[12,1,12.5,2],"texture":"#1"},"up":{"uv":[13,2.5,12,2],"texture":"#1"},"down":{"uv":[13,2.5,12,3],"texture":"#1"}}},{"from":[4.3,2.25,0.25],"to":[6.3,10.75,5],"rotation":{"angle":0,"axis":"y","origin":[5.75,6,7.3125]},"faces":{"north":{"uv":[11,3,10,7.25],"texture":"#1"},"east":{"uv":[11,8.5,8.5,12.75],"texture":"#1"},"south":{"uv":[1,11,0,15.25],"texture":"#1"},"west":{"uv":[8.5,8.5,6,12.75],"texture":"#1"},"up":{"uv":[8,5.5,9,3],"texture":"#1"},"down":{"uv":[9,3,10,5.5],"texture":"#1"}}},{"from":[2,10,8],"to":[5,13,8],"rotation":{"angle":0,"axis":"y","origin":[5.75,6,7.3125]},"faces":{"north":{"uv":[2.5,11,1,12.5],"texture":"#1"},"east":{"uv":[0,0,0,1.5],"texture":"#1"},"south":{"uv":[4,11,2.5,12.5],"texture":"#1"},"west":{"uv":[0,0,0,1.5],"texture":"#1"},"up":{"uv":[0,0,1.5,0],"texture":"#1"},"down":{"uv":[0,0,1.5,0],"texture":"#1"}}},{"from":[5,0,11],"to":[6,1,12],"rotation":{"angle":0,"axis":"y","origin":[5.75,6,7.3125]},"faces":{"north":{"uv":[12.5,7.5,12,8],"texture":"#1"},"east":{"uv":[12.5,9,12,9.5],"texture":"#1"},"south":{"uv":[12.5,8.5,12,9],"texture":"#1"},"west":{"uv":[12.5,8,12,8.5],"texture":"#1"},"up":{"uv":[12,10,12.5,9.5],"texture":"#1"},"down":{"uv":[12,10,12.5,10.5],"texture":"#1"}}},{"from":[6,2,11],"to":[7,4,12],"rotation":{"angle":0,"axis":"y","origin":[5.75,6,7.3125]},"faces":{"north":{"uv":[12.5,4.5,12,5.5],"texture":"#1"},"east":{"uv":[12.5,6.5,12,7.5],"texture":"#1"},"south":{"uv":[12.5,5.5,12,6.5],"texture":"#1"},"west":{"uv":[6,12,5.5,13],"texture":"#1"},"up":{"uv":[12,11,12.5,10.5],"texture":"#1"},"down":{"uv":[11,12,11.5,12.5],"texture":"#1"}}},{"from":[5,7,11],"to":[7,9,12],"rotation":{"angle":0,"axis":"y","origin":[5.75,6,7.3125]},"faces":{"north":{"uv":[5,11,4,12],"texture":"#1"},"east":{"uv":[4.5,12,4,13],"texture":"#1"},"south":{"uv":[12,4,11,5],"texture":"#1"},"west":{"uv":[12.5,3,12,4],"texture":"#1"},"up":{"uv":[12,4.5,13,4],"texture":"#1"},"down":{"uv":[4.5,12,5.5,12.5],"texture":"#1"}}}],"display":{"thirdperson_righthand":{"rotation":[67,0,0],"translation":[-6,-5.75,10.75]},"thirdperson_lefthand":{"rotation":[67,0,0],"translation":[-6,-5.75,10.75]},"firstperson_righthand":{"rotation":[-20,0,0],"translation":[-9,0,-3]},"firstperson_lefthand":{"translation":[0,5.25,0],"scale":[0,0,0]},"ground":{"translation":[0,6,0]},"gui":{"rotation":[35,-35,0],"translation":[0.25,1,0],"scale":[0.8,0.8,0.8]},"head":{"translation":[0,-10.5,6.25],"scale":[1.6,1.6,1.6]},"fixed":{"rotation":[-90,-180,0],"translation":[0,0,-16],"scale":[2,2,2]}},"gui_light":"front"}