{"credit":"Made with Blockbench","texture_size":[64,64],"textures":{"0":"cosmetics:backpacks/samurai_backpack_texture","particle":"cosmetics:backpacks/samurai_backpack_texture"},"elements":[{"from":[4,0,8.5],"to":[12,9,11.5],"rotation":{"angle":0,"axis":"y","origin":[0,0,4.5]},"faces":{"north":{"uv":[2.5,0,4.5,2.25],"texture":"#0"},"east":{"uv":[7.25,6.5,8,8.75],"texture":"#0"},"south":{"uv":[2.5,2.25,4.5,4.5],"texture":"#0"},"west":{"uv":[7.5,0,8.25,2.25],"texture":"#0"},"up":{"uv":[9.5,3,7.5,2.25],"texture":"#0"},"down":{"uv":[9.5,3,7.5,3.75],"texture":"#0"}}},{"from":[3,0,4.5],"to":[13,10,8.5],"rotation":{"angle":0,"axis":"y","origin":[0,0,4.5]},"faces":{"north":{"uv":[0,0,2.5,2.5],"texture":"#0"},"east":{"uv":[5.25,6.5,6.25,9],"texture":"#0"},"south":{"uv":[0,2.5,2.5,5],"texture":"#0"},"west":{"uv":[6.25,6.5,7.25,9],"texture":"#0"},"up":{"uv":[2.5,8,0,7],"texture":"#0"},"down":{"uv":[5,7,2.5,8],"texture":"#0"}}},{"from":[2,9,4],"to":[14,12.5,7.5],"rotation":{"angle":-45,"axis":"x","origin":[8,11.5,6.5]},"faces":{"north":{"uv":[4.5,0,7.5,1],"texture":"#0"},"east":{"uv":[8,7,9,8],"texture":"#0"},"south":{"uv":[4.5,1,7.5,2],"texture":"#0"},"west":{"uv":[8,8,9,9],"texture":"#0"},"up":{"uv":[7.5,3,4.5,2],"texture":"#0"},"down":{"uv":[5.5,4.5,2.5,5.5],"texture":"#0"}}},{"from":[14,10,5],"to":[17,11.5,6.5],"rotation":{"angle":-45,"axis":"x","origin":[8,11.5,6.5]},"faces":{"north":{"uv":[8.5,4,9.25,4.5],"texture":"#0"},"east":{"uv":[2,5,2.5,5.5],"texture":"#0"},"south":{"uv":[8.5,4.5,9.25,5],"texture":"#0"},"west":{"uv":[9.25,0,9.75,0.5],"texture":"#0"},"up":{"uv":[5,9.25,4.25,8.75],"texture":"#0"},"down":{"uv":[8,8.75,7.25,9.25],"texture":"#0"}}},{"from":[-1,10,5],"to":[2,11.5,6.5],"rotation":{"angle":-45,"axis":"x","origin":[8,11.5,6.5]},"faces":{"north":{"uv":[9,1,9.75,1.5],"texture":"#0"},"east":{"uv":[9.25,0.5,9.75,1],"texture":"#0"},"south":{"uv":[9,1.5,9.75,2],"texture":"#0"},"west":{"uv":[0.75,9.25,1.25,9.75],"texture":"#0"},"up":{"uv":[5.75,9.5,5,9],"texture":"#0"},"down":{"uv":[6.5,9,5.75,9.5],"texture":"#0"}}},{"from":[2,-0.5,8],"to":[14,3,11.5],"rotation":{"angle":45,"axis":"x","origin":[8,4.5,6.5]},"faces":{"north":{"uv":[4.5,3,7.5,4],"texture":"#0"},"east":{"uv":[0,8.25,1,9.25],"texture":"#0"},"south":{"uv":[0,5.5,3,6.5],"texture":"#0"},"west":{"uv":[8.25,0,9.25,1],"texture":"#0"},"up":{"uv":[6,6.5,3,5.5],"texture":"#0"},"down":{"uv":[8.5,4,5.5,5],"texture":"#0"}}},{"from":[-1,0.5,9],"to":[2,2,10.5],"rotation":{"angle":45,"axis":"x","origin":[8,4.5,6.5]},"faces":{"north":{"uv":[6.5,9,7.25,9.5],"texture":"#0"},"east":{"uv":[1.25,9.25,1.75,9.75],"texture":"#0"},"south":{"uv":[9,7,9.75,7.5],"texture":"#0"},"west":{"uv":[1.75,9.25,2.25,9.75],"texture":"#0"},"up":{"uv":[9.75,8,9,7.5],"texture":"#0"},"down":{"uv":[8.75,9,8,9.5],"texture":"#0"}}},{"from":[14,0.5,9],"to":[17,2,10.5],"rotation":{"angle":45,"axis":"x","origin":[8,4.5,6.5]},"faces":{"north":{"uv":[9,8,9.75,8.5],"texture":"#0"},"east":{"uv":[2.25,9.25,2.75,9.75],"texture":"#0"},"south":{"uv":[9,8.5,9.75,9],"texture":"#0"},"west":{"uv":[2.75,9.25,3.25,9.75],"texture":"#0"},"up":{"uv":[9.5,9.5,8.75,9],"texture":"#0"},"down":{"uv":[0.75,9.25,0,9.75],"texture":"#0"}}},{"from":[15,11.6,4.9],"to":[16,11.6,6.6],"rotation":{"angle":-45,"axis":"x","origin":[8,11.5,6.5]},"faces":{"north":{"uv":[0,0,0.25,0],"texture":"#0"},"east":{"uv":[0,0,0.5,0],"texture":"#0"},"south":{"uv":[0,0,0.25,0],"texture":"#0"},"west":{"uv":[0,0,0.5,0],"texture":"#0"},"up":{"uv":[9.75,3.25,9.5,2.75],"texture":"#0"},"down":{"uv":[9.75,3.25,9.5,3.75],"texture":"#0"}}},{"from":[15,11.60071,6.39929],"to":[16,11.60071,8.09929],"rotation":{"angle":45,"axis":"x","origin":[8,11.50071,6.49929]},"faces":{"north":{"uv":[0,0,0.25,0],"texture":"#0"},"east":{"uv":[0,0,0.5,0],"texture":"#0"},"south":{"uv":[0,0,0.25,0],"texture":"#0"},"west":{"uv":[0,0,0.5,0],"texture":"#0"},"up":{"uv":[9.75,4.5,9.5,4],"texture":"#0"},"down":{"uv":[9.75,4.5,9.5,5],"texture":"#0"}}},{"from":[15,9.28009,4.90141],"to":[16,9.28009,6.60141],"rotation":{"angle":45,"axis":"x","origin":[8,9.38009,6.50141]},"faces":{"north":{"uv":[0,0,0.25,0],"texture":"#0"},"east":{"uv":[0,0,0.5,0],"texture":"#0"},"south":{"uv":[0,0,0.25,0],"texture":"#0"},"west":{"uv":[0,0,0.5,0],"texture":"#0"},"up":{"uv":[5.25,10,5,9.5],"texture":"#0"},"down":{"uv":[5.5,9.5,5.25,10],"texture":"#0"}}},{"from":[15,9.27939,6.40071],"to":[16,9.27939,8.10071],"rotation":{"angle":-45,"axis":"x","origin":[8,9.37939,6.50071]},"faces":{"north":{"uv":[0,0,0.25,0],"texture":"#0"},"east":{"uv":[0,0,0.5,0],"texture":"#0"},"south":{"uv":[0,0,0.25,0],"texture":"#0"},"west":{"uv":[0,0,0.5,0],"texture":"#0"},"up":{"uv":[5.75,10,5.5,9.5],"texture":"#0"},"down":{"uv":[6,9.5,5.75,10],"texture":"#0"}}},{"from":[15,1.08867,6.50141],"to":[16,9.23867,6.50141],"rotation":{"angle":0,"axis":"y","origin":[15.5,9.23867,6.50141]},"faces":{"north":{"uv":[3.25,8.25,3.5,10.25],"texture":"#0"},"east":{"uv":[0,0,0,2],"texture":"#0"},"south":{"uv":[3.5,8.25,3.75,10.25],"texture":"#0"},"west":{"uv":[0,0,0,2],"texture":"#0"},"up":{"uv":[0.25,0,0,0],"texture":"#0"},"down":{"uv":[0.25,0,0,0],"texture":"#0"}}},{"from":[15,0.38349,8.90212],"to":[16,2.08349,8.90212],"rotation":{"angle":45,"axis":"x","origin":[8,4.48349,6.50212]},"faces":{"north":{"uv":[6,9.5,6.25,10],"texture":"#0"},"east":{"uv":[0,0,0,0.5],"texture":"#0"},"south":{"uv":[6.25,9.5,6.5,10],"texture":"#0"},"west":{"uv":[0,0,0,0.5],"texture":"#0"},"up":{"uv":[0.25,0,0,0],"texture":"#0"},"down":{"uv":[0.25,0,0,0],"texture":"#0"}}},{"from":[15,0.38279,4.10141],"to":[16,2.08279,4.10141],"rotation":{"angle":-45,"axis":"x","origin":[8,4.48279,6.50141]},"faces":{"north":{"uv":[6.5,9.5,6.75,10],"texture":"#0"},"east":{"uv":[0,0,0,0.5],"texture":"#0"},"south":{"uv":[6.75,9.5,7,10],"texture":"#0"},"west":{"uv":[0,0,0,0.5],"texture":"#0"},"up":{"uv":[0.25,0,0,0],"texture":"#0"},"down":{"uv":[0.25,0,0,0],"texture":"#0"}}},{"from":[15,-2.3089,4.10212],"to":[16,-0.6089,4.10212],"rotation":{"angle":45,"axis":"x","origin":[8,-4.7089,6.50212]},"faces":{"north":{"uv":[7,9.5,7.25,10],"texture":"#0"},"east":{"uv":[0,0,0,0.5],"texture":"#0"},"south":{"uv":[8,9.5,8.25,10],"texture":"#0"},"west":{"uv":[0,0,0,0.5],"texture":"#0"},"up":{"uv":[0.25,0,0,0],"texture":"#0"},"down":{"uv":[0.25,0,0,0],"texture":"#0"}}},{"from":[15,-2.3096,8.90283],"to":[16,-0.6096,8.90283],"rotation":{"angle":-45,"axis":"x","origin":[8,-4.7096,6.50283]},"faces":{"north":{"uv":[8.25,9.5,8.5,10],"texture":"#0"},"east":{"uv":[0,0,0,0.5],"texture":"#0"},"south":{"uv":[8.5,9.5,8.75,10],"texture":"#0"},"west":{"uv":[0,0,0,0.5],"texture":"#0"},"up":{"uv":[0.25,0,0,0],"texture":"#0"},"down":{"uv":[0.25,0,0,0],"texture":"#0"}}},{"from":[0,0.38349,8.90212],"to":[1,2.08349,8.90212],"rotation":{"angle":45,"axis":"x","origin":[8,4.48349,6.50212]},"faces":{"north":{"uv":[8.75,9.5,9,10],"texture":"#0"},"east":{"uv":[0,0,0,0.5],"texture":"#0"},"south":{"uv":[9,9.5,9.25,10],"texture":"#0"},"west":{"uv":[0,0,0,0.5],"texture":"#0"},"up":{"uv":[0.25,0,0,0],"texture":"#0"},"down":{"uv":[0.25,0,0,0],"texture":"#0"}}},{"from":[0,-2.3096,8.90283],"to":[1,-0.6096,8.90283],"rotation":{"angle":-45,"axis":"x","origin":[8,-4.7096,6.50283]},"faces":{"north":{"uv":[9.5,9,9.75,9.5],"texture":"#0"},"east":{"uv":[0,0,0,0.5],"texture":"#0"},"south":{"uv":[9.25,9.5,9.5,10],"texture":"#0"},"west":{"uv":[0,0,0,0.5],"texture":"#0"},"up":{"uv":[0.25,0,0,0],"texture":"#0"},"down":{"uv":[0.25,0,0,0],"texture":"#0"}}},{"from":[0,0.38279,4.10141],"to":[1,2.08279,4.10141],"rotation":{"angle":-45,"axis":"x","origin":[8,4.48279,6.50141]},"faces":{"north":{"uv":[9.5,9.5,9.75,10],"texture":"#0"},"east":{"uv":[0,0,0,0.5],"texture":"#0"},"south":{"uv":[0,9.75,0.25,10.25],"texture":"#0"},"west":{"uv":[0,0,0,0.5],"texture":"#0"},"up":{"uv":[0.25,0,0,0],"texture":"#0"},"down":{"uv":[0.25,0,0,0],"texture":"#0"}}},{"from":[0,-2.3089,4.10212],"to":[1,-0.6089,4.10212],"rotation":{"angle":45,"axis":"x","origin":[8,-4.7089,6.50212]},"faces":{"north":{"uv":[9.75,0,10,0.5],"texture":"#0"},"east":{"uv":[0,0,0,0.5],"texture":"#0"},"south":{"uv":[0.25,9.75,0.5,10.25],"texture":"#0"},"west":{"uv":[0,0,0,0.5],"texture":"#0"},"up":{"uv":[0.25,0,0,0],"texture":"#0"},"down":{"uv":[0.25,0,0,0],"texture":"#0"}}},{"from":[0,1.08867,6.50141],"to":[1,9.23867,6.50141],"rotation":{"angle":0,"axis":"y","origin":[0.5,9.23867,6.50141]},"faces":{"north":{"uv":[3.75,8.25,4,10.25],"texture":"#0"},"east":{"uv":[0,0,0,2],"texture":"#0"},"south":{"uv":[4,8.25,4.25,10.25],"texture":"#0"},"west":{"uv":[0,0,0,2],"texture":"#0"},"up":{"uv":[0.25,0,0,0],"texture":"#0"},"down":{"uv":[0.25,0,0,0],"texture":"#0"}}},{"from":[0,11.60071,6.39929],"to":[1,11.60071,8.09929],"rotation":{"angle":45,"axis":"x","origin":[8,11.50071,6.49929]},"faces":{"north":{"uv":[0,0,0.25,0],"texture":"#0"},"east":{"uv":[0,0,0.5,0],"texture":"#0"},"south":{"uv":[0,0,0.25,0],"texture":"#0"},"west":{"uv":[0,0,0.5,0],"texture":"#0"},"up":{"uv":[0.75,10.25,0.5,9.75],"texture":"#0"},"down":{"uv":[10,0.5,9.75,1],"texture":"#0"}}},{"from":[0,9.27939,6.40071],"to":[1,9.27939,8.10071],"rotation":{"angle":-45,"axis":"x","origin":[8,9.37939,6.50071]},"faces":{"north":{"uv":[0,0,0.25,0],"texture":"#0"},"east":{"uv":[0,0,0.5,0],"texture":"#0"},"south":{"uv":[0,0,0.25,0],"texture":"#0"},"west":{"uv":[0,0,0.5,0],"texture":"#0"},"up":{"uv":[1,10.25,0.75,9.75],"texture":"#0"},"down":{"uv":[1.25,9.75,1,10.25],"texture":"#0"}}},{"from":[0,9.28009,4.90141],"to":[1,9.28009,6.60141],"rotation":{"angle":45,"axis":"x","origin":[8,9.38009,6.50141]},"faces":{"north":{"uv":[0,0,0.25,0],"texture":"#0"},"east":{"uv":[0,0,0.5,0],"texture":"#0"},"south":{"uv":[0,0,0.25,0],"texture":"#0"},"west":{"uv":[0,0,0.5,0],"texture":"#0"},"up":{"uv":[10,1.5,9.75,1],"texture":"#0"},"down":{"uv":[1.5,9.75,1.25,10.25],"texture":"#0"}}},{"from":[0,11.6,4.9],"to":[1,11.6,6.6],"rotation":{"angle":-45,"axis":"x","origin":[8,11.5,6.5]},"faces":{"north":{"uv":[0,0,0.25,0],"texture":"#0"},"east":{"uv":[0,0,0.5,0],"texture":"#0"},"south":{"uv":[0,0,0.25,0],"texture":"#0"},"west":{"uv":[0,0,0.5,0],"texture":"#0"},"up":{"uv":[1.75,10.25,1.5,9.75],"texture":"#0"},"down":{"uv":[10,1.5,9.75,2],"texture":"#0"}}},{"from":[-8,-2,9.5],"to":[-4,0,10.5],"rotation":{"angle":-45,"axis":"z","origin":[16,0,4.5]},"faces":{"north":{"uv":[4.5,4,5.5,4.5],"texture":"#0"},"east":{"uv":[1.75,9.75,2,10.25],"texture":"#0"},"south":{"uv":[0,5,1,5.5],"texture":"#0"},"west":{"uv":[2,9.75,2.25,10.25],"texture":"#0"},"up":{"uv":[9.25,2.25,8.25,2],"texture":"#0"},"down":{"uv":[10.25,2,9.25,2.25],"texture":"#0"}}},{"from":[-4,-3,8.5],"to":[-3,1,11.5],"rotation":{"angle":-45,"axis":"z","origin":[16,0,4.5]},"faces":{"north":{"uv":[5,7,5.25,8],"texture":"#0"},"east":{"uv":[1,8.25,1.75,9.25],"texture":"#0"},"south":{"uv":[9.25,4,9.5,5],"texture":"#0"},"west":{"uv":[8.25,1,9,2],"texture":"#0"},"up":{"uv":[5,10,4.75,9.25],"texture":"#0"},"down":{"uv":[7.5,9.25,7.25,10],"texture":"#0"}}},{"from":[-3,-2,9.5],"to":[18,0,10.5],"rotation":{"angle":-45,"axis":"z","origin":[16,0,4.5]},"faces":{"north":{"uv":[5.5,5,10.75,5.5],"texture":"#0"},"east":{"uv":[2.25,9.75,2.5,10.25],"texture":"#0"},"south":{"uv":[6,5.5,11.25,6],"texture":"#0"},"west":{"uv":[2.5,9.75,2.75,10.25],"texture":"#0"},"up":{"uv":[12.75,4,7.5,3.75],"texture":"#0"},"down":{"uv":[5.25,8,0,8.25],"texture":"#0"}}},{"from":[-2,-2,8.5],"to":[19,0,9.5],"rotation":{"angle":45,"axis":"z","origin":[0,0,4.5]},"faces":{"north":{"uv":[6,6,11.25,6.5],"texture":"#0"},"east":{"uv":[2.75,9.75,3,10.25],"texture":"#0"},"south":{"uv":[0,6.5,5.25,7],"texture":"#0"},"west":{"uv":[9.75,2.75,10,3.25],"texture":"#0"},"up":{"uv":[13.25,6.75,8,6.5],"texture":"#0"},"down":{"uv":[13.25,6.75,8,7],"texture":"#0"}}},{"from":[19,-3,7.5],"to":[20,1,10.5],"rotation":{"angle":45,"axis":"z","origin":[0,0,4.5]},"faces":{"north":{"uv":[4.25,9.25,4.5,10.25],"texture":"#0"},"east":{"uv":[1.75,8.25,2.5,9.25],"texture":"#0"},"south":{"uv":[4.5,9.25,4.75,10.25],"texture":"#0"},"west":{"uv":[2.5,8.25,3.25,9.25],"texture":"#0"},"up":{"uv":[7.75,10,7.5,9.25],"texture":"#0"},"down":{"uv":[8,9.25,7.75,10],"texture":"#0"}}},{"from":[20,-2,8.5],"to":[24,0,9.5],"rotation":{"angle":45,"axis":"z","origin":[0,0,4.5]},"faces":{"north":{"uv":[1,5,2,5.5],"texture":"#0"},"east":{"uv":[3,9.75,3.25,10.25],"texture":"#0"},"south":{"uv":[4.25,8.25,5.25,8.75],"texture":"#0"},"west":{"uv":[9.75,3.25,10,3.75],"texture":"#0"},"up":{"uv":[10.5,2.5,9.5,2.25],"texture":"#0"},"down":{"uv":[10.5,2.5,9.5,2.75],"texture":"#0"}}},{"from":[15,-5,9.5],"to":[16,-3,9.5],"rotation":{"angle":45,"axis":"z","origin":[0,0,4.5]},"faces":{"north":{"uv":[9.75,4,10,4.5],"texture":"#0"},"east":{"uv":[0,0,0,0.5],"texture":"#0"},"south":{"uv":[9.75,4.5,10,5],"texture":"#0"},"west":{"uv":[0,0,0,0.5],"texture":"#0"},"up":{"uv":[0.25,0,0,0],"texture":"#0"},"down":{"uv":[0.25,0,0,0],"texture":"#0"}}},{"from":[16,-4,9.5],"to":[17,-2,9.5],"rotation":{"angle":45,"axis":"z","origin":[0,0,4.5]},"faces":{"north":{"uv":[9.75,7,10,7.5],"texture":"#0"},"east":{"uv":[0,0,0,0.5],"texture":"#0"},"south":{"uv":[9.75,7.5,10,8],"texture":"#0"},"west":{"uv":[0,0,0,0.5],"texture":"#0"},"up":{"uv":[0.25,0,0,0],"texture":"#0"},"down":{"uv":[0.25,0,0,0],"texture":"#0"}}},{"from":[17,-3,9.5],"to":[18,-2,9.5],"rotation":{"angle":45,"axis":"z","origin":[0,0,4.5]},"faces":{"north":{"uv":[5,8.75,5.25,9],"texture":"#0"},"east":{"uv":[0,0,0,0.25],"texture":"#0"},"south":{"uv":[10,0,10.25,0.25],"texture":"#0"},"west":{"uv":[0,0,0,0.25],"texture":"#0"},"up":{"uv":[0.25,0,0,0],"texture":"#0"},"down":{"uv":[0.25,0,0,0],"texture":"#0"}}},{"from":[18,-4,9.5],"to":[19,-3,9.5],"rotation":{"angle":45,"axis":"z","origin":[0,0,4.5]},"faces":{"north":{"uv":[10,0.25,10.25,0.5],"texture":"#0"},"east":{"uv":[0,0,0,0.25],"texture":"#0"},"south":{"uv":[10,0.5,10.25,0.75],"texture":"#0"},"west":{"uv":[0,0,0,0.25],"texture":"#0"},"up":{"uv":[0.25,0,0,0],"texture":"#0"},"down":{"uv":[0.25,0,0,0],"texture":"#0"}}},{"from":[0,-5,10.5],"to":[1,-3,10.5],"rotation":{"angle":-45,"axis":"z","origin":[16,0,4.5]},"faces":{"north":{"uv":[9.75,8,10,8.5],"texture":"#0"},"east":{"uv":[0,0,0,0.5],"texture":"#0"},"south":{"uv":[9.75,8.5,10,9],"texture":"#0"},"west":{"uv":[0,0,0,0.5],"texture":"#0"},"up":{"uv":[0.25,0,0,0],"texture":"#0"},"down":{"uv":[0.25,0,0,0],"texture":"#0"}}},{"from":[-1,-4,10.5],"to":[0,-2,10.5],"rotation":{"angle":-45,"axis":"z","origin":[16,0,4.5]},"faces":{"north":{"uv":[9.75,9,10,9.5],"texture":"#0"},"east":{"uv":[0,0,0,0.5],"texture":"#0"},"south":{"uv":[9.75,9.5,10,10],"texture":"#0"},"west":{"uv":[0,0,0,0.5],"texture":"#0"},"up":{"uv":[0.25,0,0,0],"texture":"#0"},"down":{"uv":[0.25,0,0,0],"texture":"#0"}}},{"from":[-2,-3,10.5],"to":[-1,-2,10.5],"rotation":{"angle":-45,"axis":"z","origin":[16,0,4.5]},"faces":{"north":{"uv":[10,0.75,10.25,1],"texture":"#0"},"east":{"uv":[0,0,0,0.25],"texture":"#0"},"south":{"uv":[10,1,10.25,1.25],"texture":"#0"},"west":{"uv":[0,0,0,0.25],"texture":"#0"},"up":{"uv":[0.25,0,0,0],"texture":"#0"},"down":{"uv":[0.25,0,0,0],"texture":"#0"}}},{"from":[-3,-4,10.5],"to":[-2,-3,10.5],"rotation":{"angle":-45,"axis":"z","origin":[16,0,4.5]},"faces":{"north":{"uv":[10,1.25,10.25,1.5],"texture":"#0"},"east":{"uv":[0,0,0,0.25],"texture":"#0"},"south":{"uv":[10,1.5,10.25,1.75],"texture":"#0"},"west":{"uv":[0,0,0,0.25],"texture":"#0"},"up":{"uv":[0.25,0,0,0],"texture":"#0"},"down":{"uv":[0.25,0,0,0],"texture":"#0"}}}],"gui_light":"front","display":{"thirdperson_righthand":{"rotation":[90,180,0],"translation":[0,-0.5,-2.75]},"thirdperson_lefthand":{"rotation":[67,0,0],"translation":[-6,-8.5,10.75],"scale":[0.99,0.99,0.99]},"firstperson_righthand":{"rotation":[27,180,0],"translation":[2.5,-0.75,0]},"firstperson_lefthand":{"translation":[80,0,0]},"ground":{"translation":[0,3,0],"scale":[0.5,0.5,0.5]},"gui":{"rotation":[23,20,0],"translation":[0,1,0],"scale":[0.74,0.74,0.74]},"head":{"translation":[0,-12.5,10.25],"scale":[1.6,1.6,1.6]},"fixed":{"rotation":[0,180,0],"translation":[0,6.25,-8],"scale":[2,2,2]}}}