{"credit":"Made with Blockbench","texture_size":[64,64],"textures":{"0":"cosmetics:backpacks/futuristic_backpack_texture","particle":"cosmetics:backpacks/futuristic_backpack_texture"},"elements":[{"from":[1,2,5.5],"to":[2,10,8.5],"rotation":{"angle":0,"axis":"y","origin":[0,0,5.5]},"faces":{"north":{"uv":[3.75,9,4,11],"texture":"#0"},"east":{"uv":[7,6.75,7.75,8.75],"texture":"#0"},"south":{"uv":[0,9.5,0.25,11.5],"texture":"#0"},"west":{"uv":[4,7.5,4.75,9.5],"texture":"#0"},"up":{"uv":[2.5,8.5,2.25,7.75],"texture":"#0"},"down":{"uv":[5.25,10.25,5,11],"texture":"#0"}}},{"from":[2,3,8.5],"to":[3,9,10.5],"rotation":{"angle":0,"axis":"y","origin":[2.5,10.825,15.75]},"faces":{"north":{"uv":[1.75,9.5,2,11],"texture":"#0"},"east":{"uv":[7,8.75,7.5,10.25],"texture":"#0"},"south":{"uv":[2,9.5,2.25,11],"texture":"#0"},"west":{"uv":[7.5,8.75,8,10.25],"texture":"#0"},"up":{"uv":[2.5,9,2.25,8.5],"texture":"#0"},"down":{"uv":[2.75,10.5,2.5,11],"texture":"#0"}}},{"from":[5,9.3467,14.18198],"to":[7,11.4967,15.18198],"rotation":{"angle":-45,"axis":"x","origin":[7,6.6967,11.68198]},"faces":{"north":{"uv":[10.25,4.75,10.75,5.25],"texture":"#0"},"east":{"uv":[2.75,10.5,3,11],"texture":"#0"},"south":{"uv":[10.25,5.25,10.75,5.75],"texture":"#0"},"west":{"uv":[4,10.5,4.25,11],"texture":"#0"},"up":{"uv":[10.25,5.75,9.75,5.5],"texture":"#0"},"down":{"uv":[11,4.5,10.5,4.75],"texture":"#0"}}},{"from":[9,9.3467,14.18198],"to":[11,11.4967,15.18198],"rotation":{"angle":-45,"axis":"x","origin":[9,6.6967,11.68198]},"faces":{"north":{"uv":[5.75,10.25,6.25,10.75],"texture":"#0"},"east":{"uv":[4.25,10.5,4.5,11],"texture":"#0"},"south":{"uv":[10.25,5.75,10.75,6.25],"texture":"#0"},"west":{"uv":[10.5,6.75,10.75,7.25],"texture":"#0"},"up":{"uv":[11,7.5,10.5,7.25],"texture":"#0"},"down":{"uv":[11,7.5,10.5,7.75],"texture":"#0"}}},{"from":[5,2.6413,15.06066],"to":[11,4.7913,16.06066],"rotation":{"angle":45,"axis":"x","origin":[7,7.4413,9.56066]},"faces":{"north":{"uv":[8.75,0.5,10.25,1],"texture":"#0"},"east":{"uv":[10.5,7.75,10.75,8.25],"texture":"#0"},"south":{"uv":[8.75,1,10.25,1.5],"texture":"#0"},"west":{"uv":[10.5,9,10.75,9.5],"texture":"#0"},"up":{"uv":[5.5,9.75,4,9.5],"texture":"#0"},"down":{"uv":[11,4,9.5,4.25],"texture":"#0"}}},{"from":[13,3,8.5],"to":[14,9,10.5],"rotation":{"angle":0,"axis":"y","origin":[13.5,10.825,15.75]},"faces":{"north":{"uv":[9.5,4.25,9.75,5.75],"texture":"#0"},"east":{"uv":[8,8.75,8.5,10.25],"texture":"#0"},"south":{"uv":[5.5,9.5,5.75,11],"texture":"#0"},"west":{"uv":[8.5,8.75,9,10.25],"texture":"#0"},"up":{"uv":[10.5,11,10.25,10.5],"texture":"#0"},"down":{"uv":[10.75,10.5,10.5,11],"texture":"#0"}}},{"from":[14,2,5.5],"to":[15,10,8.5],"rotation":{"angle":0,"axis":"y","origin":[16,0,5.5]},"faces":{"north":{"uv":[0.25,9.5,0.5,11.5],"texture":"#0"},"east":{"uv":[4.75,7.5,5.5,9.5],"texture":"#0"},"south":{"uv":[0.5,9.5,0.75,11.5],"texture":"#0"},"west":{"uv":[5.5,7.5,6.25,9.5],"texture":"#0"},"up":{"uv":[10.75,2,10.5,1.25],"texture":"#0"},"down":{"uv":[2.5,10.5,2.25,11.25],"texture":"#0"}}},{"from":[4,-0.5587,15.06066],"to":[6,1.4413,18.06066],"rotation":{"angle":45,"axis":"x","origin":[7,7.4413,9.56066]},"faces":{"north":{"uv":[6.25,10.25,6.75,10.75],"texture":"#0"},"east":{"uv":[9.5,5.75,10.25,6.25],"texture":"#0"},"south":{"uv":[10.25,6.25,10.75,6.75],"texture":"#0"},"west":{"uv":[9.5,6.25,10.25,6.75],"texture":"#0"},"up":{"uv":[6.25,10.25,5.75,9.5],"texture":"#0"},"down":{"uv":[4.5,9.75,4,10.5],"texture":"#0"}}},{"from":[10,-0.5587,15.06066],"to":[12,1.4413,18.06066],"rotation":{"angle":45,"axis":"x","origin":[7,7.4413,9.56066]},"faces":{"north":{"uv":[6.75,10.25,7.25,10.75],"texture":"#0"},"east":{"uv":[9.75,4.25,10.5,4.75],"texture":"#0"},"south":{"uv":[7.25,10.25,7.75,10.75],"texture":"#0"},"west":{"uv":[4.5,9.75,5.25,10.25],"texture":"#0"},"up":{"uv":[10.25,5.5,9.75,4.75],"texture":"#0"},"down":{"uv":[10.25,8.25,9.75,9],"texture":"#0"}}},{"from":[4,12.6967,14.18198],"to":[6,14.6967,17.18198],"rotation":{"angle":-45,"axis":"x","origin":[7,6.6967,11.68198]},"faces":{"north":{"uv":[7.75,10.25,8.25,10.75],"texture":"#0"},"east":{"uv":[9,9.75,9.75,10.25],"texture":"#0"},"south":{"uv":[8.25,10.25,8.75,10.75],"texture":"#0"},"west":{"uv":[9.75,9,10.5,9.5],"texture":"#0"},"up":{"uv":[10.25,10.25,9.75,9.5],"texture":"#0"},"down":{"uv":[10.5,1.5,10,2.25],"texture":"#0"}}},{"from":[10,12.6967,14.18198],"to":[12,14.6967,17.18198],"rotation":{"angle":-45,"axis":"x","origin":[7,6.6967,11.68198]},"faces":{"north":{"uv":[10.25,8.25,10.75,8.75],"texture":"#0"},"east":{"uv":[2.25,10,3,10.5],"texture":"#0"},"south":{"uv":[8.75,10.25,9.25,10.75],"texture":"#0"},"west":{"uv":[10,2.25,10.75,2.75],"texture":"#0"},"up":{"uv":[3.5,10.75,3,10],"texture":"#0"},"down":{"uv":[10.75,0.5,10.25,1.25],"texture":"#0"}}},{"from":[2,0,5.5],"to":[14,12,8.5],"rotation":{"angle":0,"axis":"y","origin":[0,0,5.5]},"faces":{"north":{"uv":[0,0,3,3],"texture":"#0"},"east":{"uv":[2.5,6,3.25,9],"texture":"#0"},"south":{"uv":[0,3,3,6],"texture":"#0"},"west":{"uv":[3.25,6,4,9],"texture":"#0"},"up":{"uv":[7,6.75,4,6],"texture":"#0"},"down":{"uv":[7,6.75,4,7.5],"texture":"#0"}}},{"from":[3,8.6967,10.18198],"to":[13,12.6967,13.18198],"rotation":{"angle":-45,"axis":"x","origin":[7,6.6967,11.68198]},"faces":{"north":{"uv":[5.5,0,8,1],"texture":"#0"},"east":{"uv":[2.25,9,3,10],"texture":"#0"},"south":{"uv":[5.5,1,8,2],"texture":"#0"},"west":{"uv":[3,9,3.75,10],"texture":"#0"},"up":{"uv":[2.5,7.75,0,7],"texture":"#0"},"down":{"uv":[9.5,3,7,3.75],"texture":"#0"}}},{"from":[4,8.2967,13.18198],"to":[12,14.6967,14.18198],"rotation":{"angle":-45,"axis":"x","origin":[7,6.6967,11.68198]},"faces":{"north":{"uv":[3,3,5,4.5],"texture":"#0"},"east":{"uv":[5.25,9.75,5.5,11.25],"texture":"#0"},"south":{"uv":[3,4.5,5,6],"texture":"#0"},"west":{"uv":[3.5,10,3.75,11.5],"texture":"#0"},"up":{"uv":[11.5,3.25,9.5,3],"texture":"#0"},"down":{"uv":[11.5,3.25,9.5,3.5],"texture":"#0"}}},{"from":[4,-1.14449,15.47487],"to":[12,5.25551,16.47487],"rotation":{"angle":45,"axis":"x","origin":[5,8.85551,10.97487]},"faces":{"north":{"uv":[5,3,7,4.5],"texture":"#0"},"east":{"uv":[4.5,10.25,4.75,11.75],"texture":"#0"},"south":{"uv":[5,4.5,7,6],"texture":"#0"},"west":{"uv":[4.75,10.25,5,11.75],"texture":"#0"},"up":{"uv":[11.5,3.75,9.5,3.5],"texture":"#0"},"down":{"uv":[11.5,3.75,9.5,4],"texture":"#0"}}},{"from":[4,12.6967,11.18198],"to":[12,14.6967,13.18198],"rotation":{"angle":-45,"axis":"x","origin":[7,6.6967,11.68198]},"faces":{"north":{"uv":[8,1.5,10,2],"texture":"#0"},"east":{"uv":[9.25,10.25,9.75,10.75],"texture":"#0"},"south":{"uv":[8,2,10,2.5],"texture":"#0"},"west":{"uv":[10.25,9.5,10.75,10],"texture":"#0"},"up":{"uv":[10,3,8,2.5],"texture":"#0"},"down":{"uv":[9.75,8.25,7.75,8.75],"texture":"#0"}}},{"from":[4,2.26972,13.23223],"to":[12,4.26972,15.23223],"rotation":{"angle":45,"axis":"x","origin":[7,10.26972,6.73223]},"faces":{"north":{"uv":[8.5,6.75,10.5,7.25],"texture":"#0"},"east":{"uv":[9.75,10.25,10.25,10.75],"texture":"#0"},"south":{"uv":[8.5,7.25,10.5,7.75],"texture":"#0"},"west":{"uv":[10.25,10,10.75,10.5],"texture":"#0"},"up":{"uv":[10.5,8.25,8.5,7.75],"texture":"#0"},"down":{"uv":[10.75,0,8.75,0.5],"texture":"#0"}}},{"from":[4,2.42084,11.31838],"to":[7,9.59584,12.31838],"rotation":{"angle":0,"axis":"y","origin":[5,1.19584,9.56838]},"faces":{"north":{"uv":[6.25,7.5,7,9.25],"texture":"#0"},"east":{"uv":[0.75,9.5,1,11.25],"texture":"#0"},"south":{"uv":[0,7.75,0.75,9.5],"texture":"#0"},"west":{"uv":[1,9.5,1.25,11.25],"texture":"#0"},"up":{"uv":[10.75,3,10,2.75],"texture":"#0"},"down":{"uv":[11,8.75,10.25,9],"texture":"#0"}}},{"from":[9,2.42084,11.31838],"to":[12,9.59584,12.31838],"rotation":{"angle":0,"axis":"y","origin":[11,1.19584,9.56838]},"faces":{"north":{"uv":[0.75,7.75,1.5,9.5],"texture":"#0"},"east":{"uv":[1.25,9.5,1.5,11.25],"texture":"#0"},"south":{"uv":[1.5,7.75,2.25,9.5],"texture":"#0"},"west":{"uv":[1.5,9.5,1.75,11.25],"texture":"#0"},"up":{"uv":[11.25,2.25,10.5,2],"texture":"#0"},"down":{"uv":[11.25,4.25,10.5,4.5],"texture":"#0"}}},{"from":[3,-0.6967,10.18198],"to":[13,3.3033,13.18198],"rotation":{"angle":45,"axis":"x","origin":[6,5.3033,11.68198]},"faces":{"north":{"uv":[5.5,2,8,3],"texture":"#0"},"east":{"uv":[9,8.75,9.75,9.75],"texture":"#0"},"south":{"uv":[0,6,2.5,7],"texture":"#0"},"west":{"uv":[6.25,9.25,7,10.25],"texture":"#0"},"up":{"uv":[9.5,4.5,7,3.75],"texture":"#0"},"down":{"uv":[9.5,4.5,7,5.25],"texture":"#0"}}},{"from":[3,2.82843,8.32843],"to":[13,9.17843,11.32843],"rotation":{"angle":0,"axis":"y","origin":[8,4.82843,9.82843]},"faces":{"north":{"uv":[3,0,5.5,1.5],"texture":"#0"},"east":{"uv":[7.75,6.75,8.5,8.25],"texture":"#0"},"south":{"uv":[3,1.5,5.5,3],"texture":"#0"},"west":{"uv":[8,0,8.75,1.5],"texture":"#0"},"up":{"uv":[9.5,6,7,5.25],"texture":"#0"},"down":{"uv":[9.5,6,7,6.75],"texture":"#0"}}}],"gui_light":"front","display":{"thirdperson_righthand":{"rotation":[90,180,0],"translation":[0,-2.75,-4]},"thirdperson_lefthand":{"rotation":[67,0,0],"translation":[-6,-6.25,9.25],"scale":[0.99,0.99,0.99]},"firstperson_righthand":{"rotation":[47,180,0],"translation":[0.75,-1,0]},"firstperson_lefthand":{"translation":[80,0,0]},"ground":{"translation":[0,4,0],"scale":[0.5,0.5,0.5]},"gui":{"rotation":[0,30,0],"translation":[0,1.5,0],"scale":[0.75,0.75,0.75]},"head":{"translation":[0,-15,8],"scale":[1.6,1.6,1.6]},"fixed":{"rotation":[0,180,0],"translation":[0,3,-3],"scale":[2,2,2]}}}