{"credit":"Made by TiNYsx with Blockbench","texture_size":[24,24],"textures":{"0":"tinywing:wing4-sheet","particle":"tinywing:wing4-sheet"},"elements":[{"from":[-12,-2,8],"to":[8,18,8],"rotation":{"angle":22.5,"axis":"y","origin":[8,-2,8]},"faces":{"north":{"uv":[13.33333,0,0,13.33333],"texture":"#0"},"south":{"uv":[0,0,13.33333,13.33333],"texture":"#0"}}},{"from":[8,-2,8],"to":[28,18,8],"rotation":{"angle":-22.5,"axis":"y","origin":[8,-2,8]},"faces":{"north":{"uv":[0,0,13.33333,13.33333],"texture":"#0"},"south":{"uv":[13.33333,0,0,13.33333],"texture":"#0"}}}],"gui_light":"front","display":{"thirdperson_righthand":{"rotation":[67,0,0],"translation":[-6,-6,6]},"thirdperson_lefthand":{"rotation":[67,0,0],"translation":[-6,-6,6]},"firstperson_righthand":{"rotation":[0,-22.25,0],"translation":[0,5.25,2.25],"scale":[0.33,0.33,0.33]},"firstperson_lefthand":{"scale":[0,0,0]},"ground":{"rotation":[-90,0,0],"scale":[0.44,0.44,0.44]},"gui":{"scale":[0.4,0.4,0.4]},"head":{"translation":[0,-65,3.5],"scale":[1.6,1.6,1.6]},"fixed":{"rotation":[0,180,0]}}}