{"textures":{"particle":"cosmetics:hats/gfx_3d_glasses"},"elements":[{"from":[7,3,3],"to":[9,5,4],"faces":{"north":{"uv":[7.33333,4,8.66667,5.33333],"texture":"#particle"},"east":{"uv":[9.33333,4,8.66667,5.33333],"texture":"#particle"},"south":{"uv":[9.33333,4,10.66667,5.33333],"texture":"#particle"},"west":{"uv":[8.66667,4,9.33333,5.33333],"texture":"#particle"},"down":{"uv":[7.33333,5.33333,8.66667,6],"texture":"#particle"}}},{"from":[3,3,3],"to":[4,5,4],"faces":{"north":{"uv":[12.66667,4,13.33333,5.33333],"texture":"#particle"},"east":{"uv":[12,4,12.66667,5.33333],"texture":"#particle"},"south":{"uv":[14,4,14.66667,5.33333],"texture":"#particle"},"west":{"uv":[13.33333,4,14,5.33333],"texture":"#particle"},"down":{"uv":[13.33333,6,12.66667,5.33333],"texture":"#particle"}}},{"from":[12,3,3],"to":[13,5,4],"faces":{"north":{"uv":[13.33333,4,12.66667,5.33333],"texture":"#particle"},"east":{"uv":[14,4,13.33333,5.33333],"texture":"#particle"},"south":{"uv":[14.66667,4,14,5.33333],"texture":"#particle"},"west":{"uv":[12.66667,4,12,5.33333],"texture":"#particle"},"down":{"uv":[12.66667,6,13.33333,5.33333],"texture":"#particle"}}},{"from":[3,5,3],"to":[13,6,4],"faces":{"north":{"uv":[0.66667,1.33333,7.33333,2],"texture":"#particle"},"east":{"uv":[8,1.33333,7.33333,2],"texture":"#particle"},"south":{"uv":[8,1.33333,14.66667,2],"texture":"#particle"},"west":{"uv":[7.33333,1.33333,8,2],"texture":"#particle"},"up":{"uv":[7.33333,1.33333,0.66667,0.66667],"texture":"#particle"},"down":{"uv":[7.33333,2.66667,0.66667,2],"texture":"#particle"}}},{"from":[3,4,4],"to":[4,5,5],"faces":{"east":{"uv":[12.66667,7.33333,13.33333,8],"texture":"#particle"},"south":{"uv":[12,7.33333,12.66667,8],"texture":"#particle"},"west":{"uv":[11.33333,7.33333,12,8],"texture":"#particle"},"down":{"uv":[12.66667,8.66667,12,8],"texture":"#particle"}}},{"from":[12,4,4],"to":[13,5,5],"faces":{"east":{"uv":[12,7.33333,11.33333,8],"texture":"#particle"},"south":{"uv":[12.66667,7.33333,12,8],"texture":"#particle"},"west":{"uv":[13.33333,7.33333,12.66667,8],"texture":"#particle"},"down":{"uv":[12,8.66667,12.66667,8],"texture":"#particle"}}},{"from":[3,5,4],"to":[4,6,11],"faces":{"east":{"uv":[0.66667,12,5.33333,12.66667],"texture":"#particle"},"south":{"uv":[5.33333,10,6,10.66667],"texture":"#particle"},"west":{"uv":[0.66667,10,5.33333,10.66667],"texture":"#particle"},"up":{"uv":[8,12,7.33333,7.33333],"texture":"#particle"},"down":{"uv":[10,12,9.33333,7.33333],"texture":"#particle"}}},{"from":[12,5,4],"to":[13,6,11],"faces":{"east":{"uv":[5.33333,10,0.66667,10.66667],"texture":"#particle"},"south":{"uv":[6,10,5.33333,10.66667],"texture":"#particle"},"west":{"uv":[5.33333,12,0.66667,12.66667],"texture":"#particle"},"up":{"uv":[7.33333,12,8,7.33333],"texture":"#particle"},"down":{"uv":[9.33333,12,10,7.33333],"texture":"#particle"}}},{"from":[3,4,10],"to":[4,5,11],"faces":{"north":{"uv":[12,10,12.66667,10.66667],"texture":"#particle"},"east":{"uv":[11.33333,10,12,10.66667],"texture":"#particle"},"south":{"uv":[13.33333,10,14,10.66667],"texture":"#particle"},"west":{"uv":[12.66667,10,13.33333,10.66667],"texture":"#particle"},"down":{"uv":[12.66667,11.33333,12,10.66667],"texture":"#particle"}}},{"from":[12,4,10],"to":[13,5,11],"faces":{"north":{"uv":[12.66667,10,12,10.66667],"texture":"#particle"},"east":{"uv":[13.33333,10,12.66667,10.66667],"texture":"#particle"},"south":{"uv":[14,10,13.33333,10.66667],"texture":"#particle"},"west":{"uv":[12,10,11.33333,10.66667],"texture":"#particle"},"down":{"uv":[12,11.33333,12.66667,10.66667],"texture":"#particle"}}},{"from":[4,2,3],"to":[7,3,4],"faces":{"north":{"uv":[1.33333,7.33333,3.33333,8],"texture":"#particle"},"east":{"uv":[0.66667,7.33333,1.33333,8],"texture":"#particle"},"south":{"uv":[4,7.33333,6,8],"texture":"#particle"},"west":{"uv":[3.33333,7.33333,4,8],"texture":"#particle"},"up":{"uv":[3.33333,7.33333,1.33333,6.66667],"texture":"#particle"},"down":{"uv":[3.33333,8.66667,1.33333,8],"texture":"#particle"}}},{"from":[9,2,3],"to":[12,3,4],"faces":{"north":{"uv":[1.33333,7.33333,3.33333,8],"texture":"#particle"},"east":{"uv":[0.66667,7.33333,1.33333,8],"texture":"#particle"},"south":{"uv":[4,7.33333,6,8],"texture":"#particle"},"west":{"uv":[3.33333,7.33333,4,8],"texture":"#particle"},"up":{"uv":[3.33333,7.33333,1.33333,6.66667],"texture":"#particle"},"down":{"uv":[3.33333,8.66667,1.33333,8],"texture":"#particle"}}},{"from":[4,3,3.4688],"to":[12,5,3.4788],"faces":{"north":{"uv":[0.66667,4,6,5.33333],"texture":"#particle"},"south":{"uv":[6,4,0.66667,5.33333],"texture":"#particle"}}}],"display":{"thirdperson_righthand":{"rotation":[75,45,0],"translation":[0,2.5,1],"scale":[0.55,0.55,0.55]},"firstperson_righthand":{"rotation":[0,45,0],"translation":[1.5,3,0.5],"scale":[0.4,0.4,0.4]},"ground":{"translation":[0,3,0]},"gui":{"rotation":[30,225,0],"translation":[-1,3.5,0]},"head":{"translation":[0,6.4,0],"scale":[1.6,1.6,1.6]},"fixed":{"rotation":[-73.25,0,0],"translation":[0,4.25,-9],"scale":[2,2,2]}},"gui_light":"front"}