{"credit":"Made with Blockbench","texture_size":[64,64],"textures":{"1":"cosmetics:hats/alien","particle":"#1"},"elements":[{"from":[3,13,2.75],"to":[6,16,5.75],"rotation":{"angle":22.5,"axis":"z","origin":[9,8,8.25]},"faces":{"north":{"uv":[7,6.5,7.75,7.25],"texture":"#1"},"east":{"uv":[6.25,6.5,7,7.25],"texture":"#1"},"south":{"uv":[8.5,6.5,9.25,7.25],"texture":"#1"},"west":{"uv":[7.75,6.5,8.5,7.25],"texture":"#1"},"up":{"uv":[7.75,6.5,7,5.75],"texture":"#1"},"down":{"uv":[8.5,5.75,7.75,6.5],"texture":"#1"}}},{"from":[4,11,3.25],"to":[5,13,5.25],"rotation":{"angle":22.5,"axis":"z","origin":[9,8,8.25]},"faces":{"north":{"uv":[3.5,7,3.75,7.5],"texture":"#1"},"east":{"uv":[3,7,3.5,7.5],"texture":"#1"},"south":{"uv":[4.25,7,4.5,7.5],"texture":"#1"},"west":{"uv":[3.75,7,4.25,7.5],"texture":"#1"},"up":{"uv":[3.75,7,3.5,6.5],"texture":"#1"},"down":{"uv":[4,6.5,3.75,7],"texture":"#1"}}},{"from":[3.5,13.5,2.25],"to":[5.5,15.5,4.25],"rotation":{"angle":22.5,"axis":"z","origin":[9,8,8.25]},"faces":{"north":{"uv":[0.5,1.25,1,1.75],"texture":"#1"},"east":{"uv":[0,1.25,0.5,1.75],"texture":"#1"},"south":{"uv":[1.5,1.25,2,1.75],"texture":"#1"},"west":{"uv":[1,1.25,1.5,1.75],"texture":"#1"},"up":{"uv":[1,1.25,0.5,0.75],"texture":"#1"},"down":{"uv":[1.5,0.75,1,1.25],"texture":"#1"}}},{"from":[3,6.25,3],"to":[13,9.25,13],"rotation":{"angle":0,"axis":"y","origin":[8,6.25,8]},"faces":{"north":{"uv":[2.5,2.5,5,3.25],"texture":"#1"},"east":{"uv":[0,2.5,2.5,3.25],"texture":"#1"},"south":{"uv":[7.5,2.5,10,3.25],"texture":"#1"},"west":{"uv":[5,2.5,7.5,3.25],"texture":"#1"},"up":{"uv":[5,2.5,2.5,0],"texture":"#1"},"down":{"uv":[7.5,0,5,2.5],"texture":"#1"}}},{"from":[7.5,9.25,9],"to":[8.5,13.25,10],"rotation":{"angle":22.5,"axis":"x","origin":[3.5,6.25,8]},"faces":{"north":{"uv":[6,7.5,6.25,8.5],"texture":"#1"},"east":{"uv":[5.75,7.5,6,8.5],"texture":"#1"},"south":{"uv":[6.5,7.5,6.75,8.5],"texture":"#1"},"west":{"uv":[6.25,7.5,6.5,8.5],"texture":"#1"},"up":{"uv":[6.25,7.5,6,7.25],"texture":"#1"},"down":{"uv":[6.5,7.25,6.25,7.5],"texture":"#1"}}},{"from":[6.5,15.25,8],"to":[9.5,15.25,11],"rotation":{"angle":22.5,"axis":"x","origin":[3.5,6.25,8]},"faces":{"north":{"uv":[0.75,0.75,1.5,0.75],"texture":"#1"},"east":{"uv":[0,0.75,0.75,0.75],"texture":"#1"},"south":{"uv":[2.25,0.75,3,0.75],"texture":"#1"},"west":{"uv":[1.5,0.75,2.25,0.75],"texture":"#1"},"up":{"uv":[1.5,0.75,0.75,0],"texture":"#1"},"down":{"uv":[2.25,0,1.5,0.75],"texture":"#1"}}},{"from":[6,14.25,7.5],"to":[10,14.25,11.5],"rotation":{"angle":22.5,"axis":"x","origin":[3.5,6.25,8]},"faces":{"north":{"uv":[6,11,7,11],"texture":"#1"},"east":{"uv":[5,11,6,11],"texture":"#1"},"south":{"uv":[8,11,9,11],"texture":"#1"},"west":{"uv":[7,11,8,11],"texture":"#1"},"up":{"uv":[7,11,6,10],"texture":"#1"},"down":{"uv":[8,10,7,11],"texture":"#1"}}},{"from":[7.25,15.75,9],"to":[8.25,15.75,10],"rotation":{"angle":22.5,"axis":"x","origin":[3.5,6.25,8]},"faces":{"north":{"uv":[0.25,0.25,0.5,0.25],"texture":"#1"},"east":{"uv":[0,0.25,0.25,0.25],"texture":"#1"},"south":{"uv":[0.75,0.25,1,0.25],"texture":"#1"},"west":{"uv":[0.5,0.25,0.75,0.25],"texture":"#1"},"up":{"uv":[0.5,0.25,0.25,0],"texture":"#1"},"down":{"uv":[0.75,0,0.5,0.25],"texture":"#1"}}},{"from":[4,5.25,3],"to":[12,6.25,4],"rotation":{"angle":0,"axis":"y","origin":[8,6.25,8]},"faces":{"north":{"uv":[6,3.5,8,3.75],"texture":"#1"},"east":{"uv":[5.75,3.5,6,3.75],"texture":"#1"},"south":{"uv":[8.25,3.5,10.25,3.75],"texture":"#1"},"west":{"uv":[8,3.5,8.25,3.75],"texture":"#1"},"up":{"uv":[8,3.5,6,3.25],"texture":"#1"},"down":{"uv":[10,3.25,8,3.5],"texture":"#1"}}},{"from":[3,0.5,3.25],"to":[13,3.5,6.25],"rotation":{"angle":0,"axis":"y","origin":[8,6.25,8]},"faces":{"north":{"uv":[0.75,4,3.25,4.75],"texture":"#1"},"east":{"uv":[0,4,0.75,4.75],"texture":"#1"},"south":{"uv":[4,4,6.5,4.75],"texture":"#1"},"west":{"uv":[3.25,4,4,4.75],"texture":"#1"},"up":{"uv":[3.25,4,0.75,3.25],"texture":"#1"},"down":{"uv":[5.75,3.25,3.25,4],"texture":"#1"}}},{"from":[11,3.5,3.25],"to":[13,4.5,4.25],"rotation":{"angle":0,"axis":"y","origin":[8,6.25,8]},"faces":{"north":{"uv":[7.75,1.5,8.25,1.75],"texture":"#1"},"east":{"uv":[7.5,1.5,7.75,1.75],"texture":"#1"},"south":{"uv":[8.5,1.5,9,1.75],"texture":"#1"},"west":{"uv":[8.25,1.5,8.5,1.75],"texture":"#1"},"up":{"uv":[8.25,1.5,7.75,1.25],"texture":"#1"},"down":{"uv":[8.75,1.25,8.25,1.5],"texture":"#1"}}},{"from":[3,3.5,3.25],"to":[5,4.5,4.25],"rotation":{"angle":0,"axis":"y","origin":[8,6.25,8]},"faces":{"north":{"uv":[7.75,1,8.25,1.25],"texture":"#1"},"east":{"uv":[7.5,1,7.75,1.25],"texture":"#1"},"south":{"uv":[8.5,1,9,1.25],"texture":"#1"},"west":{"uv":[8.25,1,8.5,1.25],"texture":"#1"},"up":{"uv":[8.25,1,7.75,0.75],"texture":"#1"},"down":{"uv":[8.75,0.75,8.25,1],"texture":"#1"}}},{"from":[10,13,2.75],"to":[13,16,5.75],"rotation":{"angle":-22.5,"axis":"z","origin":[7,8,8.25]},"faces":{"north":{"uv":[0.75,7.25,1.5,8],"texture":"#1"},"east":{"uv":[0,7.25,0.75,8],"texture":"#1"},"south":{"uv":[2.25,7.25,3,8],"texture":"#1"},"west":{"uv":[1.5,7.25,2.25,8],"texture":"#1"},"up":{"uv":[1.5,7.25,0.75,6.5],"texture":"#1"},"down":{"uv":[2.25,6.5,1.5,7.25],"texture":"#1"}}},{"from":[11,11,3.25],"to":[12,13,5.25],"rotation":{"angle":-22.5,"axis":"z","origin":[7,8,8.25]},"faces":{"north":{"uv":[5,7,5.25,7.5],"texture":"#1"},"east":{"uv":[4.5,7,5,7.5],"texture":"#1"},"south":{"uv":[5.75,7,6,7.5],"texture":"#1"},"west":{"uv":[5.25,7,5.75,7.5],"texture":"#1"},"up":{"uv":[5.25,7,5,6.5],"texture":"#1"},"down":{"uv":[5.5,6.5,5.25,7],"texture":"#1"}}},{"from":[10.5,13.5,2.25],"to":[12.5,15.5,4.25],"rotation":{"angle":-22.5,"axis":"z","origin":[7,8,8.25]},"faces":{"north":{"uv":[3,5.25,3.5,5.75],"texture":"#1"},"east":{"uv":[2.5,5.25,3,5.75],"texture":"#1"},"south":{"uv":[4,5.25,4.5,5.75],"texture":"#1"},"west":{"uv":[3.5,5.25,4,5.75],"texture":"#1"},"up":{"uv":[3.5,5.25,3,4.75],"texture":"#1"},"down":{"uv":[4,4.75,3.5,5.25],"texture":"#1"}}},{"from":[6.75,8.25,2.5],"to":[9.75,11.25,6.5],"rotation":{"angle":0,"axis":"y","origin":[6.75,5.25,7.5]},"faces":{"north":{"uv":[7,4.75,7.75,5.5],"texture":"#1"},"east":{"uv":[6,4.75,7,5.5],"texture":"#1"},"south":{"uv":[8.75,4.75,9.5,5.5],"texture":"#1"},"west":{"uv":[7.75,4.75,8.75,5.5],"texture":"#1"},"up":{"uv":[7.75,4.75,7,3.75],"texture":"#1"},"down":{"uv":[8.5,3.75,7.75,4.75],"texture":"#1"}}},{"from":[7.25,8.75,2],"to":[9.25,10.75,3],"rotation":{"angle":0,"axis":"y","origin":[6.75,5.25,7.5]},"faces":{"north":{"uv":[7.75,0.25,8.25,0.75],"texture":"#1"},"east":{"uv":[7.5,0.25,7.75,0.75],"texture":"#1"},"south":{"uv":[8.5,0.25,9,0.75],"texture":"#1"},"west":{"uv":[8.25,0.25,8.5,0.75],"texture":"#1"},"up":{"uv":[8.25,0.25,7.75,0],"texture":"#1"},"down":{"uv":[8.75,0,8.25,0.25],"texture":"#1"}}},{"from":[4.75,7.75,2.75],"to":[7.75,10.75,6.75],"rotation":{"angle":0,"axis":"y","origin":[4.75,4.75,7.75]},"faces":{"north":{"uv":[4.5,5.75,5.25,6.5],"texture":"#1"},"east":{"uv":[3.5,5.75,4.5,6.5],"texture":"#1"},"south":{"uv":[6.25,5.75,7,6.5],"texture":"#1"},"west":{"uv":[5.25,5.75,6.25,6.5],"texture":"#1"},"up":{"uv":[5.25,5.75,4.5,4.75],"texture":"#1"},"down":{"uv":[6,4.75,5.25,5.75],"texture":"#1"}}},{"from":[5.25,8.25,2.25],"to":[7.25,10.25,3.25],"rotation":{"angle":0,"axis":"y","origin":[4.75,4.75,7.75]},"faces":{"north":{"uv":[7,7.5,7.5,8],"texture":"#1"},"east":{"uv":[6.75,7.5,7,8],"texture":"#1"},"south":{"uv":[7.75,7.5,8.25,8],"texture":"#1"},"west":{"uv":[7.5,7.5,7.75,8],"texture":"#1"},"up":{"uv":[7.5,7.5,7,7.25],"texture":"#1"},"down":{"uv":[8,7.25,7.5,7.5],"texture":"#1"}}},{"from":[8.75,7.75,2.75],"to":[11.75,10.75,6.75],"rotation":{"angle":0,"axis":"y","origin":[8.75,4.75,7.75]},"faces":{"north":{"uv":[1,5.75,1.75,6.5],"texture":"#1"},"east":{"uv":[0,5.75,1,6.5],"texture":"#1"},"south":{"uv":[2.75,5.75,3.5,6.5],"texture":"#1"},"west":{"uv":[1.75,5.75,2.75,6.5],"texture":"#1"},"up":{"uv":[1.75,5.75,1,4.75],"texture":"#1"},"down":{"uv":[2.5,4.75,1.75,5.75],"texture":"#1"}}},{"from":[9.25,8.25,2.25],"to":[11.25,10.25,3.25],"rotation":{"angle":0,"axis":"y","origin":[8.75,4.75,7.75]},"faces":{"north":{"uv":[0.25,2,0.75,2.5],"texture":"#1"},"east":{"uv":[0,2,0.25,2.5],"texture":"#1"},"south":{"uv":[1,2,1.5,2.5],"texture":"#1"},"west":{"uv":[0.75,2,1,2.5],"texture":"#1"},"up":{"uv":[0.75,2,0.25,1.75],"texture":"#1"},"down":{"uv":[1.25,1.75,0.75,2],"texture":"#1"}}},{"from":[9.75,8.75,2.2],"to":[10.75,9.75,2.2],"rotation":{"angle":0,"axis":"y","origin":[8.75,4.75,7.75]},"faces":{"north":{"uv":[11,8.75,11.25,9],"texture":"#1"},"east":{"uv":[11,8.75,11,9],"texture":"#1"},"south":{"uv":[11.25,8.75,11.5,9],"texture":"#1"},"west":{"uv":[11.25,8.75,11.25,9],"texture":"#1"},"up":{"uv":[11.25,8.75,11,8.75],"texture":"#1"},"down":{"uv":[11.5,8.75,11.25,8.75],"texture":"#1"}}},{"from":[12.75,11.75,2.2],"to":[13.75,12.75,2.2],"rotation":{"angle":0,"axis":"y","origin":[8.75,4.75,7.75]},"faces":{"north":{"uv":[11,8.75,11.25,9],"texture":"#1"},"east":{"uv":[11,8.75,11,9],"texture":"#1"},"south":{"uv":[11.25,8.75,11.5,9],"texture":"#1"},"west":{"uv":[11.25,8.75,11.25,9],"texture":"#1"},"up":{"uv":[11.25,8.75,11,8.75],"texture":"#1"},"down":{"uv":[11.5,8.75,11.25,8.75],"texture":"#1"}}},{"from":[2.25,11.75,2.2],"to":[3.25,12.75,2.2],"rotation":{"angle":0,"axis":"y","origin":[8.75,4.75,7.75]},"faces":{"north":{"uv":[11,8.75,11.25,9],"texture":"#1"},"east":{"uv":[11,8.75,11,9],"texture":"#1"},"south":{"uv":[11.25,8.75,11.5,9],"texture":"#1"},"west":{"uv":[11.25,8.75,11.25,9],"texture":"#1"},"up":{"uv":[11.25,8.75,11,8.75],"texture":"#1"},"down":{"uv":[11.5,8.75,11.25,8.75],"texture":"#1"}}},{"from":[5.75,8.75,2.2],"to":[6.75,9.75,2.2],"rotation":{"angle":0,"axis":"y","origin":[8.75,4.75,7.75]},"faces":{"north":{"uv":[11,8.75,11.25,9],"texture":"#1"},"east":{"uv":[11,8.75,11,9],"texture":"#1"},"south":{"uv":[11.25,8.75,11.5,9],"texture":"#1"},"west":{"uv":[11.25,8.75,11.25,9],"texture":"#1"},"up":{"uv":[11.25,8.75,11,8.75],"texture":"#1"},"down":{"uv":[11.5,8.75,11.25,8.75],"texture":"#1"}}},{"from":[7.75,9.25,1.95],"to":[8.75,10.25,1.95],"rotation":{"angle":0,"axis":"y","origin":[8.75,4.75,7.75]},"faces":{"north":{"uv":[11,8.75,11.25,9],"texture":"#1"},"east":{"uv":[11,8.75,11,9],"texture":"#1"},"south":{"uv":[11.25,8.75,11.5,9],"texture":"#1"},"west":{"uv":[11.25,8.75,11.25,9],"texture":"#1"},"up":{"uv":[11.25,8.75,11,8.75],"texture":"#1"},"down":{"uv":[11.5,8.75,11.25,8.75],"texture":"#1"}}}],"display":{"thirdperson_righthand":{"scale":[0.5,0.5,0.5]},"thirdperson_lefthand":{"scale":[0.5,0.5,0.5]},"firstperson_righthand":{"translation":[6.25,0,0]},"firstperson_lefthand":{"translation":[8.75,0,0]},"gui":{"rotation":[16,147,0],"translation":[1,1.25,0]},"head":{"translation":[0,5,0],"scale":[1.6,1.6,1.6]},"fixed":{"translation":[0,0.75,0]}},"gui_light":"front"}