{"credit":"Made with Blockbench","texture_size":[64,64],"textures":{"0":"cosmetics:hats/astronaut_helmet","particle":"#0"},"elements":[{"from":[2.5,0.75,2.575],"to":[13.5,1.75,8.575],"rotation":{"angle":0,"axis":"y","origin":[22,12.75,0.075]},"faces":{"north":{"uv":[7.5,8,10.25,8.25],"texture":"#0"},"east":{"uv":[6,8,7.5,8.25],"texture":"#0"},"south":{"uv":[11.75,8,14.5,8.25],"texture":"#0"},"west":{"uv":[10.25,8,11.75,8.25],"texture":"#0"},"up":{"uv":[10.25,8,7.5,6.5],"texture":"#0"},"down":{"uv":[13,6.5,10.25,8],"texture":"#0"}}},{"from":[2.5,0.75,8.575],"to":[13.5,10.75,12.575],"rotation":{"angle":0,"axis":"y","origin":[22,12.75,0.075]},"faces":{"north":{"uv":[1,5.5,3.75,8],"texture":"#0"},"east":{"uv":[0,5.5,1,8],"texture":"#0"},"south":{"uv":[4.75,5.5,7.5,8],"texture":"#0"},"west":{"uv":[3.75,5.5,4.75,8],"texture":"#0"},"up":{"uv":[3.75,5.5,1,4.5],"texture":"#0"},"down":{"uv":[6.5,4.5,3.75,5.5],"texture":"#0"}}},{"from":[2.5,1.75,5.575],"to":[13.5,4.75,8.575],"rotation":{"angle":0,"axis":"y","origin":[22,12.75,0.075]},"faces":{"north":{"uv":[7.75,0.75,10.5,1.5],"texture":"#0"},"east":{"uv":[7,0.75,7.75,1.5],"texture":"#0"},"south":{"uv":[11.25,0.75,14,1.5],"texture":"#0"},"west":{"uv":[10.5,0.75,11.25,1.5],"texture":"#0"},"up":{"uv":[10.5,0.75,7.75,0],"texture":"#0"},"down":{"uv":[13.25,0,10.5,0.75],"texture":"#0"}}},{"from":[3.5,1.75,3.575],"to":[12.5,9.75,13.575],"rotation":{"angle":0,"axis":"y","origin":[22,12.75,0.075]},"faces":{"north":{"uv":[2.5,2.5,4.75,4.5],"texture":"#0"},"east":{"uv":[0,2.5,2.5,4.5],"texture":"#0"},"south":{"uv":[7.25,2.5,9.5,4.5],"texture":"#0"},"west":{"uv":[4.75,2.5,7.25,4.5],"texture":"#0"},"up":{"uv":[4.75,2.5,2.5,0],"texture":"#0"},"down":{"uv":[7,0,4.75,2.5],"texture":"#0"}}}],"display":{"thirdperson_righthand":{"scale":[0.5,0.5,0.5]},"thirdperson_lefthand":{"scale":[0.5,0.5,0.5]},"firstperson_righthand":{"translation":[6.75,0,0]},"firstperson_lefthand":{"translation":[5.25,0,0]},"gui":{"rotation":[12,135,0],"translation":[0,2.5,0]},"head":{"translation":[0,4.25,0],"scale":[1.6,1.6,1.6]},"fixed":{"translation":[0,1.75,0]}},"gui_light":"front"}