{"textures":{"particle":"cosmetics:hats/astro"},"elements":[{"name":"Element","from":[3,6,3],"to":[13,9,13],"faces":{"north":{"uv":[0.33333,3.66667,3.66667,4.66667],"texture":"#particle"},"east":{"uv":[3.66667,8.66667,0.33333,9.66667],"texture":"#particle"},"south":{"uv":[0.33333,10.33333,3.66667,11.33333],"texture":"#particle"},"west":{"uv":[0.33333,8.66667,3.66667,9.66667],"texture":"#particle"},"up":{"uv":[3.66667,3.66667,0.33333,0.33333],"texture":"#particle"},"down":{"uv":[3.66667,8,0.33333,4.66667],"texture":"#particle"}}},{"name":"Element","from":[5,9,4],"to":[7,10,14],"faces":{"north":{"uv":[3.66667,14,4.33333,14.33333],"texture":"#particle"},"east":{"uv":[0.33333,14,3.66667,14.33333],"texture":"#particle"},"south":{"uv":[7.66667,14,8.33333,14.33333],"texture":"#particle"},"west":{"uv":[4.33333,14,7.66667,14.33333],"texture":"#particle"},"up":{"uv":[9,5.66667,8.33333,2.33333],"texture":"#particle"}}},{"name":"Element","from":[9,9,4],"to":[11,10,14],"faces":{"north":{"uv":[4.33333,14,3.66667,14.33333],"texture":"#particle"},"east":{"uv":[7.66667,14,4.33333,14.33333],"texture":"#particle"},"south":{"uv":[8.33333,14,7.66667,14.33333],"texture":"#particle"},"west":{"uv":[3.66667,14,0.33333,14.33333],"texture":"#particle"},"up":{"uv":[8.33333,5.66667,9,2.33333],"texture":"#particle"}}},{"name":"Element","from":[5,4,13],"to":[7,9,14],"faces":{"east":{"uv":[9.33333,6.33333,9.66667,8],"texture":"#particle"},"south":{"uv":[8.66667,6.33333,9.33333,8],"texture":"#particle"},"west":{"uv":[8.33333,6.33333,8.66667,8],"texture":"#particle"},"down":{"uv":[8.66667,8,9.33333,8.33333],"texture":"#particle"}}},{"name":"Element","from":[9,4,13],"to":[11,9,14],"faces":{"east":{"uv":[8.66667,6.33333,8.33333,8],"texture":"#particle"},"south":{"uv":[9.33333,6.33333,8.66667,8],"texture":"#particle"},"west":{"uv":[9.66667,6.33333,9.33333,8],"texture":"#particle"},"down":{"uv":[9.33333,8,8.66667,8.33333],"texture":"#particle"}}},{"name":"Element","from":[6,2,13],"to":[10,6,15],"faces":{"east":{"uv":[12.33333,6.66667,13,8],"texture":"#particle"},"south":{"uv":[11,6.66667,12.33333,8],"texture":"#particle"},"west":{"uv":[10.33333,6.66667,11,8],"texture":"#particle"},"up":{"uv":[11,6,12.33333,6.66667],"texture":"#particle"},"down":{"uv":[11,8,12.33333,8.66667],"texture":"#particle"}}},{"name":"Element","from":[3,2,8],"to":[13,6,13],"faces":{"north":{"uv":[0.33333,12,3.66667,13.33333],"texture":"#particle"},"east":{"uv":[5.33333,12,3.66667,13.33333],"texture":"#particle"},"south":{"uv":[5.33333,12,8.66667,13.33333],"texture":"#particle"},"west":{"uv":[3.66667,12,5.33333,13.33333],"texture":"#particle"}}},{"name":"Element","from":[3,0,3],"to":[13,2,13],"faces":{"north":{"uv":[4.33333,3.66667,7.66667,4.33333],"texture":"#particle"},"east":{"uv":[7.66667,8.33333,4.33333,9],"texture":"#particle"},"south":{"uv":[4.33333,9.66667,7.66667,10.33333],"texture":"#particle"},"west":{"uv":[4.33333,8.33333,7.66667,9],"texture":"#particle"},"up":{"uv":[7.66667,3.66667,4.33333,0.33333],"texture":"#particle"},"down":{"uv":[7.66667,7.66667,4.33333,4.33333],"texture":"#particle"}}},{"name":"Element","from":[5,0.5,2.5],"to":[6,1.5,3.5],"faces":{"north":{"uv":[8.66667,9.33333,9,9.66667],"texture":"#particle"},"east":{"uv":[8.33333,9.33333,8.66667,9.66667],"texture":"#particle"},"west":{"uv":[9,9.33333,9.33333,9.66667],"texture":"#particle"},"up":{"uv":[9,9.33333,8.66667,9],"texture":"#particle"},"down":{"uv":[9,10,8.66667,9.66667],"texture":"#particle"}}},{"name":"Element","from":[10,0.5,2.5],"to":[11,1.5,3.5],"faces":{"north":{"uv":[9,9.33333,8.66667,9.66667],"texture":"#particle"},"east":{"uv":[9.33333,9.33333,9,9.66667],"texture":"#particle"},"west":{"uv":[8.66667,9.33333,8.33333,9.66667],"texture":"#particle"},"up":{"uv":[8.66667,9.33333,9,9],"texture":"#particle"},"down":{"uv":[8.66667,10,9,9.66667],"texture":"#particle"}}},{"name":"Element","from":[2.5,2.5,7],"to":[3.5,5.5,10],"rotation":{"angle":22.5,"axis":"x","origin":[3,4,8.5]},"faces":{"north":{"uv":[10.66667,3.33333,11,4.33333],"texture":"#particle"},"east":{"uv":[9.66667,3.33333,10.66667,4.33333],"texture":"#particle"},"south":{"uv":[12,3.33333,12.33333,4.33333],"texture":"#particle"},"west":{"uv":[11,3.33333,12,4.33333],"texture":"#particle"},"up":{"uv":[11,3.33333,10.66667,2.33333],"texture":"#particle"},"down":{"uv":[11,5.33333,10.66667,4.33333],"texture":"#particle"}}},{"name":"Element","from":[12.5,2.5,7],"to":[13.5,5.5,10],"rotation":{"angle":22.5,"axis":"x","origin":[13,4,8.5]},"faces":{"north":{"uv":[11,3.33333,10.66667,4.33333],"texture":"#particle"},"east":{"uv":[12,3.33333,11,4.33333],"texture":"#particle"},"south":{"uv":[12.33333,3.33333,12,4.33333],"texture":"#particle"},"west":{"uv":[10.66667,3.33333,9.66667,4.33333],"texture":"#particle"},"up":{"uv":[10.66667,3.33333,11,2.33333],"texture":"#particle"},"down":{"uv":[10.66667,5.33333,11,4.33333],"texture":"#particle"}}},{"name":"Element","from":[1.5,3.5,8.25],"to":[2.5,10.5,9.25],"rotation":{"angle":22.5,"axis":"x","origin":[2.5,4.5,8.5]},"faces":{"north":{"uv":[13.33333,2.66667,13.66667,5],"texture":"#particle"},"east":{"uv":[13,2.66667,13.33333,5],"texture":"#particle"},"south":{"uv":[14,2.66667,14.33333,5],"texture":"#particle"},"west":{"uv":[13.66667,2.66667,14,5],"texture":"#particle"},"up":{"uv":[13.66667,2.66667,13.33333,2.33333],"texture":"#particle"},"down":{"uv":[13.66667,5.33333,13.33333,5],"texture":"#particle"}}},{"name":"Element","from":[3.5,2,3.5],"to":[12.5,6,3.51],"faces":{"north":{"uv":[10,0.33333,13,1.66667],"texture":"#particle"},"south":{"uv":[13,0.33333,10,1.66667],"texture":"#particle"}}},{"name":"Element","from":[3.5,2,3.5],"to":[3.51,6,8.5],"faces":{"east":{"uv":[14.66667,0.33333,13,1.66667],"texture":"#particle"},"west":{"uv":[13,0.33333,14.66667,1.66667],"texture":"#particle"}}},{"name":"Element","from":[12.49,2,3.5],"to":[12.5,6,8.5],"faces":{"east":{"uv":[8.33333,0.33333,10,1.66667],"texture":"#particle"},"west":{"uv":[10,0.33333,8.33333,1.66667],"texture":"#particle"}}}],"display":{"thirdperson_righthand":{"rotation":[75,45,0],"translation":[-0.75,2.5,0.75],"scale":[0.55,0.55,0.55]},"firstperson_righthand":{"rotation":[0,45,0],"translation":[1,3.75,0.5],"scale":[0.4,0.4,0.4]},"ground":{"translation":[0,5.25,0]},"gui":{"rotation":[30,225,0],"translation":[0,2,0],"scale":[0.8,0.8,0.8]},"head":{"translation":[0,5.25,-0.75],"scale":[1.61,1.61,1.61]},"fixed":{"rotation":[-90,90,0],"translation":[0,0,-16],"scale":[2,2,2]}},"gui_light":"front"}