{"textures":{"particle":"cosmetics:hats/gfx_aviator_hat"},"elements":[{"from":[4,9,4],"to":[12,10,12],"rotation":{"angle":0,"axis":"y","origin":[12,13,11]},"faces":{"north":{"uv":[7.66667,0.33333,10.33333,0.66667],"texture":"#particle"},"east":{"uv":[10.33333,1.33333,7.66667,1.66667],"texture":"#particle"},"south":{"uv":[7.66667,2.33333,10.33333,2.66667],"texture":"#particle"},"west":{"uv":[7.66667,1.33333,10.33333,1.66667],"texture":"#particle"},"up":{"uv":[7,3,4.33333,0.33333],"texture":"#particle"}}},{"from":[3,5,3],"to":[13,9,13],"rotation":{"angle":0,"axis":"y","origin":[12,13,11]},"faces":{"north":{"uv":[0.33333,3.66667,3.66667,5],"texture":"#particle"},"east":{"uv":[7,3.66667,3.66667,5],"texture":"#particle"},"south":{"uv":[7,3.66667,10.33333,5],"texture":"#particle"},"west":{"uv":[3.66667,3.66667,7,5],"texture":"#particle"},"up":{"uv":[3.66667,3.66667,0.33333,0.33333],"texture":"#particle"},"down":{"uv":[3.66667,8.33333,0.33333,5],"texture":"#particle"}}},{"from":[3.5,9.15328,1.7294],"to":[7.5,10.15328,3.7294],"rotation":{"angle":22.5,"axis":"x","origin":[7,8.65328,2.2294]},"faces":{"north":{"uv":[11.66667,9.33333,13,9.66667],"texture":"#particle"},"east":{"uv":[11,9.33333,11.66667,9.66667],"texture":"#particle"},"south":{"uv":[13.66667,9.33333,15,9.66667],"texture":"#particle"},"west":{"uv":[13,9.33333,13.66667,9.66667],"texture":"#particle"},"up":{"uv":[13,9.33333,11.66667,8.66667],"texture":"#particle"},"down":{"uv":[13,10.33333,11.66667,9.66667],"texture":"#particle"}}},{"from":[8.5,9.15328,1.7294],"to":[12.5,10.15328,3.7294],"rotation":{"angle":22.5,"axis":"x","origin":[12,8.65328,2.2294]},"faces":{"north":{"uv":[11.66667,9.33333,13,9.66667],"texture":"#particle"},"east":{"uv":[11,9.33333,11.66667,9.66667],"texture":"#particle"},"south":{"uv":[13.66667,9.33333,15,9.66667],"texture":"#particle"},"west":{"uv":[13,9.33333,13.66667,9.66667],"texture":"#particle"},"up":{"uv":[13,9.33333,11.66667,8.66667],"texture":"#particle"},"down":{"uv":[13,10.33333,11.66667,9.66667],"texture":"#particle"}}},{"from":[3.5,6.15328,1.7294],"to":[7.5,7.15328,3.7294],"rotation":{"angle":22.5,"axis":"x","origin":[7,8.65328,2.2294]},"faces":{"north":{"uv":[11.66667,11.66667,13,12],"texture":"#particle"},"east":{"uv":[11,11.66667,11.66667,12],"texture":"#particle"},"south":{"uv":[13.66667,11.66667,15,12],"texture":"#particle"},"west":{"uv":[13,11.66667,13.66667,12],"texture":"#particle"},"up":{"uv":[13,11.66667,11.66667,11],"texture":"#particle"},"down":{"uv":[13,12.66667,11.66667,12],"texture":"#particle"}}},{"from":[8.5,6.15328,1.7294],"to":[12.5,7.15328,3.7294],"rotation":{"angle":22.5,"axis":"x","origin":[12,8.65328,2.2294]},"faces":{"north":{"uv":[11.66667,11.66667,13,12],"texture":"#particle"},"east":{"uv":[11,11.66667,11.66667,12],"texture":"#particle"},"south":{"uv":[13.66667,11.66667,15,12],"texture":"#particle"},"west":{"uv":[13,11.66667,13.66667,12],"texture":"#particle"},"up":{"uv":[13,11.66667,11.66667,11],"texture":"#particle"},"down":{"uv":[13,12.66667,11.66667,12],"texture":"#particle"}}},{"from":[3.5,7.15328,1.7294],"to":[4.5,9.15328,3.7294],"rotation":{"angle":22.5,"axis":"x","origin":[7,8.65328,2.2294]},"faces":{"north":{"uv":[9.33333,11.33333,9.66667,12],"texture":"#particle"},"east":{"uv":[8.66667,11.33333,9.33333,12],"texture":"#particle"},"west":{"uv":[9.66667,11.33333,10.33333,12],"texture":"#particle"}}},{"from":[8.5,7.15328,1.7294],"to":[9.5,9.15328,3.7294],"rotation":{"angle":22.5,"axis":"x","origin":[12,8.65328,2.2294]},"faces":{"north":{"uv":[9.33333,11.33333,9.66667,12],"texture":"#particle"},"east":{"uv":[8.66667,11.33333,9.33333,12],"texture":"#particle"},"west":{"uv":[9.66667,11.33333,10.33333,12],"texture":"#particle"}}},{"from":[7.5,7.15328,2.2294],"to":[8.5,9.15328,3.2294],"rotation":{"angle":22.5,"axis":"x","origin":[7,8.65328,2.2294]},"faces":{"north":{"uv":[15.33333,0.66667,15.66667,1.33333],"texture":"#particle"},"south":{"uv":[15.66667,2.33333,15.33333,1.66667],"texture":"#particle"},"up":{"uv":[15.66667,0.66667,15.33333,0.33333],"texture":"#particle"},"down":{"uv":[15.66667,1.66667,15.33333,1.33333],"texture":"#particle"}}},{"from":[6.5,7.15328,1.7294],"to":[7.5,9.15328,3.7294],"rotation":{"angle":22.5,"axis":"x","origin":[7,8.65328,2.2294]},"faces":{"north":{"uv":[9.33333,10,9.66667,10.66667],"texture":"#particle"},"east":{"uv":[8.66667,10,9.33333,10.66667],"texture":"#particle"},"west":{"uv":[9.66667,10,10.33333,10.66667],"texture":"#particle"}}},{"from":[11.5,7.15328,1.7294],"to":[12.5,9.15328,3.7294],"rotation":{"angle":22.5,"axis":"x","origin":[12,8.65328,2.2294]},"faces":{"north":{"uv":[9.33333,10,9.66667,10.66667],"texture":"#particle"},"east":{"uv":[8.66667,10,9.33333,10.66667],"texture":"#particle"},"west":{"uv":[9.66667,10,10.33333,10.66667],"texture":"#particle"}}},{"from":[4.5,7.15328,2.2294],"to":[6.5,9.15328,2.2394],"rotation":{"angle":22.5,"axis":"x","origin":[7,8.65328,2.2294]},"faces":{"north":{"uv":[7.33333,10.66667,8,11.33333],"texture":"#particle"}}},{"from":[9.5,7.15328,2.2294],"to":[11.5,9.15328,2.2394],"rotation":{"angle":22.5,"axis":"x","origin":[12,8.65328,2.2294]},"faces":{"north":{"uv":[7.33333,10.66667,8,11.33333],"texture":"#particle"}}},{"from":[2.5,7.5,2.5],"to":[13.5,8.5,13.5],"rotation":{"angle":0,"axis":"y","origin":[20.5,13.5,10.5]},"faces":{"north":{"uv":[11,4,14.66667,4.33333],"texture":"#particle"},"east":{"uv":[11,4,14.66667,4.33333],"texture":"#particle"},"south":{"uv":[11,4,14.66667,4.33333],"texture":"#particle"},"west":{"uv":[11,4,14.66667,4.33333],"texture":"#particle"},"up":{"uv":[14.66667,4,11,0.33333],"texture":"#particle"},"down":{"uv":[14.66667,8,11,4.33333],"texture":"#particle"}}},{"from":[3,2,12],"to":[13,5,13],"rotation":{"angle":0,"axis":"y","origin":[12,8,11]},"faces":{"north":{"uv":[0.33333,9,3.66667,10],"texture":"#particle"},"east":{"uv":[4,9,3.66667,10],"texture":"#particle"},"south":{"uv":[4,9,7.33333,10],"texture":"#particle"},"west":{"uv":[3.66667,9,4,10],"texture":"#particle"},"down":{"uv":[3.66667,10.33333,0.33333,10],"texture":"#particle"}}},{"from":[3,2,11],"to":[4,5,12],"rotation":{"angle":0,"axis":"y","origin":[12,8,11]},"faces":{"east":{"uv":[8,8.33333,8.33333,9.33333],"texture":"#particle"},"west":{"uv":[9,8.33333,9.33333,9.33333],"texture":"#particle"},"down":{"uv":[10.33333,8.66667,10,8.33333],"texture":"#particle"}}},{"from":[12,2,11],"to":[13,5,12],"rotation":{"angle":0,"axis":"y","origin":[4,8,11]},"faces":{"east":{"uv":[9.33333,8.33333,9,9.33333],"texture":"#particle"},"west":{"uv":[8.33333,8.33333,8,9.33333],"texture":"#particle"},"down":{"uv":[10,8.66667,10.33333,8.33333],"texture":"#particle"}}},{"from":[3,-1,5],"to":[4,5,11],"rotation":{"angle":0,"axis":"y","origin":[12,8,9]},"faces":{"north":{"uv":[6.33333,5.66667,6.66667,7.66667],"texture":"#particle"},"east":{"uv":[4.33333,5.66667,6.33333,7.66667],"texture":"#particle"},"south":{"uv":[8.66667,5.66667,9,7.66667],"texture":"#particle"},"west":{"uv":[6.66667,5.66667,8.66667,7.66667],"texture":"#particle"},"down":{"uv":[10,7.66667,9.66667,5.66667],"texture":"#particle"}}},{"from":[12,-1,5],"to":[13,5,11],"rotation":{"angle":0,"axis":"y","origin":[4,8,9]},"faces":{"north":{"uv":[6.66667,5.66667,6.33333,7.66667],"texture":"#particle"},"east":{"uv":[8.66667,5.66667,6.66667,7.66667],"texture":"#particle"},"south":{"uv":[9,5.66667,8.66667,7.66667],"texture":"#particle"},"west":{"uv":[6.33333,5.66667,4.33333,7.66667],"texture":"#particle"},"down":{"uv":[9.66667,7.66667,10,5.66667],"texture":"#particle"}}}],"display":{"thirdperson_righthand":{"rotation":[75,45,0],"translation":[0,2.5,-0.25],"scale":[0.55,0.55,0.55]},"firstperson_righthand":{"rotation":[0,45,0],"translation":[1,3,0.5],"scale":[0.4,0.4,0.4]},"ground":{"translation":[0,5.5,0]},"gui":{"rotation":[30,225,0],"translation":[0,2,0],"scale":[0.8,0.8,0.8]},"head":{"translation":[0,6.4,0],"scale":[1.6,1.6,1.6]},"fixed":{"rotation":[-90,90,0],"translation":[0,0,-16],"scale":[2,2,2]}},"gui_light":"front"}