{"credit":"Created By Yassou","texture_size":[32,32],"textures":{"1":"cosmetics:hats/axolotl_tinted","particle":"cosmetics:hats/axolotl_tinted"},"elements":[{"from":[4,0,4],"to":[12,5,12],"faces":{"north":{"uv":[8,0,12,2.5],"texture":"#1","tintindex":0},"east":{"uv":[8,2.5,12,5],"texture":"#1","tintindex":0},"south":{"uv":[8,5,12,7.5],"texture":"#1","tintindex":0},"west":{"uv":[8,7.5,12,10],"texture":"#1","tintindex":0},"up":{"uv":[4,4,0,0],"texture":"#1","tintindex":0},"down":{"uv":[4,4,0,8],"texture":"#1","tintindex":0}}},{"from":[12.6,-2.1,6.4],"to":[12.6,2.9,10.4],"rotation":{"angle":22.5,"axis":"z","origin":[16,0,0.4]},"faces":{"north":{"uv":[0,0,0,2.5],"texture":"#1","tintindex":0},"east":{"uv":[12,0,14,2.5],"texture":"#1","tintindex":0},"south":{"uv":[0,0,0,2.5],"texture":"#1","tintindex":0},"west":{"uv":[14,2.5,12,5],"texture":"#1","tintindex":0},"up":{"uv":[0,2,0,0],"texture":"#1","tintindex":0},"down":{"uv":[0,0,0,2],"texture":"#1","tintindex":0}}},{"from":[3.4,-2.1,6.4],"to":[3.4,2.9,10.4],"rotation":{"angle":-22.5,"axis":"z","origin":[0,0,0.4]},"faces":{"north":{"uv":[0,0,0,2.5],"texture":"#1","tintindex":0},"east":{"uv":[12,2.5,14,5],"texture":"#1","tintindex":0},"south":{"uv":[0,0,0,2.5],"texture":"#1","tintindex":0},"west":{"uv":[14,0,12,2.5],"texture":"#1","tintindex":0},"up":{"uv":[0,2,0,0],"texture":"#1","tintindex":0},"down":{"uv":[0,0,0,2],"texture":"#1","tintindex":0}}},{"from":[8.8,1,8],"to":[16.8,8,8],"rotation":{"angle":-22.5,"axis":"y","origin":[13,4.5,8]},"faces":{"north":{"uv":[4,0,8,3.5],"texture":"#1","tintindex":0},"east":{"uv":[0,0,0,3.5],"texture":"#1","tintindex":0},"south":{"uv":[4,3.5,8,7],"texture":"#1","tintindex":0},"west":{"uv":[0,0,0,3.5],"texture":"#1","tintindex":0},"up":{"uv":[4,0,0,0],"texture":"#1","tintindex":0},"down":{"uv":[4,0,0,0],"texture":"#1","tintindex":0}}},{"from":[-0.8,1,8],"to":[7.2,8,8],"rotation":{"angle":22.5,"axis":"y","origin":[3,4.5,8]},"faces":{"north":{"uv":[4,7,8,10.5],"texture":"#1","tintindex":0},"east":{"uv":[0,0,0,3.5],"texture":"#1","tintindex":0},"south":{"uv":[0,8,4,11.5],"texture":"#1","tintindex":0},"west":{"uv":[0,0,0,3.5],"texture":"#1","tintindex":0},"up":{"uv":[4,0,0,0],"texture":"#1","tintindex":0},"down":{"uv":[4,0,0,0],"texture":"#1","tintindex":0}}}],"display":{"thirdperson_righthand":{"rotation":[75,45,0],"translation":[0,2.5,2.5],"scale":[0.49414,0.49414,0.49414]},"thirdperson_lefthand":{"rotation":[75,45,0],"translation":[0,2.5,2.5],"scale":[0.49414,0.49414,0.49414]},"firstperson_righthand":{"rotation":[180,67.75,180],"translation":[1.25,3.75,0],"scale":[0.4,0.4,0.4]},"firstperson_lefthand":{"rotation":[180,67.75,180],"translation":[1.25,3.75,0],"scale":[0.4,0.4,0.4]},"ground":{"translation":[0,5.75,0],"scale":[0.81641,0.81641,0.81641]},"gui":{"rotation":[30,225,0],"translation":[0,5.5,0],"scale":[1.08789,1.08789,1.08789]},"head":{"translation":[0,14.75,0],"scale":[1.93359,1.93359,1.93359]},"fixed":{"rotation":[-90,0,0],"translation":[0,0,-16.75],"scale":[2.13086,2.13086,2.13086]}},"gui_light":"front"}