{"credit":"Created By Yassou","texture_size":[32,32],"textures":{"1":"cosmetics:hats/beret_tinted","particle":"#1"},"elements":[{"from":[4,0,4],"to":[12,4,12],"rotation":{"angle":0,"axis":"y","origin":[4,0,4]},"faces":{"north":{"uv":[5,8,9,10],"texture":"#1"},"east":{"uv":[9,0,13,2],"texture":"#1"},"south":{"uv":[9,2,13,4],"texture":"#1"},"west":{"uv":[9,4,13,6],"texture":"#1"},"up":{"uv":[9,4,5,0],"texture":"#1"},"down":{"uv":[9,4,5,8],"texture":"#1"}}},{"from":[4,2,3],"to":[14,5,13],"rotation":{"angle":-22.5,"axis":"z","origin":[8,4.5,8]},"faces":{"north":{"uv":[9,6,14,7.5],"texture":"#1"},"east":{"uv":[9,7.5,14,9],"texture":"#1"},"south":{"uv":[9,9,14,10.5],"texture":"#1"},"west":{"uv":[0,10,5,11.5],"texture":"#1"},"up":{"uv":[5,5,0,0],"texture":"#1"},"down":{"uv":[5,5,0,0],"texture":"#1"}}},{"from":[8,5,7],"to":[10,6,9],"rotation":{"angle":-22.5,"axis":"z","origin":[8,4.5,8]},"faces":{"north":{"uv":[7,10,8,10.5],"texture":"#1"},"east":{"uv":[8,10,9,10.5],"texture":"#1"},"south":{"uv":[7,10.5,8,11],"texture":"#1"},"west":{"uv":[8,10.5,9,11],"texture":"#1"},"up":{"uv":[6,11,5,10],"texture":"#1"},"down":{"uv":[7,10,6,11],"texture":"#1"}}}],"display":{"thirdperson_righthand":{"rotation":[75,45,0],"translation":[0,2.5,2.5],"scale":[0.51953,0.51953,0.51953]},"thirdperson_lefthand":{"rotation":[75,45,0],"translation":[0,2.5,2.5],"scale":[0.51953,0.51953,0.51953]},"firstperson_righthand":{"rotation":[180,67.75,180],"translation":[1.25,3.75,0],"scale":[0.4,0.4,0.4]},"firstperson_lefthand":{"rotation":[180,67.75,180],"translation":[1.25,3.75,0],"scale":[0.4,0.4,0.4]},"ground":{"translation":[0,5.75,0],"scale":[0.81641,0.81641,0.81641]},"gui":{"rotation":[23.67,30.46,-10.15],"translation":[0.5,4.25,0],"scale":[1.06445,1.06445,1.06445]},"head":{"translation":[0,16.5,0],"scale":[1.93359,1.93359,1.93359]},"fixed":{"rotation":[-90,0,0],"translation":[0,0,-15.5],"scale":[1.92383,1.92383,1.92383]}},"gui_light":"front"}