{"textures":{"particle":"cosmetics:hats/gfx_bunny_crown2"},"elements":[{"from":[7,11,2],"to":[9,13,4],"faces":{"north":{"uv":[3,9.5,4,10.5],"texture":"#particle"},"east":{"uv":[3,9.5,4,10.5],"texture":"#particle"},"south":{"uv":[3,9.5,4,10.5],"texture":"#particle"},"west":{"uv":[3,9.5,4,10.5],"texture":"#particle"},"up":{"uv":[4,9.5,3,8.5],"texture":"#particle"}}},{"from":[12,11,7],"to":[14,13,9],"faces":{"north":{"uv":[3,9.5,4,10.5],"texture":"#particle"},"east":{"uv":[3,9.5,4,10.5],"texture":"#particle"},"south":{"uv":[3,9.5,4,10.5],"texture":"#particle"},"west":{"uv":[3,9.5,4,10.5],"texture":"#particle"},"up":{"uv":[4,9.5,3,8.5],"rotation":90,"texture":"#particle"}}},{"from":[7,11,12],"to":[9,13,14],"faces":{"north":{"uv":[3,9.5,4,10.5],"texture":"#particle"},"east":{"uv":[3,9.5,4,10.5],"texture":"#particle"},"south":{"uv":[3,9.5,4,10.5],"texture":"#particle"},"west":{"uv":[3,9.5,4,10.5],"texture":"#particle"},"up":{"uv":[4,9.5,3,8.5],"rotation":180,"texture":"#particle"}}},{"from":[2,11,7],"to":[4,13,9],"faces":{"north":{"uv":[3,9.5,4,10.5],"texture":"#particle"},"east":{"uv":[3,9.5,4,10.5],"texture":"#particle"},"south":{"uv":[3,9.5,4,10.5],"texture":"#particle"},"west":{"uv":[3,9.5,4,10.5],"texture":"#particle"},"up":{"uv":[4,9.5,3,8.5],"rotation":270,"texture":"#particle"}}},{"from":[7,7,2],"to":[9,9,3],"faces":{"north":{"uv":[6,8.5,7,9],"texture":"#particle"},"east":{"uv":[5.5,8.5,6,9],"texture":"#particle"},"west":{"uv":[7,8.5,7.5,9],"texture":"#particle"},"down":{"uv":[7,9.5,6,9],"texture":"#particle"}}},{"from":[13,7,7],"to":[14,9,9],"faces":{"north":{"uv":[7,8.5,7.5,9],"texture":"#particle"},"east":{"uv":[6,8.5,7,9],"texture":"#particle"},"south":{"uv":[5.5,8.5,6,9],"texture":"#particle"},"down":{"uv":[7,9.5,6,9],"rotation":270,"texture":"#particle"}}},{"from":[7,7,13],"to":[9,9,14],"faces":{"east":{"uv":[7,8.5,7.5,9],"texture":"#particle"},"south":{"uv":[6,8.5,7,9],"texture":"#particle"},"west":{"uv":[5.5,8.5,6,9],"texture":"#particle"},"down":{"uv":[7,9.5,6,9],"rotation":180,"texture":"#particle"}}},{"from":[2,7,7],"to":[3,9,9],"faces":{"north":{"uv":[5.5,8.5,6,9],"texture":"#particle"},"south":{"uv":[7,8.5,7.5,9],"texture":"#particle"},"west":{"uv":[6,8.5,7,9],"texture":"#particle"},"down":{"uv":[7,9.5,6,9],"rotation":90,"texture":"#particle"}}},{"from":[3,7,3],"to":[12,9,4],"faces":{"north":{"uv":[0.5,1,5,2],"texture":"#particle"},"south":{"uv":[5.5,1,10,2],"texture":"#particle"},"west":{"uv":[5,1,5.5,2],"texture":"#particle"},"up":{"uv":[5,1,0.5,0.5],"texture":"#particle"},"down":{"uv":[5,2.5,0.5,2],"texture":"#particle"}}},{"from":[12,7,3],"to":[13,9,12],"faces":{"north":{"uv":[5,1,5.5,2],"texture":"#particle"},"east":{"uv":[0.5,1,5,2],"texture":"#particle"},"west":{"uv":[5.5,1,10,2],"texture":"#particle"},"up":{"uv":[5,1,0.5,0.5],"rotation":90,"texture":"#particle"},"down":{"uv":[5,2.5,0.5,2],"rotation":270,"texture":"#particle"}}},{"from":[4,7,12],"to":[13,9,13],"faces":{"north":{"uv":[5.5,1,10,2],"texture":"#particle"},"east":{"uv":[5,1,5.5,2],"texture":"#particle"},"south":{"uv":[0.5,1,5,2],"texture":"#particle"},"up":{"uv":[5,1,0.5,0.5],"rotation":180,"texture":"#particle"},"down":{"uv":[5,2.5,0.5,2],"rotation":180,"texture":"#particle"}}},{"from":[3,7,4],"to":[4,9,13],"faces":{"east":{"uv":[5.5,1,10,2],"texture":"#particle"},"south":{"uv":[5,1,5.5,2],"texture":"#particle"},"west":{"uv":[0.5,1,5,2],"texture":"#particle"},"up":{"uv":[5,1,0.5,0.5],"rotation":270,"texture":"#particle"},"down":{"uv":[5,2.5,0.5,2],"rotation":90,"texture":"#particle"}}},{"from":[4,9,3],"to":[7,16,4],"faces":{"north":{"uv":[1,4,2.5,7.5],"texture":"#particle"},"east":{"uv":[0.5,4,1,7.5],"texture":"#particle"},"south":{"uv":[3,4,4.5,7.5],"texture":"#particle"},"west":{"uv":[2.5,4,3,7.5],"texture":"#particle"},"up":{"uv":[2.5,4,1,3.5],"texture":"#particle"}}},{"from":[9,9,3],"to":[12,16,4],"faces":{"north":{"uv":[1,4,2.5,7.5],"texture":"#particle"},"east":{"uv":[0.5,4,1,7.5],"texture":"#particle"},"south":{"uv":[3,4,4.5,7.5],"texture":"#particle"},"west":{"uv":[2.5,4,3,7.5],"texture":"#particle"},"up":{"uv":[2.5,4,1,3.5],"texture":"#particle"}}},{"from":[8,5,3],"to":[10,7,4],"faces":{"north":{"uv":[6,3.5,7,4.5],"texture":"#particle"},"east":{"uv":[5.5,3.5,6,4.5],"texture":"#particle"},"south":{"uv":[7.5,3.5,8.5,4.5],"texture":"#particle"},"west":{"uv":[7,3.5,7.5,4.5],"texture":"#particle"},"down":{"uv":[7,5,6,4.5],"texture":"#particle"}}},{"from":[12,5,8],"to":[13,7,10],"faces":{"north":{"uv":[7,3.5,7.5,4.5],"texture":"#particle"},"east":{"uv":[6,3.5,7,4.5],"texture":"#particle"},"south":{"uv":[5.5,3.5,6,4.5],"texture":"#particle"},"west":{"uv":[7.5,3.5,8.5,4.5],"texture":"#particle"},"down":{"uv":[7,5,6,4.5],"rotation":270,"texture":"#particle"}}},{"from":[6,5,12],"to":[8,7,13],"faces":{"north":{"uv":[7.5,3.5,8.5,4.5],"texture":"#particle"},"east":{"uv":[7,3.5,7.5,4.5],"texture":"#particle"},"south":{"uv":[6,3.5,7,4.5],"texture":"#particle"},"west":{"uv":[5.5,3.5,6,4.5],"texture":"#particle"},"down":{"uv":[7,5,6,4.5],"rotation":180,"texture":"#particle"}}},{"from":[3,5,6],"to":[4,7,8],"faces":{"north":{"uv":[5.5,3.5,6,4.5],"texture":"#particle"},"east":{"uv":[7.5,3.5,8.5,4.5],"texture":"#particle"},"south":{"uv":[7,3.5,7.5,4.5],"texture":"#particle"},"west":{"uv":[6,3.5,7,4.5],"texture":"#particle"},"down":{"uv":[7,5,6,4.5],"rotation":90,"texture":"#particle"}}},{"from":[6,6,2],"to":[8,7,3],"faces":{"north":{"uv":[6,6.5,7,7],"texture":"#particle"},"east":{"uv":[5.5,6.5,6,7],"texture":"#particle"},"south":{"uv":[7.5,6.5,8.5,7],"texture":"#particle"},"west":{"uv":[7,6.5,7.5,7],"texture":"#particle"},"up":{"uv":[7,6.5,6,6],"texture":"#particle"},"down":{"uv":[7,7.5,6,7],"texture":"#particle"}}},{"from":[13,6,6],"to":[14,7,8],"faces":{"north":{"uv":[7,6.5,7.5,7],"texture":"#particle"},"east":{"uv":[6,6.5,7,7],"texture":"#particle"},"south":{"uv":[5.5,6.5,6,7],"texture":"#particle"},"west":{"uv":[7.5,6.5,8.5,7],"texture":"#particle"},"up":{"uv":[7,6.5,6,6],"rotation":90,"texture":"#particle"},"down":{"uv":[7,7.5,6,7],"rotation":270,"texture":"#particle"}}},{"from":[8,6,13],"to":[10,7,14],"faces":{"north":{"uv":[7.5,6.5,8.5,7],"texture":"#particle"},"east":{"uv":[7,6.5,7.5,7],"texture":"#particle"},"south":{"uv":[6,6.5,7,7],"texture":"#particle"},"west":{"uv":[5.5,6.5,6,7],"texture":"#particle"},"up":{"uv":[7,6.5,6,6],"rotation":180,"texture":"#particle"},"down":{"uv":[7,7.5,6,7],"rotation":180,"texture":"#particle"}}},{"from":[2,6,8],"to":[3,7,10],"faces":{"north":{"uv":[5.5,6.5,6,7],"texture":"#particle"},"east":{"uv":[7.5,6.5,8.5,7],"texture":"#particle"},"south":{"uv":[7,6.5,7.5,7],"texture":"#particle"},"west":{"uv":[6,6.5,7,7],"texture":"#particle"},"up":{"uv":[7,6.5,6,6],"rotation":270,"texture":"#particle"},"down":{"uv":[7,7.5,6,7],"rotation":90,"texture":"#particle"}}},{"from":[6.5,8,1.5],"to":[9.5,11,4.5],"faces":{"north":{"uv":[0.5,10,2,11.5],"texture":"#particle"},"east":{"uv":[0.5,10,2,11.5],"texture":"#particle"},"south":{"uv":[0.5,10,2,11.5],"texture":"#particle"},"west":{"uv":[0.5,10,2,11.5],"texture":"#particle"},"up":{"uv":[2,10,0.5,8.5],"texture":"#particle"},"down":{"uv":[2,13,0.5,11.5],"texture":"#particle"}}},{"from":[11.5,8,6.5],"to":[14.5,11,9.5],"faces":{"north":{"uv":[0.5,10,2,11.5],"texture":"#particle"},"east":{"uv":[0.5,10,2,11.5],"texture":"#particle"},"south":{"uv":[0.5,10,2,11.5],"texture":"#particle"},"west":{"uv":[0.5,10,2,11.5],"texture":"#particle"},"up":{"uv":[2,10,0.5,8.5],"rotation":90,"texture":"#particle"},"down":{"uv":[2,13,0.5,11.5],"rotation":270,"texture":"#particle"}}},{"from":[6.5,8,11.5],"to":[9.5,11,14.5],"faces":{"north":{"uv":[0.5,10,2,11.5],"texture":"#particle"},"east":{"uv":[0.5,10,2,11.5],"texture":"#particle"},"south":{"uv":[0.5,10,2,11.5],"texture":"#particle"},"west":{"uv":[0.5,10,2,11.5],"texture":"#particle"},"up":{"uv":[2,10,0.5,8.5],"rotation":180,"texture":"#particle"},"down":{"uv":[2,13,0.5,11.5],"rotation":180,"texture":"#particle"}}},{"from":[1.5,8,6.5],"to":[4.5,11,9.5],"faces":{"north":{"uv":[0.5,10,2,11.5],"texture":"#particle"},"east":{"uv":[0.5,10,2,11.5],"texture":"#particle"},"south":{"uv":[0.5,10,2,11.5],"texture":"#particle"},"west":{"uv":[0.5,10,2,11.5],"texture":"#particle"},"up":{"uv":[2,10,0.5,8.5],"rotation":270,"texture":"#particle"},"down":{"uv":[2,13,0.5,11.5],"rotation":90,"texture":"#particle"}}},{"from":[7.5,13,2.5],"to":[8.5,14,3.5],"faces":{"north":{"uv":[3,12,3.5,12.5],"texture":"#particle"},"east":{"uv":[3,12,3.5,12.5],"texture":"#particle"},"south":{"uv":[3,12,3.5,12.5],"texture":"#particle"},"west":{"uv":[3,12,3.5,12.5],"texture":"#particle"},"up":{"uv":[3.5,12,3,11.5],"texture":"#particle"}}},{"from":[12.5,13,7.5],"to":[13.5,14,8.5],"faces":{"north":{"uv":[3,12,3.5,12.5],"texture":"#particle"},"east":{"uv":[3,12,3.5,12.5],"texture":"#particle"},"south":{"uv":[3,12,3.5,12.5],"texture":"#particle"},"west":{"uv":[3,12,3.5,12.5],"texture":"#particle"},"up":{"uv":[3.5,12,3,11.5],"rotation":90,"texture":"#particle"}}},{"from":[7.5,13,12.5],"to":[8.5,14,13.5],"faces":{"north":{"uv":[3,12,3.5,12.5],"texture":"#particle"},"east":{"uv":[3,12,3.5,12.5],"texture":"#particle"},"south":{"uv":[3,12,3.5,12.5],"texture":"#particle"},"west":{"uv":[3,12,3.5,12.5],"texture":"#particle"},"up":{"uv":[3.5,12,3,11.5],"rotation":180,"texture":"#particle"}}},{"from":[2.5,13,7.5],"to":[3.5,14,8.5],"faces":{"north":{"uv":[3,12,3.5,12.5],"texture":"#particle"},"east":{"uv":[3,12,3.5,12.5],"texture":"#particle"},"south":{"uv":[3,12,3.5,12.5],"texture":"#particle"},"west":{"uv":[3,12,3.5,12.5],"texture":"#particle"},"up":{"uv":[3.5,12,3,11.5],"rotation":270,"texture":"#particle"}}}],"gui_light":"front","display":{"thirdperson_righthand":{"rotation":[75,45,0],"translation":[0,2.5,-0.75],"scale":[0.55,0.55,0.55]},"thirdperson_lefthand":{"rotation":[75,45,0],"translation":[0,2.5,-0.75],"scale":[0.55,0.55,0.55]},"firstperson_righthand":{"rotation":[0,135,0],"translation":[0,2,0.5],"scale":[0.4,0.4,0.4]},"firstperson_lefthand":{"rotation":[0,135,0],"translation":[0,2,0.5],"scale":[0.4,0.4,0.4]},"ground":{"translation":[0,1,0]},"gui":{"rotation":[30,225,0],"translation":[0,-1,0],"scale":[0.8,0.8,0.8]},"head":{"translation":[0,6.4,0],"scale":[1.6,1.6,1.6]},"fixed":{"rotation":[-90,0,0],"translation":[0,0,-5],"scale":[2,2,2]}}}