{"textures":{"particle":"cosmetics:hats/gfx_captain_hook_hat"},"elements":[{"from":[3,6,3],"to":[13,9,13],"faces":{"north":{"uv":[4.5,9,7,9.75],"texture":"#particle"},"east":{"uv":[4.5,9,7,9.75],"texture":"#particle"},"south":{"uv":[4.5,9,7,9.75],"texture":"#particle"},"west":{"uv":[4.5,9,7,9.75],"texture":"#particle"},"up":{"uv":[7,9,4.5,6.5],"texture":"#particle"}}},{"from":[4,9,4],"to":[12,10,12],"faces":{"north":{"uv":[7.5,8.5,9.5,8.75],"texture":"#particle"},"east":{"uv":[7.5,8.5,9.5,8.75],"texture":"#particle"},"south":{"uv":[7.5,8.5,9.5,8.75],"texture":"#particle"},"west":{"uv":[7.5,8.5,9.5,8.75],"texture":"#particle"},"up":{"uv":[9.5,8.5,7.5,6.5],"texture":"#particle"}}},{"from":[1,5,-1],"to":[16,6,17],"faces":{"north":{"uv":[0.25,4.75,4,5],"texture":"#particle"},"east":{"uv":[4.5,2.75,9,3],"texture":"#particle"},"south":{"uv":[4,9.75,0.25,9.5],"texture":"#particle"},"west":{"uv":[4.5,3.5,9,3.75],"texture":"#particle"},"up":{"uv":[4,4.75,0.25,0.25],"texture":"#particle"},"down":{"uv":[4,9.5,0.25,5],"texture":"#particle"}}},{"from":[16,5,0],"to":[17,6,16],"faces":{"north":{"uv":[8.75,4.25,9,4.5],"texture":"#particle"},"east":{"uv":[4.75,4.25,8.75,4.5],"texture":"#particle"},"south":{"uv":[4.5,4.25,4.75,4.5],"texture":"#particle"},"up":{"uv":[10.75,4.25,10.5,0.25],"texture":"#particle"},"down":{"uv":[11.5,4.25,11.25,0.25],"texture":"#particle"}}},{"from":[1,6,-1],"to":[2,9,17],"faces":{"north":{"uv":[9,0.25,9.25,1],"texture":"#particle"},"east":{"uv":[4.5,0.25,9,1],"texture":"#particle"},"south":{"uv":[9,1.5,9.25,2.25],"texture":"#particle"},"west":{"uv":[4.5,1.5,9,2.25],"texture":"#particle"},"up":{"uv":[10,4.75,9.75,0.25],"texture":"#particle"}}},{"from":[1,9,0],"to":[2,10,16],"faces":{"north":{"uv":[8.5,5,8.75,5.25],"texture":"#particle"},"east":{"uv":[4.5,5,8.5,5.25],"texture":"#particle"},"south":{"uv":[8.5,5.75,8.75,6],"texture":"#particle"},"west":{"uv":[4.5,5.75,8.5,6],"texture":"#particle"},"up":{"uv":[12.25,4.25,12,0.25],"texture":"#particle"}}},{"from":[0,10,5],"to":[3,12,12],"faces":{"north":{"uv":[2,10.25,2.75,10.75],"texture":"#particle"},"east":{"uv":[0.25,10.25,2,10.75],"texture":"#particle"},"south":{"uv":[4.5,10.25,5.25,10.75],"texture":"#particle"},"west":{"uv":[2.75,10.25,4.5,10.75],"texture":"#particle"},"up":{"uv":[13.5,2,12.75,0.25],"texture":"#particle"}}},{"from":[-1,11,6],"to":[0,12,11],"faces":{"north":{"uv":[3,15.25,3.25,15.5],"texture":"#particle"},"south":{"uv":[4.5,15.25,4.75,15.5],"texture":"#particle"},"west":{"uv":[3.25,15.25,4.5,15.5],"texture":"#particle"},"up":{"uv":[13.75,3.75,13.5,2.5],"texture":"#particle"}}},{"from":[-1,10,5],"to":[0,11,12],"faces":{"north":{"uv":[0.25,15.25,0.5,15.5],"texture":"#particle"},"south":{"uv":[2.25,15.25,2.5,15.5],"texture":"#particle"},"west":{"uv":[0.5,15.25,2.25,15.5],"texture":"#particle"},"up":{"uv":[13,4.25,12.75,2.5],"texture":"#particle"}}},{"from":[-1,6,5],"to":[3,10,12],"faces":{"north":{"uv":[2,11.25,3,12.25],"texture":"#particle"},"east":{"uv":[0.25,11.25,2,12.25],"texture":"#particle"},"south":{"uv":[4.75,11.25,5.75,12.25],"texture":"#particle"},"west":{"uv":[3,11.25,4.75,12.25],"texture":"#particle"},"down":{"uv":[15,2,14,0.25],"texture":"#particle"}}},{"from":[-2,4,6],"to":[0,9,13],"faces":{"north":{"uv":[2,12.75,2.5,14],"texture":"#particle"},"east":{"uv":[0.25,12.75,2,14],"texture":"#particle"},"south":{"uv":[4.25,12.75,4.75,14],"texture":"#particle"},"west":{"uv":[2.5,12.75,4.25,14],"texture":"#particle"},"up":{"uv":[14.75,4.25,14.25,2.5],"texture":"#particle"},"down":{"uv":[15.75,4.25,15.25,2.5],"texture":"#particle"}}},{"from":[-2,3,7],"to":[0,4,12],"faces":{"north":{"uv":[1.5,14.5,2,14.75],"texture":"#particle"},"east":{"uv":[0.25,14.5,1.5,14.75],"texture":"#particle"},"south":{"uv":[3.25,14.5,3.75,14.75],"texture":"#particle"},"west":{"uv":[2,14.5,3.25,14.75],"texture":"#particle"},"down":{"uv":[5.75,14,5.25,12.75],"texture":"#particle"}}}],"display":{"thirdperson_righthand":{"rotation":[75,45,0],"translation":[0,2.5,-0.25],"scale":[0.55,0.55,0.55]},"thirdperson_lefthand":{"rotation":[75,45,0],"translation":[0,2.5,-0.25],"scale":[0.55,0.55,0.55]},"firstperson_righthand":{"rotation":[0,135,0],"translation":[0,2.5,0.5],"scale":[0.4,0.4,0.4]},"firstperson_lefthand":{"rotation":[0,135,0],"translation":[0,2.5,0.5],"scale":[0.4,0.4,0.4]},"ground":{"translation":[0,3,0]},"gui":{"rotation":[30,135,0],"translation":[0,0.5,0],"scale":[0.625,0.625,0.625]},"head":{"translation":[0,6.4,0],"scale":[1.6,1.6,1.6]},"fixed":{"rotation":[-90,0,0],"translation":[0,0,-5],"scale":[2,2,2]}},"gui_light":"front"}