{"credit":"Made with Blockbench","texture_size":[32,32],"textures":{"0":"cosmetics:hats/capybara_hat","particle":"cosmetics:hats/capybara_hat"},"elements":[{"from":[4,0,1],"to":[12,7,12],"faces":{"north":{"uv":[8,0,12,3.5],"texture":"#0"},"east":{"uv":[0,5.5,5.5,9],"texture":"#0"},"south":{"uv":[0,9,4,12.5],"texture":"#0"},"west":{"uv":[5.5,5.5,11,9],"texture":"#0"},"up":{"uv":[4,5.5,0,0],"texture":"#0"},"down":{"uv":[8,0,4,5.5],"texture":"#0"}}},{"from":[0.75,3.75,11],"to":[2.75,5.75,12],"rotation":{"angle":22.5,"axis":"y","origin":[2.75,3.75,8.5]},"faces":{"north":{"uv":[8,3.5,9,4.5],"texture":"#0"},"east":{"uv":[9,3.5,9.5,4.5],"texture":"#0"},"south":{"uv":[8,4.5,9,5.5],"texture":"#0"},"west":{"uv":[4,9,4.5,10],"texture":"#0"},"up":{"uv":[5.5,9.5,4.5,9],"texture":"#0"},"down":{"uv":[10,4.5,9,5],"texture":"#0"}}},{"from":[13.25,3.75,11],"to":[15.25,5.75,12],"rotation":{"angle":-22.5,"axis":"y","origin":[13.25,3.75,8.5]},"faces":{"north":{"uv":[9,3.5,8,4.5],"texture":"#0"},"east":{"uv":[4.5,9,4,10],"texture":"#0"},"south":{"uv":[9,4.5,8,5.5],"texture":"#0"},"west":{"uv":[9.5,3.5,9,4.5],"texture":"#0"},"up":{"uv":[4.5,9.5,5.5,9],"texture":"#0"},"down":{"uv":[9,4.5,10,5],"texture":"#0"}}}],"gui_light":"front","display":{"thirdperson_righthand":{"translation":[0,4,0],"scale":[0.5,0.5,0.5]},"thirdperson_lefthand":{"translation":[0,4,0],"scale":[0.5,0.5,0.5]},"firstperson_righthand":{"rotation":[-180,51.75,-180],"translation":[0,8.5,0],"scale":[0.8,0.8,0.8]},"firstperson_lefthand":{"rotation":[-180,51.75,-180],"translation":[0,8.5,0],"scale":[0.8,0.8,0.8]},"ground":{"translation":[0,6.5,0]},"gui":{"rotation":[-155.25,29,180],"translation":[0,6,0],"scale":[1.3,1.3,1.3]},"head":{"translation":[0,14,0],"scale":[2,2,2]},"fixed":{"translation":[0,10,0.5],"scale":[2,2,2]}}}