{"credit":"Created By Yassou","texture_size":[64,64],"textures":{"0":"cosmetics:hats/carrot_hat","particle":"cosmetics:hats/carrot_hat"},"elements":[{"from":[4,4,4],"to":[12,9,12],"faces":{"north":{"uv":[5,3,7,4.25],"texture":"#0"},"east":{"uv":[5,3,7,4.25],"texture":"#0"},"south":{"uv":[5,3,7,4.25],"texture":"#0"},"west":{"uv":[5,3,7,4.25],"texture":"#0"},"up":{"uv":[4.5,2,2.5,0],"texture":"#0"},"down":{"uv":[4.5,2,2.5,4],"texture":"#0"}}},{"from":[3.5,3.1,3.5],"to":[12.5,9.1,12.5],"faces":{"north":{"uv":[11.5,7,14,8.5],"texture":"#0"},"east":{"uv":[13.5,3,16,4.5],"texture":"#0"},"south":{"uv":[13.5,4.5,16,6],"texture":"#0"},"west":{"uv":[9,8,11.5,9.5],"texture":"#0"},"up":{"uv":[11.5,5.5,9,3],"texture":"#0"},"down":{"uv":[11.5,5.5,9,8],"texture":"#0"}}},{"from":[3.5,3.1,3.5],"to":[12.5,9.1,12.5],"faces":{"north":{"uv":[11.5,7,14,8.5],"texture":"#0"},"east":{"uv":[13.5,3,16,4.5],"texture":"#0"},"south":{"uv":[13.5,4.5,16,6],"texture":"#0"},"west":{"uv":[9,8,11.5,9.5],"texture":"#0"},"up":{"uv":[11.5,5.5,9,3],"texture":"#0"},"down":{"uv":[11.5,5.5,9,8],"texture":"#0"}}},{"from":[7,8.5,7],"to":[9,11.5,9],"faces":{"north":{"uv":[4.5,3,5,3.75],"texture":"#0"},"east":{"uv":[6,6.75,6.5,7.5],"texture":"#0"},"south":{"uv":[7,1,7.5,1.75],"texture":"#0"},"west":{"uv":[7,1.75,7.5,2.5],"texture":"#0"},"up":{"uv":[7.5,3,7,2.5],"texture":"#0"},"down":{"uv":[7.5,3,7,3.5],"texture":"#0"}}},{"from":[5,0,5],"to":[11,4,11],"faces":{"north":{"uv":[1.5,6.75,3,7.75],"texture":"#0"},"east":{"uv":[1.5,6.75,3,7.75],"texture":"#0"},"south":{"uv":[1.5,6.75,3,7.75],"texture":"#0"},"west":{"uv":[1.5,6.75,3,7.75],"texture":"#0"},"up":{"uv":[1.5,8,0,6.5],"texture":"#0"},"down":{"uv":[8,5.5,6.5,7],"texture":"#0"}}},{"name":"cube_outline","from":[12.5,9.1,12.5],"to":[3.5,3.1,3.5],"faces":{"north":{"uv":[13.5,4.5,16,6],"rotation":180,"texture":"#0"},"east":{"uv":[9,8,11.5,9.5],"rotation":180,"texture":"#0"},"south":{"uv":[11.5,7,14,8.5],"rotation":180,"texture":"#0"},"west":{"uv":[13.5,3,16,4.5],"rotation":180,"texture":"#0"},"up":{"uv":[11.5,5.5,9,8],"rotation":180,"texture":"#0"},"down":{"uv":[11.5,5.5,9,3],"rotation":180,"texture":"#0"}}}],"display":{"thirdperson_righthand":{"rotation":[72.84,5.21,4.83],"translation":[-0.25,2.5,1.5],"scale":[0.51758,0.51758,0.51758]},"thirdperson_lefthand":{"rotation":[72.84,5.21,4.83],"translation":[-0.25,2.5,1.5],"scale":[0.51758,0.51758,0.51758]},"firstperson_righthand":{"rotation":[180,67.75,180],"translation":[1.25,3.75,0.75],"scale":[0.4,0.4,0.4]},"firstperson_lefthand":{"rotation":[180,67.75,180],"translation":[1.25,3.75,0.75],"scale":[0.4,0.4,0.4]},"ground":{"translation":[0,5.75,0],"scale":[0.81641,0.81641,0.81641]},"gui":{"rotation":[30,225,0],"translation":[0,2.5,0],"scale":[1.05664,1.05664,1.05664]},"head":{"rotation":[-6.88,1.35,-11.17],"translation":[1.25,14.5,-0.75],"scale":[1.20703,1.20703,1.20703]},"fixed":{"rotation":[-90,180,0],"translation":[0,0,-16],"scale":[2,2,2]}},"gui_light":"front"}