{"credit":"Created By Yassou","texture_size":[64,64],"textures":{"1":"cosmetics:hats/cart_hat","particle":"cosmetics:hats/cart_hat"},"elements":[{"name":"left4","from":[11,-2,15],"to":[15,2,17],"rotation":{"angle":0,"axis":"y","origin":[7,1,-5]},"faces":{"north":{"uv":[1.5,7.5,0.5,8.5],"texture":"#1"},"east":{"uv":[2,7.5,1.5,8.5],"texture":"#1"},"south":{"uv":[3,7.5,2,8.5],"texture":"#1"},"west":{"uv":[0.5,7.5,0,8.5],"texture":"#1"},"up":{"uv":[0.5,7.5,1.5,7],"texture":"#1"},"down":{"uv":[1.5,7,2.5,7.5],"texture":"#1"}}},{"name":"left5","from":[1,-2,15],"to":[5,2,17],"rotation":{"angle":0,"axis":"y","origin":[7,1,-5]},"faces":{"north":{"uv":[1.5,7.5,0.5,8.5],"texture":"#1"},"east":{"uv":[2,7.5,1.5,8.5],"texture":"#1"},"south":{"uv":[3,7.5,2,8.5],"texture":"#1"},"west":{"uv":[0.5,7.5,0,8.5],"texture":"#1"},"up":{"uv":[0.5,7.5,1.5,7],"texture":"#1"},"down":{"uv":[1.5,7,2.5,7.5],"texture":"#1"}}},{"name":"left5","from":[11,-2,-1],"to":[15,2,1],"rotation":{"angle":0,"axis":"y","origin":[7,1,21]},"faces":{"north":{"uv":[2,7.5,3,8.5],"texture":"#1"},"east":{"uv":[1.5,7.5,2,8.5],"texture":"#1"},"south":{"uv":[0.5,7.5,1.5,8.5],"texture":"#1"},"west":{"uv":[0,7.5,0.5,8.5],"texture":"#1"},"up":{"uv":[0.5,7,1.5,7.5],"texture":"#1"},"down":{"uv":[1.5,7.5,2.5,7],"texture":"#1"}}},{"name":"left6","from":[1,-2,-1],"to":[5,2,1],"rotation":{"angle":0,"axis":"y","origin":[7,1,21]},"faces":{"north":{"uv":[2,7.5,3,8.5],"texture":"#1"},"east":{"uv":[1.5,7.5,2,8.5],"texture":"#1"},"south":{"uv":[0.5,7.5,1.5,8.5],"texture":"#1"},"west":{"uv":[0,7.5,0.5,8.5],"texture":"#1"},"up":{"uv":[0.5,7,1.5,7.5],"texture":"#1"},"down":{"uv":[1.5,7.5,2.5,7],"texture":"#1"}}},{"name":"left2","from":[0,1,14],"to":[16,9,16],"rotation":{"angle":0,"axis":"y","origin":[-7,6,0]},"faces":{"north":{"uv":[0.5,5,4.5,7],"texture":"#1"},"east":{"uv":[0,5,0.5,7],"texture":"#1"},"south":{"uv":[5,5,9,7],"texture":"#1"},"west":{"uv":[4.5,5,5,7],"texture":"#1"},"up":{"uv":[4.5,5,0.5,4.5],"texture":"#1"},"down":{"uv":[8.5,4.5,4.5,5],"texture":"#1"}}},{"name":"left3","from":[0,1,0],"to":[16,9,2],"rotation":{"angle":0,"axis":"y","origin":[-7,6,16]},"faces":{"north":{"uv":[9,5,5,7],"texture":"#1"},"east":{"uv":[0.5,5,0,7],"texture":"#1"},"south":{"uv":[4.5,5,0.5,7],"texture":"#1"},"west":{"uv":[5,5,4.5,7],"texture":"#1"},"up":{"uv":[4.5,4.5,0.5,5],"texture":"#1"},"down":{"uv":[8.5,5,4.5,4.5],"texture":"#1"}}},{"name":"left4","from":[-2,1,0],"to":[0,9,16],"rotation":{"angle":0,"axis":"y","origin":[8,5,8]},"faces":{"north":{"uv":[0.5,5,0,7],"texture":"#1"},"east":{"uv":[4.5,5,0.5,7],"texture":"#1"},"south":{"uv":[5,5,4.5,7],"texture":"#1"},"west":{"uv":[9,5,5,7],"texture":"#1"},"up":{"uv":[4.5,4.5,0.5,5],"rotation":270,"texture":"#1"},"down":{"uv":[8.5,5,4.5,4.5],"rotation":90,"texture":"#1"}}},{"name":"left3","from":[16,1,0],"to":[18,9,16],"rotation":{"angle":0,"axis":"y","origin":[8,5,8]},"faces":{"north":{"uv":[0,5,0.5,7],"texture":"#1"},"east":{"uv":[5,5,9,7],"texture":"#1"},"south":{"uv":[4.5,5,5,7],"texture":"#1"},"west":{"uv":[0.5,5,4.5,7],"texture":"#1"},"up":{"uv":[4.5,5,0.5,4.5],"rotation":270,"texture":"#1"},"down":{"uv":[8.5,4.5,4.5,5],"rotation":90,"texture":"#1"}}},{"name":"base","from":[-2,-1,0],"to":[18,1,16],"rotation":{"angle":0,"axis":"x","origin":[0,0,1]},"faces":{"north":{"uv":[5.5,0.5,0.5,0],"rotation":180,"texture":"#1"},"east":{"uv":[0,0.5,0.5,4.5],"rotation":90,"texture":"#1"},"south":{"uv":[10.5,0,5.5,0.5],"texture":"#1"},"west":{"uv":[5.5,0.5,6,4.5],"rotation":270,"texture":"#1"},"up":{"uv":[6,0.5,11,4.5],"texture":"#1"},"down":{"uv":[0.5,0.5,5.5,4.5],"rotation":180,"texture":"#1"}}}],"display":{"thirdperson_righthand":{"rotation":[69.37,-25.89,-179.18],"translation":[0,0.5,0],"scale":[0.25195,0.25195,0.25195]},"thirdperson_lefthand":{"rotation":[69.37,-25.89,-179.18],"translation":[0,0.5,0],"scale":[0.25195,0.25195,0.25195]},"firstperson_righthand":{"rotation":[0,0,165.25],"translation":[0,1,0],"scale":[0.26367,0.26367,0.26367]},"firstperson_lefthand":{"rotation":[0,0,165.25],"translation":[0,1,0],"scale":[0.26367,0.26367,0.26367]},"ground":{"rotation":[-81.28,-79.57,88.24],"translation":[0,0.75,0],"scale":[0.48633,0.48633,0.48633]},"gui":{"rotation":[152.27,45.2,-1.09],"translation":[0,-1.75,0],"scale":[0.54297,0.54297,0.54297]},"head":{"rotation":[12.82,9.5,-169.04],"translation":[0,0.5,-0.75],"scale":[1.15234,1.15234,1.15234]},"fixed":{"rotation":[-3.75,9,112.25],"translation":[-5.5,-1,-9.75],"scale":[1.24414,1.24414,1.24414]}},"gui_light":"front"}