{"credit":"Created By Yassou","texture_size":[32,32],"textures":{"1":"cosmetics:hats/cat_headphone_tint","particle":"#1"},"elements":[{"from":[3.5,1,7],"to":[12.5,8,9],"rotation":{"angle":0,"axis":"y","origin":[4.5,0,4]},"faces":{"north":{"uv":[0,0,4.5,3.5],"texture":"#1","tintindex":0},"east":{"uv":[4,9,5,12.5],"texture":"#1","tintindex":0},"south":{"uv":[0,3.5,4.5,7],"texture":"#1","tintindex":0},"west":{"uv":[5,9,6,12.5],"texture":"#1","tintindex":0},"up":{"uv":[9,7,4.5,6],"texture":"#1","tintindex":0},"down":{"uv":[4.5,7,0,8],"texture":"#1","tintindex":0}}},{"from":[2.5,0.9,6],"to":[4.5,4.9,10],"rotation":{"angle":0,"axis":"y","origin":[4,0,4]},"faces":{"north":{"uv":[10,1.5,11,3.5],"texture":"#1"},"east":{"uv":[4.5,7,6.5,9],"texture":"#1"},"south":{"uv":[2.5,10,3.5,12],"texture":"#1"},"west":{"uv":[6.5,7,8.5,9],"texture":"#1"},"up":{"uv":[11,5.5,10,3.5],"texture":"#1"},"down":{"uv":[7,10,6,12],"texture":"#1"}}},{"from":[2.4,1.9,7],"to":[2.4,3.9,9],"rotation":{"angle":0,"axis":"y","origin":[4,0,4]},"faces":{"north":{"uv":[0,0,0,1],"texture":"#1","tintindex":0},"east":{"uv":[11.5,0,12.5,1],"texture":"#1","tintindex":0},"south":{"uv":[0,0,0,1],"texture":"#1","tintindex":0},"west":{"uv":[1,11.5,2,12.5],"texture":"#1","tintindex":0},"up":{"uv":[0,1,0,0],"texture":"#1","tintindex":0},"down":{"uv":[0,0,0,1],"texture":"#1","tintindex":0}}},{"from":[3.6,0.8,5.9],"to":[4.6,5,10.1],"rotation":{"angle":0,"axis":"y","origin":[4,0,4]},"faces":{"north":{"uv":[3.5,10,4,12],"texture":"#1","tintindex":0},"east":{"uv":[0,8,2,10],"texture":"#1","tintindex":0},"south":{"uv":[9,10,9.5,12],"texture":"#1","tintindex":0},"west":{"uv":[8,0,10,2],"texture":"#1","tintindex":0},"up":{"uv":[2.5,13.5,2,11.5],"texture":"#1","tintindex":0},"down":{"uv":[12,7,11.5,9],"texture":"#1","tintindex":0}}},{"from":[11.5,0.9,6],"to":[13.5,4.9,10],"rotation":{"angle":0,"axis":"y","origin":[12,0,4]},"faces":{"north":{"uv":[11,1.5,10,3.5],"texture":"#1"},"east":{"uv":[8.5,7,6.5,9],"texture":"#1"},"south":{"uv":[3.5,10,2.5,12],"texture":"#1"},"west":{"uv":[6.5,7,4.5,9],"texture":"#1"},"up":{"uv":[10,5.5,11,3.5],"texture":"#1"},"down":{"uv":[6,10,7,12],"texture":"#1"}}},{"from":[13.6,1.9,7],"to":[13.6,3.9,9],"rotation":{"angle":0,"axis":"y","origin":[12,0,4]},"faces":{"north":{"uv":[0,0,0,1],"texture":"#1","tintindex":0},"east":{"uv":[2,11.5,1,12.5],"texture":"#1","tintindex":0},"south":{"uv":[0,0,0,1],"texture":"#1","tintindex":0},"west":{"uv":[12.5,0,11.5,1],"texture":"#1","tintindex":0},"up":{"uv":[0,1,0,0],"texture":"#1","tintindex":0},"down":{"uv":[0,0,0,1],"texture":"#1","tintindex":0}}},{"from":[11.4,0.8,5.9],"to":[12.4,5,10.1],"rotation":{"angle":0,"axis":"y","origin":[12,0,4]},"faces":{"north":{"uv":[4,10,3.5,12],"texture":"#1","tintindex":0},"east":{"uv":[10,0,8,2],"texture":"#1","tintindex":0},"south":{"uv":[9.5,10,9,12],"texture":"#1","tintindex":0},"west":{"uv":[2,8,0,10],"texture":"#1","tintindex":0},"up":{"uv":[2,13.5,2.5,11.5],"texture":"#1","tintindex":0},"down":{"uv":[11.5,7,12,9],"texture":"#1","tintindex":0}}},{"name":"cube_outline","from":[11.5,7,9],"to":[4.5,1,7],"rotation":{"angle":0,"axis":"y","origin":[4.5,0,4]},"faces":{"north":{"uv":[4.5,0,8,3],"texture":"#1","tintindex":0},"east":{"uv":[9.5,9,10.5,12],"texture":"#1","tintindex":0},"south":{"uv":[4.5,3,8,6],"texture":"#1","tintindex":0},"west":{"uv":[0,10,1,13],"texture":"#1","tintindex":0},"up":{"uv":[9.5,10,6,9],"texture":"#1","tintindex":0},"down":{"uv":[12.5,6,9,7],"texture":"#1","tintindex":0}}},{"from":[1.61,7.46019,7.16404],"to":[4.59,10.44019,8.94404],"rotation":{"angle":45,"axis":"z","origin":[5.6,11.50019,6.74225]},"faces":{"north":{"uv":[10,0,11.5,1.5],"texture":"#1","tintindex":0},"east":{"uv":[11,1.5,12,3],"texture":"#1","tintindex":0},"south":{"uv":[1,10,2.5,11.5],"texture":"#1","tintindex":0},"west":{"uv":[11,3,12,4.5],"texture":"#1","tintindex":0},"up":{"uv":[12.5,5.5,11,4.5],"texture":"#1","tintindex":0},"down":{"uv":[12,11,10.5,12],"texture":"#1","tintindex":0}}},{"from":[2.61,7.46019,7.13045],"to":[3.59,9.44019,7.13045],"rotation":{"angle":45,"axis":"z","origin":[5.6,11.50019,6.74225]},"faces":{"north":{"uv":[4,8,4.5,9],"texture":"#1"},"east":{"uv":[0,0,0,1],"texture":"#1","tintindex":0},"south":{"uv":[12,3,12.5,4],"texture":"#1","tintindex":0},"west":{"uv":[0,0,0,1],"texture":"#1","tintindex":0},"up":{"uv":[0.5,0,0,0],"texture":"#1","tintindex":0},"down":{"uv":[0.5,0,0,0],"texture":"#1","tintindex":0}}},{"from":[12.41,7.46019,7.13045],"to":[13.39,9.44019,7.13045],"rotation":{"angle":-45,"axis":"z","origin":[10.4,11.50019,6.74225]},"faces":{"north":{"uv":[4.5,8,4,9],"texture":"#1"},"east":{"uv":[0,0,0,1],"texture":"#1","tintindex":0},"south":{"uv":[12.5,3,12,4],"texture":"#1","tintindex":0},"west":{"uv":[0,0,0,1],"texture":"#1","tintindex":0},"up":{"uv":[0,0,0.5,0],"texture":"#1","tintindex":0},"down":{"uv":[0,0,0.5,0],"texture":"#1","tintindex":0}}},{"from":[11.41,7.46019,7.16404],"to":[14.39,10.44019,8.94404],"rotation":{"angle":-45,"axis":"z","origin":[10.4,11.50019,6.74225]},"faces":{"north":{"uv":[11.5,0,10,1.5],"texture":"#1","tintindex":0},"east":{"uv":[12,3,11,4.5],"texture":"#1","tintindex":0},"south":{"uv":[2.5,10,1,11.5],"texture":"#1","tintindex":0},"west":{"uv":[12,1.5,11,3],"texture":"#1","tintindex":0},"up":{"uv":[11,5.5,12.5,4.5],"texture":"#1","tintindex":0},"down":{"uv":[10.5,11,12,12],"texture":"#1","tintindex":0}}}],"display":{"thirdperson_righthand":{"rotation":[75,45,0],"translation":[0,2.5,1.5],"scale":[0.375,0.375,0.375]},"thirdperson_lefthand":{"rotation":[75,45,0],"translation":[0,2.5,1.5],"scale":[0.375,0.375,0.375]},"firstperson_righthand":{"rotation":[180,67.75,180],"translation":[1.25,3.75,0],"scale":[0.4,0.4,0.4]},"firstperson_lefthand":{"rotation":[180,67.75,180],"translation":[1.25,3.75,0],"scale":[0.4,0.4,0.4]},"ground":{"translation":[0,5.75,0],"scale":[0.81641,0.81641,0.81641]},"gui":{"rotation":[30,225,0],"translation":[-0.5,2.5,0],"scale":[0.9043,0.9043,0.9043]},"head":{"translation":[0,8.75,0],"scale":[1.93359,1.93359,1.93359]},"fixed":{"rotation":[0,0,-11.5],"translation":[0.75,6,-4.25],"scale":[2.13477,2.13477,2.13477]}},"gui_light":"front"}