{"textures":{"particle":"cosmetics:hats/cat_ears"},"elements":[{"from":[5.08579,7.20711,8],"to":[6.08579,13.20711,9],"rotation":{"angle":45,"axis":"z","origin":[5.58579,8.70711,4.5]},"faces":{"north":{"uv":[2,2,3,8],"texture":"#particle"},"east":{"uv":[1,2,2,8],"texture":"#particle"},"south":{"uv":[4,2,5,8],"texture":"#particle"},"west":{"uv":[3,2,4,8],"texture":"#particle"},"up":{"uv":[3,2,2,1],"texture":"#particle"},"down":{"uv":[3,9,2,8],"texture":"#particle"}}},{"from":[9.91421,7.20711,8],"to":[10.91421,13.20711,9],"rotation":{"angle":-45,"axis":"z","origin":[10.41421,8.70711,4.5]},"faces":{"north":{"uv":[3,2,2,8],"texture":"#particle"},"east":{"uv":[4,2,3,8],"texture":"#particle"},"south":{"uv":[5,2,4,8],"texture":"#particle"},"west":{"uv":[2,2,1,8],"texture":"#particle"},"up":{"uv":[2,2,3,1],"texture":"#particle"},"down":{"uv":[2,9,3,8],"texture":"#particle"}}},{"from":[2.05025,7.53553,8],"to":[3.05025,11.53553,9],"rotation":{"angle":0,"axis":"z","origin":[2.55025,8.03553,4.5]},"faces":{"north":{"uv":[2,11,3,15],"texture":"#particle"},"east":{"uv":[1,11,2,15],"texture":"#particle"},"south":{"uv":[4,11,5,15],"texture":"#particle"},"west":{"uv":[3,11,4,15],"texture":"#particle"}}},{"from":[12.94975,7.53553,8],"to":[13.94975,11.53553,9],"rotation":{"angle":0,"axis":"z","origin":[13.44975,8.03553,4.5]},"faces":{"north":{"uv":[3,11,2,15],"texture":"#particle"},"east":{"uv":[4,11,3,15],"texture":"#particle"},"south":{"uv":[5,11,4,15],"texture":"#particle"},"west":{"uv":[2,11,1,15],"texture":"#particle"}}},{"from":[3.05025,4.53553,8.50001],"to":[6.05025,10.53553,8.51001],"rotation":{"angle":0,"axis":"z","origin":[4.55025,7.53553,8.50501]},"faces":{"north":{"uv":[7,11,13,14],"rotation":270,"texture":"#particle"},"south":{"uv":[13,11,7,14],"rotation":90,"texture":"#particle"}}},{"from":[9.94975,4.53553,8.50001],"to":[12.94975,10.53553,8.51001],"rotation":{"angle":0,"axis":"z","origin":[11.44975,7.53553,8.50501]},"faces":{"north":{"uv":[7,14,13,11],"rotation":270,"texture":"#particle"},"south":{"uv":[13,14,7,11],"rotation":90,"texture":"#particle"}}},{"from":[3.35158,4.9933,8],"to":[4.35158,7.9933,9],"rotation":{"angle":22.5,"axis":"z","origin":[3.85158,4.4933,4.5]},"faces":{"north":{"uv":[8,1,9,4],"texture":"#particle"},"east":{"uv":[7,1,8,4],"texture":"#particle"},"south":{"uv":[10,1,11,4],"texture":"#particle"},"west":{"uv":[9,1,10,4],"texture":"#particle"}}},{"from":[11.64842,4.9933,8],"to":[12.64842,7.9933,9],"rotation":{"angle":-22.5,"axis":"z","origin":[12.14842,4.4933,4.5]},"faces":{"north":{"uv":[9,1,8,4],"texture":"#particle"},"east":{"uv":[10,1,9,4],"texture":"#particle"},"south":{"uv":[11,1,10,4],"texture":"#particle"},"west":{"uv":[8,1,7,4],"texture":"#particle"}}},{"from":[3.19934,3.76913,8],"to":[5.19934,4.76913,9],"rotation":{"angle":-22.5,"axis":"z","origin":[5.69934,4.26913,4.5]},"faces":{"north":{"uv":[8,6,9,8],"rotation":90,"texture":"#particle"},"east":{"uv":[9,9,8,8],"rotation":270,"texture":"#particle"},"south":{"uv":[10,6,11,8],"rotation":270,"texture":"#particle"},"up":{"uv":[7,6,8,8],"rotation":270,"texture":"#particle"},"down":{"uv":[9,6,10,8],"rotation":270,"texture":"#particle"}}},{"from":[10.80066,3.76913,8],"to":[12.80066,4.76913,9],"rotation":{"angle":22.5,"axis":"z","origin":[10.30066,4.26913,4.5]},"faces":{"north":{"uv":[8,8,9,6],"rotation":90,"texture":"#particle"},"south":{"uv":[10,8,11,6],"rotation":270,"texture":"#particle"},"west":{"uv":[9,8,8,9],"rotation":270,"texture":"#particle"},"up":{"uv":[7,8,8,6],"rotation":270,"texture":"#particle"},"down":{"uv":[9,8,10,6],"rotation":270,"texture":"#particle"}}}],"display":{"thirdperson_righthand":{"rotation":[75,45,0],"translation":[1,2.5,-0.5],"scale":[0.55,0.55,0.55]},"firstperson_righthand":{"rotation":[0,90,0],"translation":[1.5,2,0.5],"scale":[0.4,0.4,0.4]},"gui":{"rotation":[30,225,0],"scale":[0.8,0.8,0.8]},"head":{"translation":[0,6.4,0],"scale":[1.6,1.6,1.6]},"fixed":{"translation":[0,0,-2],"scale":[2,2,2]}},"gui_light":"front"}