{"textures":{"particle":"cosmetics:hats/gfx_cherry_headphones"},"elements":[{"from":[3,6,7],"to":[4,8,9],"rotation":{"angle":0,"axis":"y","origin":[11,8,16]},"faces":{"north":{"uv":[8.5,0.5,9,1.5],"texture":"#particle"},"east":{"uv":[7.5,0.5,8.5,1.5],"texture":"#particle"},"south":{"uv":[10,0.5,10.5,1.5],"texture":"#particle"},"west":{"uv":[9,0.5,10,1.5],"texture":"#particle"}}},{"from":[12,6,7],"to":[13,8,9],"rotation":{"angle":0,"axis":"y","origin":[5,8,16]},"faces":{"north":{"uv":[9,0.5,8.5,1.5],"texture":"#particle"},"east":{"uv":[10,0.5,9,1.5],"texture":"#particle"},"south":{"uv":[10.5,0.5,10,1.5],"texture":"#particle"},"west":{"uv":[8.5,0.5,7.5,1.5],"texture":"#particle"}}},{"from":[2,6,8],"to":[3,8,9],"rotation":{"angle":22.5,"axis":"x","origin":[2.5,6,8]},"faces":{"north":{"uv":[7.5,8,8,9],"texture":"#particle"},"east":{"uv":[7,8,7.5,9],"texture":"#particle"},"south":{"uv":[8.5,8,9,9],"texture":"#particle"},"west":{"uv":[8,8,8.5,9],"texture":"#particle"},"up":{"uv":[8,8,7.5,7.5],"texture":"#particle"}}},{"from":[13,6,8],"to":[14,8,9],"rotation":{"angle":22.5,"axis":"x","origin":[13.5,6,8]},"faces":{"north":{"uv":[8,8,7.5,9],"texture":"#particle"},"east":{"uv":[8.5,8,8,9],"texture":"#particle"},"south":{"uv":[9,8,8.5,9],"texture":"#particle"},"west":{"uv":[7.5,8,7,9],"texture":"#particle"},"up":{"uv":[7.5,8,8,7.5],"texture":"#particle"}}},{"from":[1,2,6],"to":[4,6,10],"rotation":{"angle":0,"axis":"y","origin":[11,5,16]},"faces":{"north":{"uv":[2.5,4.5,4,6.5],"texture":"#particle"},"east":{"uv":[0.5,4.5,2.5,6.5],"texture":"#particle"},"south":{"uv":[6,4.5,7.5,6.5],"texture":"#particle"},"west":{"uv":[4,4.5,6,6.5],"texture":"#particle"},"up":{"uv":[10,6.5,8.5,4.5],"texture":"#particle"},"down":{"uv":[12.5,6.5,11,4.5],"texture":"#particle"}}},{"from":[12,2,6],"to":[15,6,10],"rotation":{"angle":0,"axis":"y","origin":[5,5,16]},"faces":{"north":{"uv":[4,4.5,2.5,6.5],"texture":"#particle"},"east":{"uv":[6,4.5,4,6.5],"texture":"#particle"},"south":{"uv":[7.5,4.5,6,6.5],"texture":"#particle"},"west":{"uv":[2.5,4.5,0.5,6.5],"texture":"#particle"},"up":{"uv":[8.5,6.5,10,4.5],"texture":"#particle"},"down":{"uv":[11,6.5,12.5,4.5],"texture":"#particle"}}},{"from":[3.5,2.5,6.5],"to":[4.5,5.5,9.5],"rotation":{"angle":0,"axis":"y","origin":[11.5,4.5,16.5]},"faces":{"north":{"uv":[2.5,7.5,3,9],"texture":"#particle"},"east":{"uv":[1,7.5,2.5,9],"texture":"#particle"},"south":{"uv":[0.5,7.5,1,9],"texture":"#particle"},"up":{"uv":[4.5,9,4,7.5],"texture":"#particle"},"down":{"uv":[6,9,5.5,7.5],"texture":"#particle"}}},{"from":[11.5,2.5,6.5],"to":[12.5,5.5,9.5],"rotation":{"angle":0,"axis":"y","origin":[4.5,4.5,16.5]},"faces":{"north":{"uv":[3,7.5,2.5,9],"texture":"#particle"},"south":{"uv":[1,7.5,0.5,9],"texture":"#particle"},"west":{"uv":[2.5,7.5,1,9],"texture":"#particle"},"up":{"uv":[4,9,4.5,7.5],"texture":"#particle"},"down":{"uv":[5.5,9,6,7.5],"texture":"#particle"}}},{"from":[3,8,7],"to":[13,9,9],"rotation":{"angle":0,"axis":"y","origin":[20,9,16]},"faces":{"north":{"uv":[0.5,1.5,5.5,2],"texture":"#particle"},"east":{"uv":[6.5,1.5,5.5,2],"texture":"#particle"},"south":{"uv":[5.5,3.5,0.5,3],"texture":"#particle"},"west":{"uv":[5.5,1.5,6.5,2],"texture":"#particle"},"up":{"uv":[5.5,1.5,0.5,0.5],"texture":"#particle"},"down":{"uv":[5.5,3,0.5,2],"texture":"#particle"}}}],"display":{"thirdperson_righthand":{"rotation":[75,45,0],"translation":[0,2.5,-0.25],"scale":[0.55,0.55,0.55]},"firstperson_righthand":{"rotation":[0,135,0],"translation":[0,3,0.5],"scale":[0.4,0.4,0.4]},"ground":{"translation":[0,4,0]},"gui":{"rotation":[30,225,0],"translation":[0,2,0],"scale":[0.8,0.8,0.8]},"head":{"translation":[0,6.4,0],"scale":[1.6,1.6,1.6]},"fixed":{"rotation":[-90,0,0],"translation":[0,0,-12],"scale":[2,2,2]}},"gui_light":"front"}