{"textures":{"particle":"cosmetics:hats/gfx_chinese_dragon_hat"},"elements":[{"from":[3,3,3],"to":[13,10,13],"rotation":{"angle":0,"axis":"y","origin":[11,11,11]},"faces":{"north":{"uv":[0.25,2.75,2.75,4.5],"texture":"#particle"},"east":{"uv":[5.25,2.75,2.75,4.5],"texture":"#particle"},"south":{"uv":[5.25,2.75,7.75,4.5],"texture":"#particle"},"west":{"uv":[2.75,2.75,5.25,4.5],"texture":"#particle"},"up":{"uv":[2.75,2.75,0.25,0.25],"texture":"#particle"},"down":{"uv":[2.75,7,0.25,4.5],"texture":"#particle"}}},{"from":[3,0,3],"to":[4,3,13],"rotation":{"angle":0,"axis":"y","origin":[11,8,11]},"faces":{"north":{"uv":[11.75,8,12,8.75],"texture":"#particle"},"east":{"uv":[9.25,8,11.75,8.75],"texture":"#particle"},"south":{"uv":[14.5,8,14.75,8.75],"texture":"#particle"},"west":{"uv":[12,8,14.5,8.75],"texture":"#particle"},"down":{"uv":[15.5,8.75,15.25,6.25],"texture":"#particle"}}},{"from":[12,0,3],"to":[13,3,13],"rotation":{"angle":0,"axis":"y","origin":[5,8,11]},"faces":{"north":{"uv":[12,8,11.75,8.75],"texture":"#particle"},"east":{"uv":[14.5,8,12,8.75],"texture":"#particle"},"south":{"uv":[14.75,8,14.5,8.75],"texture":"#particle"},"west":{"uv":[11.75,8,9.25,8.75],"texture":"#particle"},"down":{"uv":[15.25,8.75,15.5,6.25],"texture":"#particle"}}},{"from":[4,0,12],"to":[12,3,13],"rotation":{"angle":0,"axis":"y","origin":[11,8,11]},"faces":{"north":{"uv":[9.25,9.25,11.25,10],"texture":"#particle"},"south":{"uv":[11.25,11,9.25,10.25],"texture":"#particle"},"down":{"uv":[11.25,10,9.25,10.25],"texture":"#particle"}}},{"from":[3,9,2],"to":[7,11,4],"rotation":{"angle":0,"axis":"y","origin":[11,11,10]},"faces":{"north":{"uv":[3.75,5.5,4.75,6],"texture":"#particle"},"east":{"uv":[3.25,5.5,3.75,6],"texture":"#particle"},"south":{"uv":[4.75,7,3.75,6.5],"texture":"#particle"},"west":{"uv":[4.75,5.5,5.25,6],"texture":"#particle"},"up":{"uv":[4.75,5.5,3.75,5],"texture":"#particle"},"down":{"uv":[4.75,6.5,3.75,6],"texture":"#particle"}}},{"from":[9,9,2],"to":[13,11,4],"rotation":{"angle":0,"axis":"y","origin":[17,11,10]},"faces":{"north":{"uv":[3.75,5.5,4.75,6],"texture":"#particle"},"east":{"uv":[3.25,5.5,3.75,6],"texture":"#particle"},"south":{"uv":[4.75,7,3.75,6.5],"texture":"#particle"},"west":{"uv":[4.75,5.5,5.25,6],"texture":"#particle"},"up":{"uv":[4.75,5.5,3.75,5],"texture":"#particle"},"down":{"uv":[4.75,6.5,3.75,6],"texture":"#particle"}}},{"from":[4,10,5],"to":[6,12,7],"rotation":{"angle":0,"axis":"y","origin":[11,12,13]},"faces":{"north":{"uv":[13.75,4.75,14.25,5.25],"texture":"#particle"},"east":{"uv":[13.25,4.75,13.75,5.25],"texture":"#particle"},"south":{"uv":[14.75,4.75,15.25,5.25],"texture":"#particle"},"west":{"uv":[14.25,4.75,14.75,5.25],"texture":"#particle"}}},{"from":[10,10,5],"to":[12,12,7],"rotation":{"angle":0,"axis":"y","origin":[17,12,13]},"faces":{"north":{"uv":[13.75,4.75,14.25,5.25],"texture":"#particle"},"east":{"uv":[13.25,4.75,13.75,5.25],"texture":"#particle"},"south":{"uv":[14.75,4.75,15.25,5.25],"texture":"#particle"},"west":{"uv":[14.25,4.75,14.75,5.25],"texture":"#particle"}}},{"from":[4,12,5],"to":[6,13,15],"rotation":{"angle":0,"axis":"y","origin":[11,14,13]},"faces":{"north":{"uv":[9.25,7.25,9.75,7.5],"texture":"#particle"},"east":{"uv":[12.25,7.25,9.75,7.5],"texture":"#particle"},"south":{"uv":[12.25,7.25,12.75,7.5],"texture":"#particle"},"west":{"uv":[9.75,7.25,12.25,7.5],"texture":"#particle"},"up":{"uv":[6.25,7.5,5.75,5],"texture":"#particle"},"down":{"uv":[7.25,7.5,6.75,5],"texture":"#particle"}}},{"from":[10,12,5],"to":[12,13,15],"rotation":{"angle":0,"axis":"y","origin":[17,14,13]},"faces":{"north":{"uv":[9.25,7.25,9.75,7.5],"texture":"#particle"},"east":{"uv":[12.25,7.25,9.75,7.5],"texture":"#particle"},"south":{"uv":[12.25,7.25,12.75,7.5],"texture":"#particle"},"west":{"uv":[9.75,7.25,12.25,7.5],"texture":"#particle"},"up":{"uv":[6.25,7.5,5.75,5],"texture":"#particle"},"down":{"uv":[7.25,7.5,6.75,5],"texture":"#particle"}}},{"from":[4,13,13],"to":[6,15,15],"rotation":{"angle":0,"axis":"y","origin":[11,15,15]},"faces":{"north":{"uv":[4.5,8,5,8.5],"texture":"#particle"},"east":{"uv":[4,8,4.5,8.5],"texture":"#particle"},"south":{"uv":[5.5,8,6,8.5],"texture":"#particle"},"west":{"uv":[5,8,5.5,8.5],"texture":"#particle"},"up":{"uv":[5,8,4.5,7.5],"texture":"#particle"}}},{"from":[10,13,13],"to":[12,15,15],"rotation":{"angle":0,"axis":"y","origin":[17,15,15]},"faces":{"north":{"uv":[4.5,8,5,8.5],"texture":"#particle"},"east":{"uv":[4,8,4.5,8.5],"texture":"#particle"},"south":{"uv":[5.5,8,6,8.5],"texture":"#particle"},"west":{"uv":[5,8,5.5,8.5],"texture":"#particle"},"up":{"uv":[5,8,4.5,7.5],"texture":"#particle"}}},{"from":[4,13,11],"to":[6,14,12],"rotation":{"angle":0,"axis":"y","origin":[11,15,13]},"faces":{"north":{"uv":[4.25,9.25,4.75,9.5],"texture":"#particle"},"east":{"uv":[4,9.25,4.25,9.5],"texture":"#particle"},"south":{"uv":[5,9.25,5.5,9.5],"texture":"#particle"},"west":{"uv":[4.75,9.25,5,9.5],"texture":"#particle"},"up":{"uv":[4.75,9.25,4.25,9],"texture":"#particle"}}},{"from":[10,13,11],"to":[12,14,12],"rotation":{"angle":0,"axis":"y","origin":[17,15,13]},"faces":{"north":{"uv":[4.25,9.25,4.75,9.5],"texture":"#particle"},"east":{"uv":[4,9.25,4.25,9.5],"texture":"#particle"},"south":{"uv":[5,9.25,5.5,9.5],"texture":"#particle"},"west":{"uv":[4.75,9.25,5,9.5],"texture":"#particle"},"up":{"uv":[4.75,9.25,4.25,9],"texture":"#particle"}}},{"from":[4,7,2],"to":[6,9,3],"rotation":{"angle":0,"axis":"y","origin":[11,11,10]},"faces":{"north":{"uv":[13.5,3.75,14,4.25],"texture":"#particle"},"east":{"uv":[13.25,3.75,13.5,4.25],"texture":"#particle"},"west":{"uv":[14,3.75,14.25,4.25],"texture":"#particle"}}},{"from":[10,7,2],"to":[12,9,3],"rotation":{"angle":0,"axis":"y","origin":[5,11,10]},"faces":{"north":{"uv":[14,3.75,13.5,4.25],"texture":"#particle"},"east":{"uv":[14.25,3.75,14,4.25],"texture":"#particle"},"west":{"uv":[13.5,3.75,13.25,4.25],"texture":"#particle"}}},{"from":[4,3,-5],"to":[12,7,3],"rotation":{"angle":0,"axis":"y","origin":[11,11,1]},"faces":{"north":{"uv":[8.25,2.25,10.25,3.25],"texture":"#particle"},"east":{"uv":[7.75,1.25,5.75,2.25],"texture":"#particle"},"west":{"uv":[5.75,1.25,7.75,2.25],"texture":"#particle"},"up":{"uv":[10.25,2.25,8.25,0.25],"texture":"#particle"},"down":{"uv":[10.25,5.25,8.25,3.25],"texture":"#particle"}}},{"from":[3,5,-4],"to":[13,6,-1],"rotation":{"angle":0,"axis":"y","origin":[11,11,1]},"faces":{"north":{"uv":[0.25,8.25,2.75,8.5],"texture":"#particle"},"east":{"uv":[3.5,8.25,2.75,8.5],"texture":"#particle"},"west":{"uv":[2.75,8.25,3.5,8.5],"texture":"#particle"},"up":{"uv":[2.75,8.25,0.25,7.5],"texture":"#particle"},"down":{"uv":[2.75,9.25,0.25,8.5],"texture":"#particle"}}},{"from":[0.78002,5,4.16059],"to":[1.78002,6,12.16059],"rotation":{"angle":0,"axis":"y","origin":[8.78002,11,9.16059]},"faces":{"east":{"uv":[11.25,5.75,13.25,6],"texture":"#particle"},"south":{"uv":[13.25,6.5,13.5,6.75],"texture":"#particle"},"west":{"uv":[11.25,6.5,13.25,6.75],"texture":"#particle"},"up":{"uv":[8,9.75,7.75,7.75],"texture":"#particle"},"down":{"uv":[8.75,9.75,8.5,7.75],"texture":"#particle"}}},{"from":[14.21998,5,4.16059],"to":[15.21998,6,12.16059],"rotation":{"angle":0,"axis":"y","origin":[7.21998,11,9.16059]},"faces":{"east":{"uv":[13.25,6.5,11.25,6.75],"texture":"#particle"},"south":{"uv":[13.5,6.5,13.25,6.75],"texture":"#particle"},"west":{"uv":[13.25,5.75,11.25,6],"texture":"#particle"},"up":{"uv":[7.75,9.75,8,7.75],"texture":"#particle"},"down":{"uv":[8.5,9.75,8.75,7.75],"texture":"#particle"}}},{"from":[2.31179,5,-0.54016],"to":[3.31179,6,5.45984],"rotation":{"angle":-22.5,"axis":"y","origin":[4.81179,5.5,0.95984]},"faces":{"east":{"uv":[9.25,5.75,10.75,6],"texture":"#particle"},"west":{"uv":[9.25,6.5,10.75,6.75],"texture":"#particle"},"up":{"uv":[8,7.25,7.75,5.75],"texture":"#particle"},"down":{"uv":[8.75,7.25,8.5,5.75],"texture":"#particle"}}},{"from":[12.68821,5,-0.54016],"to":[13.68821,6,5.45984],"rotation":{"angle":22.5,"axis":"y","origin":[11.18821,5.5,0.95984]},"faces":{"east":{"uv":[10.75,6.5,9.25,6.75],"texture":"#particle"},"west":{"uv":[10.75,5.75,9.25,6],"texture":"#particle"},"up":{"uv":[7.75,7.25,8,5.75],"texture":"#particle"},"down":{"uv":[8.5,7.25,8.75,5.75],"texture":"#particle"}}},{"from":[4,2,-5],"to":[5,3,-4],"rotation":{"angle":0,"axis":"y","origin":[11,10,1]},"faces":{"north":{"uv":[4.25,1.25,4.5,1.5],"texture":"#particle"},"east":{"uv":[4.25,1.25,4.5,1.5],"texture":"#particle"},"south":{"uv":[4.25,1.25,4.5,1.5],"texture":"#particle"},"west":{"uv":[4.25,1.25,4.5,1.5],"texture":"#particle"},"down":{"uv":[4.5,1.75,4.25,1.5],"texture":"#particle"}}},{"from":[4,2,-3],"to":[5,3,-2],"rotation":{"angle":0,"axis":"y","origin":[11,10,1]},"faces":{"north":{"uv":[4.25,1.25,4.5,1.5],"texture":"#particle"},"east":{"uv":[4.25,1.25,4.5,1.5],"texture":"#particle"},"south":{"uv":[4.25,1.25,4.5,1.5],"texture":"#particle"},"west":{"uv":[4.25,1.25,4.5,1.5],"texture":"#particle"},"down":{"uv":[4.5,1.75,4.25,1.5],"texture":"#particle"}}},{"from":[4,2,-1],"to":[5,3,0],"rotation":{"angle":0,"axis":"y","origin":[11,10,1]},"faces":{"north":{"uv":[4.25,1.25,4.5,1.5],"texture":"#particle"},"east":{"uv":[4.25,1.25,4.5,1.5],"texture":"#particle"},"south":{"uv":[4.25,1.25,4.5,1.5],"texture":"#particle"},"west":{"uv":[4.25,1.25,4.5,1.5],"texture":"#particle"},"down":{"uv":[4.5,1.75,4.25,1.5],"texture":"#particle"}}},{"from":[4,2,1],"to":[5,3,2],"rotation":{"angle":0,"axis":"y","origin":[11,10,1]},"faces":{"north":{"uv":[4.25,1.25,4.5,1.5],"texture":"#particle"},"east":{"uv":[4.25,1.25,4.5,1.5],"texture":"#particle"},"south":{"uv":[4.25,1.25,4.5,1.5],"texture":"#particle"},"west":{"uv":[4.25,1.25,4.5,1.5],"texture":"#particle"},"down":{"uv":[4.5,1.75,4.25,1.5],"texture":"#particle"}}},{"from":[6,2,-5],"to":[7,3,-4],"rotation":{"angle":0,"axis":"y","origin":[11,10,1]},"faces":{"north":{"uv":[4.25,1.25,4.5,1.5],"texture":"#particle"},"east":{"uv":[4.25,1.25,4.5,1.5],"texture":"#particle"},"south":{"uv":[4.25,1.25,4.5,1.5],"texture":"#particle"},"west":{"uv":[4.25,1.25,4.5,1.5],"texture":"#particle"},"down":{"uv":[4.5,1.75,4.25,1.5],"texture":"#particle"}}},{"from":[9,2,-5],"to":[10,3,-4],"rotation":{"angle":0,"axis":"y","origin":[11,10,1]},"faces":{"north":{"uv":[4.25,1.25,4.5,1.5],"texture":"#particle"},"east":{"uv":[4.25,1.25,4.5,1.5],"texture":"#particle"},"south":{"uv":[4.25,1.25,4.5,1.5],"texture":"#particle"},"west":{"uv":[4.25,1.25,4.5,1.5],"texture":"#particle"},"down":{"uv":[4.5,1.75,4.25,1.5],"texture":"#particle"}}},{"from":[11,2,-5],"to":[12,3,-4],"rotation":{"angle":0,"axis":"y","origin":[11,10,1]},"faces":{"north":{"uv":[4.25,1.25,4.5,1.5],"texture":"#particle"},"east":{"uv":[4.25,1.25,4.5,1.5],"texture":"#particle"},"south":{"uv":[4.25,1.25,4.5,1.5],"texture":"#particle"},"west":{"uv":[4.25,1.25,4.5,1.5],"texture":"#particle"},"down":{"uv":[4.5,1.75,4.25,1.5],"texture":"#particle"}}},{"from":[11,2,-3],"to":[12,3,-2],"rotation":{"angle":0,"axis":"y","origin":[11,10,1]},"faces":{"north":{"uv":[4.25,1.25,4.5,1.5],"texture":"#particle"},"east":{"uv":[4.25,1.25,4.5,1.5],"texture":"#particle"},"south":{"uv":[4.25,1.25,4.5,1.5],"texture":"#particle"},"west":{"uv":[4.25,1.25,4.5,1.5],"texture":"#particle"},"down":{"uv":[4.5,1.75,4.25,1.5],"texture":"#particle"}}},{"from":[11,2,-1],"to":[12,3,0],"rotation":{"angle":0,"axis":"y","origin":[11,10,1]},"faces":{"north":{"uv":[4.25,1.25,4.5,1.5],"texture":"#particle"},"east":{"uv":[4.25,1.25,4.5,1.5],"texture":"#particle"},"south":{"uv":[4.25,1.25,4.5,1.5],"texture":"#particle"},"west":{"uv":[4.25,1.25,4.5,1.5],"texture":"#particle"},"down":{"uv":[4.5,1.75,4.25,1.5],"texture":"#particle"}}},{"from":[11,2,1],"to":[12,3,2],"rotation":{"angle":0,"axis":"y","origin":[11,10,1]},"faces":{"north":{"uv":[4.25,1.25,4.5,1.5],"texture":"#particle"},"east":{"uv":[4.25,1.25,4.5,1.5],"texture":"#particle"},"south":{"uv":[4.25,1.25,4.5,1.5],"texture":"#particle"},"west":{"uv":[4.25,1.25,4.5,1.5],"texture":"#particle"},"down":{"uv":[4.5,1.75,4.25,1.5],"texture":"#particle"}}},{"from":[4,0,-5],"to":[12,2,4],"rotation":{"angle":-22.5,"axis":"x","origin":[8,2,4]},"faces":{"north":{"uv":[10.75,2.5,12.75,3],"texture":"#particle"},"east":{"uv":[5.75,0.25,3.5,0.75],"texture":"#particle"},"south":{"uv":[5.75,0.25,7.75,0.75],"texture":"#particle"},"west":{"uv":[3.5,0.25,5.75,0.75],"texture":"#particle"},"up":{"uv":[12.75,2.5,10.75,0.25],"texture":"#particle"},"down":{"uv":[12.75,5.25,10.75,3],"texture":"#particle"}}},{"from":[5,2,-5],"to":[6,3,-4],"rotation":{"angle":-22.5,"axis":"x","origin":[8,2,4]},"faces":{"north":{"uv":[3.5,1.5,3.75,1.75],"texture":"#particle"},"east":{"uv":[3.5,1.5,3.75,1.75],"texture":"#particle"},"south":{"uv":[3.5,1.5,3.75,1.75],"texture":"#particle"},"west":{"uv":[3.5,1.5,3.75,1.75],"texture":"#particle"},"up":{"uv":[3.75,1.5,3.5,1.25],"texture":"#particle"}}},{"from":[4,2,-4],"to":[5,3,-3],"rotation":{"angle":-22.5,"axis":"x","origin":[8,2,4]},"faces":{"north":{"uv":[3.5,1.5,3.75,1.75],"texture":"#particle"},"east":{"uv":[3.5,1.5,3.75,1.75],"texture":"#particle"},"south":{"uv":[3.5,1.5,3.75,1.75],"texture":"#particle"},"west":{"uv":[3.5,1.5,3.75,1.75],"texture":"#particle"},"up":{"uv":[3.75,1.5,3.5,1.25],"texture":"#particle"}}},{"from":[11,2,-4],"to":[12,3,-3],"rotation":{"angle":-22.5,"axis":"x","origin":[8,2,4]},"faces":{"north":{"uv":[3.5,1.5,3.75,1.75],"texture":"#particle"},"east":{"uv":[3.5,1.5,3.75,1.75],"texture":"#particle"},"south":{"uv":[3.5,1.5,3.75,1.75],"texture":"#particle"},"west":{"uv":[3.5,1.5,3.75,1.75],"texture":"#particle"},"up":{"uv":[3.75,1.5,3.5,1.25],"texture":"#particle"}}},{"from":[4,2,-2],"to":[5,3,-1],"rotation":{"angle":-22.5,"axis":"x","origin":[8,2,4]},"faces":{"north":{"uv":[3.5,1.5,3.75,1.75],"texture":"#particle"},"east":{"uv":[3.5,1.5,3.75,1.75],"texture":"#particle"},"south":{"uv":[3.5,1.5,3.75,1.75],"texture":"#particle"},"west":{"uv":[3.5,1.5,3.75,1.75],"texture":"#particle"},"up":{"uv":[3.75,1.5,3.5,1.25],"texture":"#particle"}}},{"from":[11,2,-2],"to":[12,3,-1],"rotation":{"angle":-22.5,"axis":"x","origin":[8,2,4]},"faces":{"north":{"uv":[3.5,1.5,3.75,1.75],"texture":"#particle"},"east":{"uv":[3.5,1.5,3.75,1.75],"texture":"#particle"},"south":{"uv":[3.5,1.5,3.75,1.75],"texture":"#particle"},"west":{"uv":[3.5,1.5,3.75,1.75],"texture":"#particle"},"up":{"uv":[3.75,1.5,3.5,1.25],"texture":"#particle"}}},{"from":[4,2,0],"to":[5,3,1],"rotation":{"angle":-22.5,"axis":"x","origin":[8,2,4]},"faces":{"north":{"uv":[3.5,1.5,3.75,1.75],"texture":"#particle"},"east":{"uv":[3.5,1.5,3.75,1.75],"texture":"#particle"},"south":{"uv":[3.5,1.5,3.75,1.75],"texture":"#particle"},"west":{"uv":[3.5,1.5,3.75,1.75],"texture":"#particle"},"up":{"uv":[3.75,1.5,3.5,1.25],"texture":"#particle"}}},{"from":[11,2,0],"to":[12,3,1],"rotation":{"angle":-22.5,"axis":"x","origin":[8,2,4]},"faces":{"north":{"uv":[3.5,1.5,3.75,1.75],"texture":"#particle"},"east":{"uv":[3.5,1.5,3.75,1.75],"texture":"#particle"},"south":{"uv":[3.5,1.5,3.75,1.75],"texture":"#particle"},"west":{"uv":[3.5,1.5,3.75,1.75],"texture":"#particle"},"up":{"uv":[3.75,1.5,3.5,1.25],"texture":"#particle"}}},{"from":[4,2,2],"to":[5,3,3],"rotation":{"angle":-22.5,"axis":"x","origin":[8,2,4]},"faces":{"north":{"uv":[3.5,1.5,3.75,1.75],"texture":"#particle"},"east":{"uv":[3.5,1.5,3.75,1.75],"texture":"#particle"},"south":{"uv":[3.5,1.5,3.75,1.75],"texture":"#particle"},"west":{"uv":[3.5,1.5,3.75,1.75],"texture":"#particle"},"up":{"uv":[3.75,1.5,3.5,1.25],"texture":"#particle"}}},{"from":[11,2,2],"to":[12,3,3],"rotation":{"angle":-22.5,"axis":"x","origin":[8,2,4]},"faces":{"north":{"uv":[3.5,1.5,3.75,1.75],"texture":"#particle"},"east":{"uv":[3.5,1.5,3.75,1.75],"texture":"#particle"},"south":{"uv":[3.5,1.5,3.75,1.75],"texture":"#particle"},"west":{"uv":[3.5,1.5,3.75,1.75],"texture":"#particle"},"up":{"uv":[3.75,1.5,3.5,1.25],"texture":"#particle"}}},{"from":[10,2,-5],"to":[11,3,-4],"rotation":{"angle":-22.5,"axis":"x","origin":[8,2,4]},"faces":{"north":{"uv":[3.5,1.5,3.75,1.75],"texture":"#particle"},"east":{"uv":[3.5,1.5,3.75,1.75],"texture":"#particle"},"south":{"uv":[3.5,1.5,3.75,1.75],"texture":"#particle"},"west":{"uv":[3.5,1.5,3.75,1.75],"texture":"#particle"},"up":{"uv":[3.75,1.5,3.5,1.25],"texture":"#particle"}}},{"from":[7,2,-5],"to":[9,3,-4],"rotation":{"angle":-22.5,"axis":"x","origin":[10,2,4]},"faces":{"north":{"uv":[4.25,10.25,4.75,10.5],"texture":"#particle"},"east":{"uv":[4,10.25,4.25,10.5],"texture":"#particle"},"south":{"uv":[5,10.25,5.5,10.5],"texture":"#particle"},"west":{"uv":[4.75,10.25,5,10.5],"texture":"#particle"},"up":{"uv":[4.75,10.25,4.25,10],"texture":"#particle"}}},{"from":[6,5,-6],"to":[10,8,-3],"rotation":{"angle":0,"axis":"y","origin":[14,12,1]},"faces":{"north":{"uv":[13.25,1,14.25,1.75],"texture":"#particle"},"east":{"uv":[15,1,14.25,1.75],"texture":"#particle"},"south":{"uv":[14.25,3.25,13.25,2.5],"texture":"#particle"},"west":{"uv":[14.25,1,15,1.75],"texture":"#particle"},"up":{"uv":[14.25,1,13.25,0.25],"texture":"#particle"},"down":{"uv":[14.25,2.5,13.25,1.75],"texture":"#particle"}}}],"display":{"thirdperson_righthand":{"rotation":[75,45,0],"translation":[0,2.5,1],"scale":[0.55,0.55,0.55]},"thirdperson_lefthand":{"rotation":[75,45,0],"translation":[0,2.5,1],"scale":[0.55,0.55,0.55]},"firstperson_righthand":{"rotation":[0,45,0],"translation":[0.5,3,0.5],"scale":[0.4,0.4,0.4]},"firstperson_lefthand":{"rotation":[0,45,0],"translation":[0.5,3,0.5],"scale":[0.4,0.4,0.4]},"ground":{"translation":[0,9,0]},"gui":{"rotation":[30,225,0],"translation":[-1,1.5,0],"scale":[0.55,0.55,0.55]},"head":{"translation":[0,6.4,0],"scale":[1.6,1.6,1.6]},"fixed":{"rotation":[-9.25,0,0],"translation":[0,3,-11],"scale":[2,2,2]}},"gui_light":"front"}