{"textures":{"particle":"cosmetics:hats/gfx_clover_headband"},"elements":[{"from":[1.4333,12.39,7.5],"to":[6.4333,15.39,8.5],"rotation":{"angle":22.5,"axis":"z","origin":[3.9333,13.89,8]},"faces":{"north":{"uv":[8,5.5,10.5,7],"texture":"#particle"},"east":{"uv":[7.5,5.5,8,7],"texture":"#particle"},"south":{"uv":[11,5.5,13.5,7],"texture":"#particle"},"west":{"uv":[10.5,5.5,11,7],"texture":"#particle"},"up":{"uv":[10.5,5.5,8,5],"texture":"#particle"},"down":{"uv":[10.5,7.5,8,7],"texture":"#particle"}}},{"from":[9.5667,12.39,7.5],"to":[14.5667,15.39,8.5],"rotation":{"angle":-22.5,"axis":"z","origin":[12.0667,13.89,8]},"faces":{"north":{"uv":[8,5.5,10.5,7],"texture":"#particle"},"east":{"uv":[7.5,5.5,8,7],"texture":"#particle"},"south":{"uv":[11,5.5,13.5,7],"texture":"#particle"},"west":{"uv":[10.5,5.5,11,7],"texture":"#particle"},"up":{"uv":[10.5,5.5,8,5],"texture":"#particle"},"down":{"uv":[10.5,7.5,8,7],"texture":"#particle"}}},{"from":[3.4333,8.39,7.5],"to":[4.4333,12.39,8.5],"rotation":{"angle":22.5,"axis":"z","origin":[3.9333,13.89,8]},"faces":{"north":{"uv":[5,4,5.5,6],"texture":"#particle"},"east":{"uv":[4.5,4,5,6],"texture":"#particle"},"south":{"uv":[6,4,6.5,6],"texture":"#particle"},"west":{"uv":[5.5,4,6,6],"texture":"#particle"}}},{"from":[11.5667,8.39,7.5],"to":[12.5667,12.39,8.5],"rotation":{"angle":-22.5,"axis":"z","origin":[12.0667,13.89,8]},"faces":{"north":{"uv":[5,4,5.5,6],"texture":"#particle"},"east":{"uv":[4.5,4,5,6],"texture":"#particle"},"south":{"uv":[6,4,6.5,6],"texture":"#particle"},"west":{"uv":[5.5,4,6,6],"texture":"#particle"}}},{"from":[2.4333,15.39,7.5],"to":[5.4333,16.39,8.5],"rotation":{"angle":22.5,"axis":"z","origin":[3.9333,13.89,8]},"faces":{"north":{"uv":[8,3.5,9.5,4],"texture":"#particle"},"east":{"uv":[7.5,3.5,8,4],"texture":"#particle"},"south":{"uv":[10,3.5,11.5,4],"texture":"#particle"},"west":{"uv":[9.5,3.5,10,4],"texture":"#particle"},"up":{"uv":[9.5,3.5,8,3],"texture":"#particle"}}},{"from":[10.5667,15.39,7.5],"to":[13.5667,16.39,8.5],"rotation":{"angle":-22.5,"axis":"z","origin":[12.0667,13.89,8]},"faces":{"north":{"uv":[8,3.5,9.5,4],"texture":"#particle"},"east":{"uv":[7.5,3.5,8,4],"texture":"#particle"},"south":{"uv":[10,3.5,11.5,4],"texture":"#particle"},"west":{"uv":[9.5,3.5,10,4],"texture":"#particle"},"up":{"uv":[9.5,3.5,8,3],"texture":"#particle"}}},{"from":[3,3,7],"to":[4,8,9],"rotation":{"angle":0,"axis":"y","origin":[11,15,15]},"faces":{"north":{"uv":[1.5,4,2,6.5],"texture":"#particle"},"east":{"uv":[0.5,4,1.5,6.5],"texture":"#particle"},"south":{"uv":[3,4,3.5,6.5],"texture":"#particle"},"west":{"uv":[2,4,3,6.5],"texture":"#particle"},"down":{"uv":[2,7.5,1.5,6.5],"texture":"#particle"}}},{"from":[12,3,7],"to":[13,8,9],"rotation":{"angle":0,"axis":"y","origin":[5,15,15]},"faces":{"north":{"uv":[2,4,1.5,6.5],"texture":"#particle"},"east":{"uv":[3,4,2,6.5],"texture":"#particle"},"south":{"uv":[3.5,4,3,6.5],"texture":"#particle"},"west":{"uv":[1.5,4,0.5,6.5],"texture":"#particle"},"down":{"uv":[1.5,7.5,2,6.5],"texture":"#particle"}}},{"from":[3,8,7],"to":[13,9,9],"rotation":{"angle":0,"axis":"y","origin":[11,16,15]},"faces":{"north":{"uv":[0.5,1.5,5.5,2],"texture":"#particle"},"east":{"uv":[6.5,1.5,5.5,2],"texture":"#particle"},"south":{"uv":[6.5,1.5,11.5,2],"texture":"#particle"},"west":{"uv":[5.5,1.5,6.5,2],"texture":"#particle"},"up":{"uv":[5.5,1.5,0.5,0.5],"texture":"#particle"},"down":{"uv":[5.5,3,0.5,2],"texture":"#particle"}}}],"display":{"thirdperson_righthand":{"rotation":[75,45,0],"translation":[0,2,-0.25],"scale":[0.55,0.55,0.55]},"thirdperson_lefthand":{"rotation":[75,45,0],"translation":[0,2,-0.25],"scale":[0.55,0.55,0.55]},"firstperson_righthand":{"rotation":[0,135,0],"translation":[0,1.5,0.5],"scale":[0.4,0.4,0.4]},"firstperson_lefthand":{"rotation":[0,135,0],"translation":[0,1.5,0.5],"scale":[0.4,0.4,0.4]},"ground":{"translation":[0,3,0]},"gui":{"rotation":[30,225,0],"translation":[0,-1,0],"scale":[0.8,0.8,0.8]},"head":{"translation":[0,6.4,0],"scale":[1.6,1.6,1.6]},"fixed":{"rotation":[-90,0,0],"translation":[0,0,-10],"scale":[2,2,2]}},"gui_light":"front"}