{"textures":{"particle":"cosmetics:hats/gfx_cow_hat"},"elements":[{"from":[3,6,3],"to":[13,8,13],"rotation":{"angle":0,"axis":"y","origin":[12,13,11]},"faces":{"north":{"uv":[7.5,5.5,12.5,6.5],"texture":"#particle"},"east":{"uv":[0.5,14,5.5,15],"texture":"#particle"},"south":{"uv":[7.5,5.5,12.5,6.5],"texture":"#particle"},"west":{"uv":[0.5,14,5.5,15],"texture":"#particle"},"up":{"uv":[12.5,5.5,7.5,0.5],"texture":"#particle"}}},{"from":[3.5,8,3.5],"to":[12.5,10,12.5],"rotation":{"angle":0,"axis":"y","origin":[12.5,14,10.5]},"faces":{"north":{"uv":[7.5,12,12,13],"texture":"#particle"},"east":{"uv":[6.5,14,11,15],"texture":"#particle"},"south":{"uv":[7.5,12,12,13],"texture":"#particle"},"west":{"uv":[6.5,14,11,15],"texture":"#particle"},"up":{"uv":[12,12,7.5,7.5],"texture":"#particle"}}},{"from":[2.5,8,7.5],"to":[3.5,11,8.5],"rotation":{"angle":0,"axis":"y","origin":[11.5,14,10.5]},"faces":{"north":{"uv":[13.5,1,14,2.5],"texture":"#particle"},"east":{"uv":[13.5,1,14,2.5],"texture":"#particle"},"south":{"uv":[13.5,1,14,2.5],"texture":"#particle"},"west":{"uv":[13.5,1,14,2.5],"texture":"#particle"},"up":{"uv":[14,1,13.5,0.5],"texture":"#particle"},"down":{"uv":[14,3,13.5,2.5],"texture":"#particle"}}},{"from":[12.5,8,7.5],"to":[13.5,11,8.5],"rotation":{"angle":0,"axis":"y","origin":[4.5,14,10.5]},"faces":{"north":{"uv":[14,1,13.5,2.5],"texture":"#particle"},"east":{"uv":[14,1,13.5,2.5],"texture":"#particle"},"south":{"uv":[14,1,13.5,2.5],"texture":"#particle"},"west":{"uv":[14,1,13.5,2.5],"texture":"#particle"},"up":{"uv":[13.5,1,14,0.5],"texture":"#particle"},"down":{"uv":[13.5,3,14,2.5],"texture":"#particle"}}},{"from":[2,5,2],"to":[14,6,14],"rotation":{"angle":0,"axis":"y","origin":[12,12,11]},"faces":{"north":{"uv":[0.5,6.5,6.5,7],"texture":"#particle"},"east":{"uv":[0.5,6.5,6.5,7],"texture":"#particle"},"south":{"uv":[0.5,6.5,6.5,7],"texture":"#particle"},"west":{"uv":[0.5,6.5,6.5,7],"texture":"#particle"},"up":{"uv":[6.5,6.5,0.5,0.5],"texture":"#particle"},"down":{"uv":[6.5,13,0.5,7],"texture":"#particle"}}}],"display":{"thirdperson_righthand":{"rotation":[75,45,0],"translation":[0,2.5,-0.25],"scale":[0.55,0.55,0.55]},"firstperson_righthand":{"rotation":[0,45,0],"translation":[0.5,2.5,0.5],"scale":[0.4,0.4,0.4]},"gui":{"rotation":[30,225,0],"translation":[0,0.5,0],"scale":[0.8,0.8,0.8]},"head":{"translation":[0,6.45,0],"scale":[1.61,1.61,1.61]},"fixed":{"rotation":[-90,90,0],"translation":[0,0,-6],"scale":[2,2,2]}},"gui_light":"front"}