{"textures":{"particle":"cosmetics:hats/cowboyhat"},"elements":[{"from":[3,0,3],"to":[13,1.125,13],"rotation":{"angle":0,"axis":"y","origin":[8,3,8]},"faces":{"north":{"uv":[5.5,5.5,10.5,6],"texture":"#particle"},"south":{"uv":[5.5,5.5,10.5,6],"texture":"#particle"},"up":{"uv":[10.5,5.5,5.5,0.5],"texture":"#particle"},"down":{"uv":[10.5,11,5.5,6],"texture":"#particle"}}},{"from":[2.52863,-1.68511,2.9875],"to":[4.52863,-0.56011,13.0125],"rotation":{"angle":-22.5,"axis":"z","origin":[8,3,8]},"faces":{"north":{"uv":[11.5,5.5,12.5,6],"texture":"#particle"},"south":{"uv":[12.5,5.5,11.5,6],"texture":"#particle"},"west":{"uv":[5.5,14.5,10.5,15],"texture":"#particle"},"up":{"uv":[12.5,5.5,11.5,0.5],"texture":"#particle"},"down":{"uv":[12.5,11,11.5,6],"texture":"#particle"}}},{"from":[11.47137,-1.68511,2.9875],"to":[13.47137,-0.56011,13.0125],"rotation":{"angle":22.5,"axis":"z","origin":[8,3,8]},"faces":{"north":{"uv":[12.5,5.5,11.5,6],"texture":"#particle"},"east":{"uv":[5.5,14.5,10.5,15],"texture":"#particle"},"south":{"uv":[11.5,5.5,12.5,6],"texture":"#particle"},"up":{"uv":[12.5,5.5,11.5,0.5],"rotation":180,"texture":"#particle"},"down":{"uv":[12.5,11,11.5,6],"rotation":180,"texture":"#particle"}}},{"from":[1.52863,-1.68511,3.9875],"to":[2.52863,-0.56011,12.0125],"rotation":{"angle":-22.5,"axis":"z","origin":[8,3,8]},"faces":{"north":{"uv":[13.5,4.5,14,5],"texture":"#particle"},"south":{"uv":[14,4.5,13.5,5],"texture":"#particle"},"west":{"uv":[11,12,15,12.5],"texture":"#particle"},"up":{"uv":[14,4.5,13.5,0.5],"texture":"#particle"},"down":{"uv":[14,9,13.5,5],"texture":"#particle"}}},{"from":[13.47137,-1.68511,3.9875],"to":[14.47137,-0.56011,12.0125],"rotation":{"angle":22.5,"axis":"z","origin":[8,3,8]},"faces":{"north":{"uv":[14,4.5,13.5,5],"texture":"#particle"},"east":{"uv":[11,12,15,12.5],"texture":"#particle"},"south":{"uv":[13.5,4.5,14,5],"texture":"#particle"},"up":{"uv":[14,4.5,13.5,0.5],"rotation":180,"texture":"#particle"},"down":{"uv":[14,9,13.5,5],"rotation":180,"texture":"#particle"}}},{"from":[4,0,2],"to":[12,1.125,3],"rotation":{"angle":0,"axis":"y","origin":[8,3,8]},"faces":{"north":{"uv":[5.5,12.5,9.5,13],"texture":"#particle"},"east":{"uv":[10,12.5,9.5,13],"texture":"#particle"},"west":{"uv":[9.5,12.5,10,13],"texture":"#particle"},"up":{"uv":[9.5,12.5,5.5,12],"texture":"#particle"},"down":{"uv":[9.5,13.5,5.5,13],"texture":"#particle"}}},{"from":[4,0,13],"to":[12,1.125,14],"rotation":{"angle":0,"axis":"y","origin":[8,3,8]},"faces":{"east":{"uv":[9.5,12.5,10,13],"texture":"#particle"},"south":{"uv":[5.5,12.5,9.5,13],"texture":"#particle"},"west":{"uv":[10,12.5,9.5,13],"texture":"#particle"},"up":{"uv":[9.5,12.5,5.5,12],"rotation":180,"texture":"#particle"},"down":{"uv":[9.5,13.5,5.5,13],"rotation":180,"texture":"#particle"}}},{"from":[4,1,4],"to":[12,5,12],"rotation":{"angle":0,"axis":"y","origin":[8,3,8]},"faces":{"north":{"uv":[0.5,4.5,4.5,6.5],"texture":"#particle"},"east":{"uv":[0.5,7.5,4.5,9.5],"texture":"#particle"},"south":{"uv":[0.5,4.5,4.5,6.5],"texture":"#particle"},"west":{"uv":[0.5,7.5,4.5,9.5],"texture":"#particle"},"up":{"uv":[4.5,4.5,0.5,0.5],"texture":"#particle"}}},{"from":[5,5,5],"to":[11,6,11],"rotation":{"angle":0,"axis":"y","origin":[8,3,8]},"faces":{"north":{"uv":[0.5,13.5,3.5,14],"texture":"#particle"},"east":{"uv":[0.5,13.5,3.5,14],"texture":"#particle"},"south":{"uv":[0.5,13.5,3.5,14],"texture":"#particle"},"west":{"uv":[0.5,13.5,3.5,14],"texture":"#particle"},"up":{"uv":[3.5,13.5,0.5,10.5],"texture":"#particle"}}}],"display":{"thirdperson_righthand":{"rotation":[75,45,0],"translation":[0,2.25,1.75],"scale":[0.55,0.55,0.55]},"firstperson_righthand":{"rotation":[0,45,0],"translation":[1,3.75,0.5],"scale":[0.4,0.4,0.4]},"ground":{"translation":[0,6.25,0]},"gui":{"rotation":[30,225,0],"translation":[0,3.75,0],"scale":[0.8,0.8,0.8]},"head":{"translation":[0,18.25,0],"scale":[1.6,1.6,1.6]},"fixed":{"rotation":[-90,90,0],"translation":[0,0,-16],"scale":[2,2,2]}},"gui_light":"front"}