{"credit":"Made with Blockbench","textures":{"particle":"cosmetics:hats/gfx_crab_hat"},"elements":[{"from":[3,5,3],"to":[13,10,13],"rotation":{"angle":0,"axis":"y","origin":[12,13,11]},"faces":{"north":{"uv":[0.5,5.5,5.5,8],"texture":"#particle"},"east":{"uv":[10.5,5.5,5.5,8],"texture":"#particle"},"south":{"uv":[10.5,5.5,15.5,8],"texture":"#particle"},"west":{"uv":[5.5,5.5,10.5,8],"texture":"#particle"},"up":{"uv":[5.5,5.5,0.5,0.5],"texture":"#particle"},"down":{"uv":[5.5,13,0.5,8],"texture":"#particle"}}},{"from":[1,10,8],"to":[4,11,9],"rotation":{"angle":0,"axis":"y","origin":[11,14,11]},"faces":{"north":{"uv":[2.5,14.5,4,15],"texture":"#particle"},"south":{"uv":[4,14.5,2.5,15],"texture":"#particle"},"west":{"uv":[4,14.5,4.5,15],"texture":"#particle"},"up":{"uv":[4,14.5,2.5,14],"texture":"#particle"}}},{"from":[12,10,8],"to":[15,11,9],"rotation":{"angle":0,"axis":"y","origin":[5,14,11]},"faces":{"north":{"uv":[4,14.5,2.5,15],"texture":"#particle"},"east":{"uv":[4.5,14.5,4,15],"texture":"#particle"},"south":{"uv":[2.5,14.5,4,15],"texture":"#particle"},"up":{"uv":[2.5,14.5,4,14],"texture":"#particle"}}},{"from":[-1,9,8],"to":[3,10,9],"rotation":{"angle":0,"axis":"y","origin":[10,13,11]},"faces":{"north":{"uv":[6.5,9.5,8.5,10],"texture":"#particle"},"south":{"uv":[8.5,9.5,6.5,10],"texture":"#particle"},"west":{"uv":[8.5,9.5,9,10],"texture":"#particle"},"up":{"uv":[8.5,9.5,6.5,9],"texture":"#particle"},"down":{"uv":[8.5,10.5,6.5,10],"texture":"#particle"}}},{"from":[13,9,8],"to":[17,10,9],"rotation":{"angle":0,"axis":"y","origin":[6,13,11]},"faces":{"north":{"uv":[8.5,9.5,6.5,10],"texture":"#particle"},"east":{"uv":[9,9.5,8.5,10],"texture":"#particle"},"south":{"uv":[6.5,9.5,8.5,10],"texture":"#particle"},"up":{"uv":[6.5,9.5,8.5,9],"texture":"#particle"},"down":{"uv":[6.5,10.5,8.5,10],"texture":"#particle"}}},{"from":[0,7,8],"to":[3,8,9],"rotation":{"angle":0,"axis":"y","origin":[10,11,11]},"faces":{"north":{"uv":[10.5,9.5,12,10],"texture":"#particle"},"south":{"uv":[12,9.5,10.5,10],"texture":"#particle"},"west":{"uv":[12,9.5,12.5,10],"texture":"#particle"},"up":{"uv":[12,9.5,10.5,9],"texture":"#particle"},"down":{"uv":[12,10.5,10.5,10],"texture":"#particle"}}},{"from":[13,7,8],"to":[16,8,9],"rotation":{"angle":0,"axis":"y","origin":[6,11,11]},"faces":{"north":{"uv":[12,9.5,10.5,10],"texture":"#particle"},"east":{"uv":[12.5,9.5,12,10],"texture":"#particle"},"south":{"uv":[10.5,9.5,12,10],"texture":"#particle"},"up":{"uv":[10.5,9.5,12,9],"texture":"#particle"},"down":{"uv":[10.5,10.5,12,10],"texture":"#particle"}}},{"from":[1,5,8],"to":[3,6,9],"rotation":{"angle":0,"axis":"y","origin":[10,9,11]},"faces":{"north":{"uv":[14,9.5,15,10],"texture":"#particle"},"south":{"uv":[15,9.5,14,10],"texture":"#particle"},"west":{"uv":[15,9.5,15.5,10],"texture":"#particle"},"up":{"uv":[15,9.5,14,9],"texture":"#particle"},"down":{"uv":[15,10.5,14,10],"texture":"#particle"}}},{"from":[13,5,8],"to":[15,6,9],"rotation":{"angle":0,"axis":"y","origin":[6,9,11]},"faces":{"north":{"uv":[15,9.5,14,10],"texture":"#particle"},"east":{"uv":[15.5,9.5,15,10],"texture":"#particle"},"south":{"uv":[14,9.5,15,10],"texture":"#particle"},"up":{"uv":[14,9.5,15,9],"texture":"#particle"},"down":{"uv":[14,10.5,15,10],"texture":"#particle"}}},{"from":[1,4,8],"to":[2,5,9],"rotation":{"angle":0,"axis":"y","origin":[10,8,11]},"faces":{"north":{"uv":[12,13.5,12.5,14],"texture":"#particle"},"east":{"uv":[11.5,13.5,12,14],"texture":"#particle"},"south":{"uv":[12.5,13.5,12,14],"texture":"#particle"},"west":{"uv":[12.5,13.5,13,14],"texture":"#particle"},"down":{"uv":[12.5,14.5,12,14],"texture":"#particle"}}},{"from":[14,4,8],"to":[15,5,9],"rotation":{"angle":0,"axis":"y","origin":[6,8,11]},"faces":{"north":{"uv":[12.5,13.5,12,14],"texture":"#particle"},"east":{"uv":[13,13.5,12.5,14],"texture":"#particle"},"south":{"uv":[12,13.5,12.5,14],"texture":"#particle"},"west":{"uv":[12,13.5,11.5,14],"texture":"#particle"},"down":{"uv":[12,14.5,12.5,14],"texture":"#particle"}}},{"from":[0,6,8],"to":[1,7,9],"rotation":{"angle":0,"axis":"y","origin":[9,10,11]},"faces":{"north":{"uv":[14.5,11.5,15,12],"texture":"#particle"},"east":{"uv":[14,11.5,14.5,12],"texture":"#particle"},"south":{"uv":[15,11.5,14.5,12],"texture":"#particle"},"west":{"uv":[15,11.5,15.5,12],"texture":"#particle"},"down":{"uv":[15,12.5,14.5,12],"texture":"#particle"}}},{"from":[15,6,8],"to":[16,7,9],"rotation":{"angle":0,"axis":"y","origin":[7,10,11]},"faces":{"north":{"uv":[15,11.5,14.5,12],"texture":"#particle"},"east":{"uv":[15.5,11.5,15,12],"texture":"#particle"},"south":{"uv":[14.5,11.5,15,12],"texture":"#particle"},"west":{"uv":[14.5,11.5,14,12],"texture":"#particle"},"down":{"uv":[14.5,12.5,15,12],"texture":"#particle"}}},{"from":[-1,8,8],"to":[0,9,9],"rotation":{"angle":0,"axis":"y","origin":[8,12,11]},"faces":{"north":{"uv":[12,11.5,12.5,12],"texture":"#particle"},"east":{"uv":[11.5,11.5,12,12],"texture":"#particle"},"south":{"uv":[12.5,11.5,12,12],"texture":"#particle"},"west":{"uv":[12.5,11.5,13,12],"texture":"#particle"},"down":{"uv":[12.5,12.5,12,12],"texture":"#particle"}}},{"from":[16,8,8],"to":[17,9,9],"rotation":{"angle":0,"axis":"y","origin":[8,12,11]},"faces":{"north":{"uv":[12.5,11.5,12,12],"texture":"#particle"},"east":{"uv":[13,11.5,12.5,12],"texture":"#particle"},"south":{"uv":[12,11.5,12.5,12],"texture":"#particle"},"west":{"uv":[12,11.5,11.5,12],"texture":"#particle"},"down":{"uv":[12,12.5,12.5,12],"texture":"#particle"}}},{"from":[1,11,8],"to":[2,14,9],"rotation":{"angle":0,"axis":"y","origin":[11,15,11]},"faces":{"north":{"uv":[9.5,2,10,3.5],"texture":"#particle"},"east":{"uv":[9,2,9.5,3.5],"texture":"#particle"},"south":{"uv":[10,2,9.5,3.5],"texture":"#particle"},"west":{"uv":[10,2,10.5,3.5],"texture":"#particle"}}},{"from":[14,11,8],"to":[15,14,9],"rotation":{"angle":0,"axis":"y","origin":[5,15,11]},"faces":{"north":{"uv":[10,2,9.5,3.5],"texture":"#particle"},"east":{"uv":[10.5,2,10,3.5],"texture":"#particle"},"south":{"uv":[9.5,2,10,3.5],"texture":"#particle"},"west":{"uv":[9.5,2,9,3.5],"texture":"#particle"}}},{"from":[2,14,8],"to":[3,17,9],"rotation":{"angle":0,"axis":"y","origin":[11,18,11]},"faces":{"north":{"uv":[7,2.5,7.5,4],"texture":"#particle"},"east":{"uv":[6.5,2.5,7,4],"texture":"#particle"},"south":{"uv":[7,2.5,7.5,4],"texture":"#particle"},"west":{"uv":[7.5,2.5,8,4],"texture":"#particle"},"up":{"uv":[7.5,2.5,7,2],"texture":"#particle"},"down":{"uv":[7.5,4.5,7,4],"texture":"#particle"}}},{"from":[13,14,8],"to":[14,17,9],"rotation":{"angle":0,"axis":"y","origin":[5,18,11]},"faces":{"north":{"uv":[7.5,2.5,7,4],"texture":"#particle"},"east":{"uv":[8,2.5,7.5,4],"texture":"#particle"},"south":{"uv":[7.5,2.5,7,4],"texture":"#particle"},"west":{"uv":[7,2.5,6.5,4],"texture":"#particle"},"up":{"uv":[7,2.5,7.5,2],"texture":"#particle"},"down":{"uv":[7,4.5,7.5,4],"texture":"#particle"}}},{"from":[0,14,7.5],"to":[2,18,9.5],"rotation":{"angle":22.5,"axis":"z","origin":[2,14,8.5]},"faces":{"north":{"uv":[12.5,1.5,13.5,3.5],"texture":"#particle"},"east":{"uv":[11.5,1.5,12.5,3.5],"texture":"#particle"},"south":{"uv":[14.5,1.5,15.5,3.5],"texture":"#particle"},"west":{"uv":[13.5,1.5,14.5,3.5],"texture":"#particle"},"up":{"uv":[13.5,1.5,12.5,0.5],"texture":"#particle"},"down":{"uv":[13.5,4.5,12.5,3.5],"texture":"#particle"}}},{"from":[14,14,7.5],"to":[16,18,9.5],"rotation":{"angle":-22.5,"axis":"z","origin":[14,14,8.5]},"faces":{"north":{"uv":[13.5,1.5,12.5,3.5],"texture":"#particle"},"east":{"uv":[14.5,1.5,13.5,3.5],"texture":"#particle"},"south":{"uv":[15.5,1.5,14.5,3.5],"texture":"#particle"},"west":{"uv":[12.5,1.5,11.5,3.5],"texture":"#particle"},"up":{"uv":[12.5,1.5,13.5,0.5],"texture":"#particle"},"down":{"uv":[12.5,4.5,13.5,3.5],"texture":"#particle"}}},{"from":[4,10,4],"to":[12,11,12],"rotation":{"angle":0,"axis":"y","origin":[12,14,11]},"faces":{"north":{"uv":[6.5,0.5,10.5,1],"texture":"#particle"},"east":{"uv":[6.5,0.5,10.5,1],"texture":"#particle"},"south":{"uv":[6.5,0.5,10.5,1],"texture":"#particle"},"west":{"uv":[6.5,0.5,10.5,1],"texture":"#particle"},"up":{"uv":[5,5,1,1],"texture":"#particle"}}},{"from":[5,11,7],"to":[6,13,8],"rotation":{"angle":0,"axis":"y","origin":[12,15,13]},"faces":{"north":{"uv":[0.5,14,1,15],"texture":"#particle"},"east":{"uv":[1,14,1.5,15],"texture":"#particle"},"south":{"uv":[0.5,14,1,15],"texture":"#particle"},"west":{"uv":[1,14,1.5,15],"texture":"#particle"}}},{"from":[10,11,7],"to":[11,13,8],"rotation":{"angle":0,"axis":"y","origin":[17,15,13]},"faces":{"north":{"uv":[0.5,14,1,15],"texture":"#particle"},"east":{"uv":[1,14,1.5,15],"texture":"#particle"},"south":{"uv":[0.5,14,1,15],"texture":"#particle"},"west":{"uv":[1,14,1.5,15],"texture":"#particle"}}},{"from":[4.5,13,6.5],"to":[6.5,15,8.5],"rotation":{"angle":0,"axis":"y","origin":[11.5,17,12.5]},"faces":{"north":{"uv":[7.5,12.5,8.5,13.5],"texture":"#particle"},"east":{"uv":[6.5,12.5,7.5,13.5],"texture":"#particle"},"south":{"uv":[9.5,12.5,10.5,13.5],"texture":"#particle"},"west":{"uv":[8.5,12.5,9.5,13.5],"texture":"#particle"},"up":{"uv":[8.5,12.5,7.5,11.5],"texture":"#particle"},"down":{"uv":[8.5,14.5,7.5,13.5],"texture":"#particle"}}},{"from":[9.5,13,6.5],"to":[11.5,15,8.5],"rotation":{"angle":0,"axis":"y","origin":[16.5,17,12.5]},"faces":{"north":{"uv":[7.5,12.5,8.5,13.5],"texture":"#particle"},"east":{"uv":[6.5,12.5,7.5,13.5],"texture":"#particle"},"south":{"uv":[9.5,12.5,10.5,13.5],"texture":"#particle"},"west":{"uv":[8.5,12.5,9.5,13.5],"texture":"#particle"},"up":{"uv":[8.5,12.5,7.5,11.5],"texture":"#particle"},"down":{"uv":[8.5,14.5,7.5,13.5],"texture":"#particle"}}}],"display":{"thirdperson_righthand":{"rotation":[75,45,0],"translation":[0,2.5,-0.25],"scale":[0.55,0.55,0.55]},"firstperson_righthand":{"rotation":[0,135,0],"translation":[0,2.5,0.5],"scale":[0.4,0.4,0.4]},"ground":{"translation":[0,1,0]},"gui":{"rotation":[30,225,0],"translation":[0,-2,0],"scale":[0.8,0.8,0.8]},"head":{"translation":[0,6.4,0],"scale":[1.6,1.6,1.6]},"fixed":{"rotation":[-90,0,0],"translation":[0,0,-6],"scale":[2,2,2]}},"gui_light":"front"}