{"credit":"Made with Blockbench","texture_size":[64,64],"textures":{"1":"cosmetics:hats/cyborg_2","particle":"#1"},"elements":[{"name":"bipedHead","from":[4,1,5],"to":[14,4,12],"rotation":{"angle":0,"axis":"y","origin":[0,-8,0]},"faces":{"north":{"uv":[1.75,1.75,4.25,2.5],"texture":"#1"},"east":{"uv":[0,1.75,1.75,2.5],"texture":"#1"},"south":{"uv":[6,1.75,8.5,2.5],"texture":"#1"},"west":{"uv":[4.25,1.75,6,2.5],"texture":"#1"},"up":{"uv":[4.25,1.75,1.75,0],"texture":"#1"},"down":{"uv":[6.75,0,4.25,1.75],"texture":"#1"}}},{"name":"bipedHead","from":[5,1,6],"to":[13,4,12],"rotation":{"angle":0,"axis":"y","origin":[0,-8,0]},"faces":{"north":{"uv":[1.5,4,3.5,4.75],"texture":"#1"},"east":{"uv":[0,4,1.5,4.75],"texture":"#1"},"south":{"uv":[5,4,7,4.75],"texture":"#1"},"west":{"uv":[3.5,4,5,4.75],"texture":"#1"},"up":{"uv":[3.5,4,1.5,2.5],"texture":"#1"},"down":{"uv":[5.5,2.5,3.5,4],"texture":"#1"}}}],"display":{"thirdperson_righthand":{"translation":[-0.25,1.25,0],"scale":[0.5,0.5,0.5]},"thirdperson_lefthand":{"translation":[0.5,0,0],"scale":[0.5,0.5,0.5]},"firstperson_righthand":{"translation":[4.25,4.75,0]},"firstperson_lefthand":{"translation":[5.25,5,0]},"ground":{"translation":[0,2.75,0]},"gui":{"rotation":[10,-153,0],"translation":[1.5,5.25,0]},"head":{"translation":[-1.5,10.5,-3.25],"scale":[1.6,1.6,1.6]},"fixed":{"translation":[-0.25,5,0]}},"gui_light":"front"}