{"credit":"Made with Blockbench","ambientocclusion":false,"texture_size":[64,64],"textures":{"0":"cosmetics:hats/cyborg","particle":"cosmetics:hats/cyborg"},"elements":[{"name":"head","from":[3,-1,3],"to":[13,9,13],"shade":false,"rotation":{"angle":0,"axis":"y","origin":[8,-24,8]},"faces":{"north":{"uv":[2.5,2.5,5,5],"texture":"#0"},"east":{"uv":[0,2.5,2.5,5],"texture":"#0"},"south":{"uv":[7.5,2.5,10,5],"texture":"#0"},"west":{"uv":[5,2.5,7.5,5],"texture":"#0"},"up":{"uv":[5,2.5,2.5,0],"texture":"#0"},"down":{"uv":[7.5,0,5,2.5],"texture":"#0"}}},{"name":"head","from":[2.5,-1.5,4],"to":[13.5,9.5,11],"shade":false,"rotation":{"angle":0,"axis":"y","origin":[8,-24,8]},"faces":{"north":{"uv":[1.75,11,4.5,13.75],"texture":"#0"},"east":{"uv":[0,11,1.75,13.75],"texture":"#0"},"south":{"uv":[6.25,11,9,13.75],"texture":"#0"},"west":{"uv":[4.5,11,6.25,13.75],"texture":"#0"},"up":{"uv":[4.5,11,1.75,9.25],"texture":"#0"},"down":{"uv":[7.25,9.25,4.5,11],"texture":"#0"}}},{"name":"head","from":[12,9,5],"to":[12,15,7],"shade":false,"rotation":{"angle":0,"axis":"y","origin":[8,-24,8]},"faces":{"north":{"uv":[0.5,0.5,0.5,2],"texture":"#0"},"east":{"uv":[0,0.5,0.5,2],"texture":"#0"},"south":{"uv":[1,0.5,1,2],"texture":"#0"},"west":{"uv":[0.5,0.5,1,2],"texture":"#0"},"up":{"uv":[0.5,0.5,0.5,0],"texture":"#0"},"down":{"uv":[0.5,0,0.5,0.5],"texture":"#0"}}},{"name":"head","from":[4.5,0.5,1.25],"to":[11.5,7.5,3.25],"shade":false,"rotation":{"angle":0,"axis":"y","origin":[8,-24,8]},"faces":{"north":{"uv":[8,0.5,9.75,2.25],"texture":"#0"},"east":{"uv":[7.5,0.5,8,2.25],"texture":"#0"},"south":{"uv":[10.25,0.5,12,2.25],"texture":"#0"},"west":{"uv":[9.75,0.5,10.25,2.25],"texture":"#0"},"up":{"uv":[9.75,0.5,8,0],"texture":"#0"},"down":{"uv":[11.5,0,9.75,0.5],"texture":"#0"}}}],"display":{"thirdperson_righthand":{"translation":[0,2.25,0.5],"scale":[0.5,0.5,0.5]},"thirdperson_lefthand":{"translation":[0,2.25,0.75],"scale":[0.5,0.5,0.5]},"ground":{"scale":[0.5,0.5,0.5]},"gui":{"rotation":[14,-145,0],"translation":[0,2.25,0],"scale":[0.9,0.9,0.9]},"head":{"translation":[0,6.25,0],"scale":[1.6,1.6,1.6]},"fixed":{"translation":[0,2.5,0]}},"gui_light":"front"}