{"credit":"Created By Yassou","texture_size":[64,64],"textures":{"0":"cosmetics:hats/deer_horn","particle":"cosmetics:hats/deer_horn"},"elements":[{"from":[-6.14983,-4.96839,8],"to":[-4.14983,6.03161,10],"rotation":{"angle":45,"axis":"z","origin":[-3.68424,12.01602,9]},"faces":{"north":{"uv":[0,0,0.5,2.75],"texture":"#0"},"east":{"uv":[0.5,0,1,2.75],"texture":"#0"},"south":{"uv":[1,0,1.5,2.75],"texture":"#0"},"west":{"uv":[1.5,0,2,2.75],"texture":"#0"},"up":{"uv":[7.25,6.25,6.75,5.75],"texture":"#0"},"down":{"uv":[6.5,6.75,6,7.25],"texture":"#0"}}},{"from":[-1.15383,6.03295,8.01],"to":[0.82617,13.01295,9.99],"rotation":{"angle":0,"axis":"z","origin":[-3.68424,12.01602,9]},"faces":{"north":{"uv":[1,2.75,1.5,4.5],"texture":"#0"},"east":{"uv":[1.5,2.75,2,4.5],"texture":"#0"},"south":{"uv":[2,2.75,2.5,4.5],"texture":"#0"},"west":{"uv":[2.5,2.75,3,4.5],"texture":"#0"},"up":{"uv":[7.25,6.75,6.75,6.25],"texture":"#0"},"down":{"uv":[7,6.75,6.5,7.25],"texture":"#0"}}},{"from":[-6.9398,10.02125,8.41],"to":[0.0402,11.00125,9.59],"rotation":{"angle":-22.5,"axis":"z","origin":[-3.68424,12.01602,9]},"faces":{"north":{"uv":[5,3.5,6.75,3.75],"texture":"#0"},"east":{"uv":[7.25,6.5,7.5,6.75],"texture":"#0"},"south":{"uv":[5,3.75,6.75,4],"texture":"#0"},"west":{"uv":[6,7.5,6.25,7.75],"texture":"#0"},"up":{"uv":[6.75,4.25,5,4],"texture":"#0"},"down":{"uv":[6.75,4.25,5,4.5],"texture":"#0"}}},{"from":[-7.46383,11.32295,8.4],"to":[-6.46383,17.52295,9.6],"rotation":{"angle":0,"axis":"z","origin":[-3.68424,12.01602,9]},"faces":{"north":{"uv":[4.5,5.5,4.75,7],"texture":"#0"},"east":{"uv":[4.75,5.5,5,7],"texture":"#0"},"south":{"uv":[5,5.5,5.25,7],"texture":"#0"},"west":{"uv":[5.25,5.5,5.5,7],"texture":"#0"},"up":{"uv":[6.5,7.75,6.25,7.5],"texture":"#0"},"down":{"uv":[6.75,7.5,6.5,7.75],"texture":"#0"}}},{"from":[-0.5498,5.21125,8.4],"to":[6.4502,6.21125,9.6],"rotation":{"angle":-22.5,"axis":"z","origin":[-3.68424,12.01602,9]},"faces":{"north":{"uv":[5,4.5,6.75,4.75],"texture":"#0"},"east":{"uv":[7.5,6.5,7.75,6.75],"texture":"#0"},"south":{"uv":[5,4.75,6.75,5],"texture":"#0"},"west":{"uv":[6.75,7.5,7,7.75],"texture":"#0"},"up":{"uv":[6.75,5.25,5,5],"texture":"#0"},"down":{"uv":[6.75,5.25,5,5.5],"texture":"#0"}}},{"from":[-10.58377,4.71926,8.41],"to":[-5.60377,5.69926,9.59],"rotation":{"angle":22.5,"axis":"z","origin":[-3.68424,12.01602,9]},"faces":{"north":{"uv":[5.5,2.5,6.75,2.75],"texture":"#0"},"east":{"uv":[7.5,7,7.75,7.25],"texture":"#0"},"south":{"uv":[5.5,2.75,6.75,3],"texture":"#0"},"west":{"uv":[7.5,7.25,7.75,7.5],"texture":"#0"},"up":{"uv":[6.75,3.25,5.5,3],"texture":"#0"},"down":{"uv":[6.75,3.25,5.5,3.5],"texture":"#0"}}},{"from":[-11.59425,4.71496,8.4],"to":[-10.59425,11.71496,9.6],"rotation":{"angle":22.5,"axis":"z","origin":[-3.68424,12.01602,9]},"faces":{"north":{"uv":[3.5,5,3.75,6.75],"texture":"#0"},"east":{"uv":[3.75,5,4,6.75],"texture":"#0"},"south":{"uv":[0,5.5,0.25,7.25],"texture":"#0"},"west":{"uv":[0.25,5.5,0.5,7.25],"texture":"#0"},"up":{"uv":[7.75,7.75,7.5,7.5],"texture":"#0"},"down":{"uv":[6.25,7.75,6,8],"texture":"#0"}}},{"from":[-15.05146,11.81102,8.4],"to":[-7.05146,12.81102,9.6],"rotation":{"angle":-22.5,"axis":"z","origin":[-3.68424,12.01602,9]},"faces":{"north":{"uv":[4.5,1.5,6.5,1.75],"texture":"#0"},"east":{"uv":[7.75,6,8,6.25],"texture":"#0"},"south":{"uv":[4.5,1.75,6.5,2],"texture":"#0"},"west":{"uv":[6.25,7.75,6.5,8],"texture":"#0"},"up":{"uv":[6.5,2.25,4.5,2],"texture":"#0"},"down":{"uv":[6.5,2.25,4.5,2.5],"texture":"#0"}}},{"from":[-1.10708,11.23268,8],"to":[0.89292,15.23268,10],"rotation":{"angle":22.5,"axis":"z","origin":[-3.68424,12.01602,9]},"faces":{"north":{"uv":[2,4.5,2.5,5.5],"texture":"#0"},"east":{"uv":[2.5,4.5,3,5.5],"texture":"#0"},"south":{"uv":[4.5,2.5,5,3.5],"texture":"#0"},"west":{"uv":[4.5,3.5,5,4.5],"texture":"#0"},"up":{"uv":[7.5,1.5,7,1],"texture":"#0"},"down":{"uv":[7.5,1.5,7,2],"texture":"#0"}}},{"from":[-0.14983,13.23161,8],"to":[1.85017,19.23161,10],"rotation":{"angle":45,"axis":"z","origin":[-3.68424,12.01602,9]},"faces":{"north":{"uv":[3,3.5,3.5,5],"texture":"#0"},"east":{"uv":[3.5,3.5,4,5],"texture":"#0"},"south":{"uv":[4,0,4.5,1.5],"texture":"#0"},"west":{"uv":[4,1.5,4.5,3],"texture":"#0"},"up":{"uv":[7.5,2.5,7,2],"texture":"#0"},"down":{"uv":[7.5,2.5,7,3],"texture":"#0"}}},{"from":[-6.85591,19.02031,8.01],"to":[-4.87591,21.00031,9.99],"rotation":{"angle":0,"axis":"z","origin":[-3.68424,12.01602,9]},"faces":{"north":{"uv":[3,7,3.5,7.5],"texture":"#0"},"east":{"uv":[7,3,7.5,3.5],"texture":"#0"},"south":{"uv":[7,3.5,7.5,4],"texture":"#0"},"west":{"uv":[4.5,7,5,7.5],"texture":"#0"},"up":{"uv":[7.5,5,7,4.5],"texture":"#0"},"down":{"uv":[5.5,7,5,7.5],"texture":"#0"}}},{"from":[-1.6398,15.42125,8.41],"to":[-0.6598,20.40125,9.59],"rotation":{"angle":-22.5,"axis":"z","origin":[-3.68424,12.01602,9]},"faces":{"north":{"uv":[1.5,6,1.75,7.25],"texture":"#0"},"east":{"uv":[1.75,6,2,7.25],"texture":"#0"},"south":{"uv":[6,5.5,6.25,6.75],"texture":"#0"},"west":{"uv":[6.25,5.5,6.5,6.75],"texture":"#0"},"up":{"uv":[8,6.5,7.75,6.25],"texture":"#0"},"down":{"uv":[6.75,7.75,6.5,8],"texture":"#0"}}},{"from":[4.55017,12.33161,8.4],"to":[8.55017,13.33161,9.6],"rotation":{"angle":45,"axis":"z","origin":[-3.68424,12.01602,9]},"faces":{"north":{"uv":[7,5,8,5.25],"texture":"#0"},"east":{"uv":[7.75,6.5,8,6.75],"texture":"#0"},"south":{"uv":[7,5.25,8,5.5],"texture":"#0"},"west":{"uv":[6.75,7.75,7,8],"texture":"#0"},"up":{"uv":[8,5.75,7,5.5],"texture":"#0"},"down":{"uv":[8,6.75,7,7],"texture":"#0"}}},{"from":[5.45017,13.33161,8.4],"to":[6.45017,17.33161,9.6],"rotation":{"angle":45,"axis":"z","origin":[-3.68424,12.01602,9]},"faces":{"north":{"uv":[6.5,1.5,6.75,2.5],"texture":"#0"},"east":{"uv":[5.5,7,5.75,8],"texture":"#0"},"south":{"uv":[5.75,7,6,8],"texture":"#0"},"west":{"uv":[7,7,7.25,8],"texture":"#0"},"up":{"uv":[8,7.25,7.75,7],"texture":"#0"},"down":{"uv":[8,7.25,7.75,7.5],"texture":"#0"}}},{"from":[-13.05146,12.81102,8.4],"to":[-12.05146,17.01102,9.6],"rotation":{"angle":-22.5,"axis":"z","origin":[-3.68424,12.01602,9]},"faces":{"north":{"uv":[0,7.25,0.25,8.25],"texture":"#0"},"east":{"uv":[7.25,0,7.5,1],"texture":"#0"},"south":{"uv":[0.25,7.25,0.5,8.25],"texture":"#0"},"west":{"uv":[0.5,7.25,0.75,8.25],"texture":"#0"},"up":{"uv":[7.75,8,7.5,7.75],"texture":"#0"},"down":{"uv":[8,7.5,7.75,7.75],"texture":"#0"}}},{"from":[8.01576,-4.96839,-6.16559],"to":[10.01576,6.03161,-4.16559],"rotation":{"angle":-45,"axis":"x","origin":[9.01576,12.01602,-3.7]},"faces":{"north":{"uv":[1.5,0,2,2.75],"texture":"#0"},"east":{"uv":[0,0,0.5,2.75],"texture":"#0"},"south":{"uv":[0.5,0,1,2.75],"texture":"#0"},"west":{"uv":[1,0,1.5,2.75],"texture":"#0"},"up":{"uv":[7.25,6.25,6.75,5.75],"rotation":90,"texture":"#0"},"down":{"uv":[6.5,6.75,6,7.25],"rotation":270,"texture":"#0"}}},{"from":[8.02576,6.03295,-1.16959],"to":[10.00576,13.01295,0.81041],"rotation":{"angle":0,"axis":"z","origin":[9.01576,12.01602,-3.7]},"faces":{"north":{"uv":[2.5,2.75,3,4.5],"texture":"#0"},"east":{"uv":[1,2.75,1.5,4.5],"texture":"#0"},"south":{"uv":[1.5,2.75,2,4.5],"texture":"#0"},"west":{"uv":[2,2.75,2.5,4.5],"texture":"#0"},"up":{"uv":[7.25,6.75,6.75,6.25],"rotation":90,"texture":"#0"},"down":{"uv":[7,6.75,6.5,7.25],"rotation":270,"texture":"#0"}}},{"from":[8.42576,10.02125,-6.95556],"to":[9.60576,11.00125,0.02444],"rotation":{"angle":22.5,"axis":"x","origin":[9.01576,12.01602,-3.7]},"faces":{"north":{"uv":[6,7.5,6.25,7.75],"texture":"#0"},"east":{"uv":[5,3.5,6.75,3.75],"texture":"#0"},"south":{"uv":[7.25,6.5,7.5,6.75],"texture":"#0"},"west":{"uv":[5,3.75,6.75,4],"texture":"#0"},"up":{"uv":[6.75,4.25,5,4],"rotation":90,"texture":"#0"},"down":{"uv":[6.75,4.25,5,4.5],"rotation":270,"texture":"#0"}}},{"from":[8.41576,11.32295,-7.47959],"to":[9.61576,17.52295,-6.47959],"rotation":{"angle":0,"axis":"z","origin":[9.01576,12.01602,-3.7]},"faces":{"north":{"uv":[5.25,5.5,5.5,7],"texture":"#0"},"east":{"uv":[4.5,5.5,4.75,7],"texture":"#0"},"south":{"uv":[4.75,5.5,5,7],"texture":"#0"},"west":{"uv":[5,5.5,5.25,7],"texture":"#0"},"up":{"uv":[6.5,7.75,6.25,7.5],"rotation":90,"texture":"#0"},"down":{"uv":[6.75,7.5,6.5,7.75],"rotation":270,"texture":"#0"}}},{"from":[8.41576,5.21125,-0.56556],"to":[9.61576,6.21125,6.43444],"rotation":{"angle":22.5,"axis":"x","origin":[9.01576,12.01602,-3.7]},"faces":{"north":{"uv":[6.75,7.5,7,7.75],"texture":"#0"},"east":{"uv":[5,4.5,6.75,4.75],"texture":"#0"},"south":{"uv":[7.5,6.5,7.75,6.75],"texture":"#0"},"west":{"uv":[5,4.75,6.75,5],"texture":"#0"},"up":{"uv":[6.75,5.25,5,5],"rotation":90,"texture":"#0"},"down":{"uv":[6.75,5.25,5,5.5],"rotation":270,"texture":"#0"}}},{"from":[8.42576,4.71926,-10.59953],"to":[9.60576,5.69926,-5.61953],"rotation":{"angle":-22.5,"axis":"x","origin":[9.01576,12.01602,-3.7]},"faces":{"north":{"uv":[7.5,7.25,7.75,7.5],"texture":"#0"},"east":{"uv":[5.5,2.5,6.75,2.75],"texture":"#0"},"south":{"uv":[7.5,7,7.75,7.25],"texture":"#0"},"west":{"uv":[5.5,2.75,6.75,3],"texture":"#0"},"up":{"uv":[6.75,3.25,5.5,3],"rotation":90,"texture":"#0"},"down":{"uv":[6.75,3.25,5.5,3.5],"rotation":270,"texture":"#0"}}},{"from":[8.41576,4.71496,-11.61001],"to":[9.61576,11.71496,-10.61001],"rotation":{"angle":-22.5,"axis":"x","origin":[9.01576,12.01602,-3.7]},"faces":{"north":{"uv":[0.25,5.5,0.5,7.25],"texture":"#0"},"east":{"uv":[3.5,5,3.75,6.75],"texture":"#0"},"south":{"uv":[3.75,5,4,6.75],"texture":"#0"},"west":{"uv":[0,5.5,0.25,7.25],"texture":"#0"},"up":{"uv":[7.75,7.75,7.5,7.5],"rotation":90,"texture":"#0"},"down":{"uv":[6.25,7.75,6,8],"rotation":270,"texture":"#0"}}},{"from":[8.41576,11.81102,-15.06722],"to":[9.61576,12.81102,-7.06722],"rotation":{"angle":22.5,"axis":"x","origin":[9.01576,12.01602,-3.7]},"faces":{"north":{"uv":[6.25,7.75,6.5,8],"texture":"#0"},"east":{"uv":[4.5,1.5,6.5,1.75],"texture":"#0"},"south":{"uv":[7.75,6,8,6.25],"texture":"#0"},"west":{"uv":[4.5,1.75,6.5,2],"texture":"#0"},"up":{"uv":[6.5,2.25,4.5,2],"rotation":90,"texture":"#0"},"down":{"uv":[6.5,2.25,4.5,2.5],"rotation":270,"texture":"#0"}}},{"from":[8.01576,11.23268,-1.12284],"to":[10.01576,15.23268,0.87716],"rotation":{"angle":-22.5,"axis":"x","origin":[9.01576,12.01602,-3.7]},"faces":{"north":{"uv":[4.5,3.5,5,4.5],"texture":"#0"},"east":{"uv":[2,4.5,2.5,5.5],"texture":"#0"},"south":{"uv":[2.5,4.5,3,5.5],"texture":"#0"},"west":{"uv":[4.5,2.5,5,3.5],"texture":"#0"},"up":{"uv":[7.5,1.5,7,1],"rotation":90,"texture":"#0"},"down":{"uv":[7.5,1.5,7,2],"rotation":270,"texture":"#0"}}},{"from":[8.01576,13.23161,-0.16559],"to":[10.01576,19.23161,1.83441],"rotation":{"angle":-45,"axis":"x","origin":[9.01576,12.01602,-3.7]},"faces":{"north":{"uv":[4,1.5,4.5,3],"texture":"#0"},"east":{"uv":[3,3.5,3.5,5],"texture":"#0"},"south":{"uv":[3.5,3.5,4,5],"texture":"#0"},"west":{"uv":[4,0,4.5,1.5],"texture":"#0"},"up":{"uv":[7.5,2.5,7,2],"rotation":90,"texture":"#0"},"down":{"uv":[7.5,2.5,7,3],"rotation":270,"texture":"#0"}}},{"from":[8.02576,19.02031,-6.87167],"to":[10.00576,21.00031,-4.89167],"rotation":{"angle":0,"axis":"z","origin":[9.01576,12.01602,-3.7]},"faces":{"north":{"uv":[4.5,7,5,7.5],"texture":"#0"},"east":{"uv":[3,7,3.5,7.5],"texture":"#0"},"south":{"uv":[7,3,7.5,3.5],"texture":"#0"},"west":{"uv":[7,3.5,7.5,4],"texture":"#0"},"up":{"uv":[7.5,5,7,4.5],"rotation":90,"texture":"#0"},"down":{"uv":[5.5,7,5,7.5],"rotation":270,"texture":"#0"}}},{"from":[8.42576,15.42125,-1.65556],"to":[9.60576,20.40125,-0.67556],"rotation":{"angle":22.5,"axis":"x","origin":[9.01576,12.01602,-3.7]},"faces":{"north":{"uv":[6.25,5.5,6.5,6.75],"texture":"#0"},"east":{"uv":[1.5,6,1.75,7.25],"texture":"#0"},"south":{"uv":[1.75,6,2,7.25],"texture":"#0"},"west":{"uv":[6,5.5,6.25,6.75],"texture":"#0"},"up":{"uv":[8,6.5,7.75,6.25],"rotation":90,"texture":"#0"},"down":{"uv":[6.75,7.75,6.5,8],"rotation":270,"texture":"#0"}}},{"from":[8.41576,12.33161,4.53441],"to":[9.61576,13.33161,8.53441],"rotation":{"angle":-45,"axis":"x","origin":[9.01576,12.01602,-3.7]},"faces":{"north":{"uv":[6.75,7.75,7,8],"texture":"#0"},"east":{"uv":[7,5,8,5.25],"texture":"#0"},"south":{"uv":[7.75,6.5,8,6.75],"texture":"#0"},"west":{"uv":[7,5.25,8,5.5],"texture":"#0"},"up":{"uv":[8,5.75,7,5.5],"rotation":90,"texture":"#0"},"down":{"uv":[8,6.75,7,7],"rotation":270,"texture":"#0"}}},{"from":[8.41576,13.33161,5.43441],"to":[9.61576,17.33161,6.43441],"rotation":{"angle":-45,"axis":"x","origin":[9.01576,12.01602,-3.7]},"faces":{"north":{"uv":[7,7,7.25,8],"texture":"#0"},"east":{"uv":[6.5,1.5,6.75,2.5],"texture":"#0"},"south":{"uv":[5.5,7,5.75,8],"texture":"#0"},"west":{"uv":[5.75,7,6,8],"texture":"#0"},"up":{"uv":[8,7.25,7.75,7],"rotation":90,"texture":"#0"},"down":{"uv":[8,7.25,7.75,7.5],"rotation":270,"texture":"#0"}}},{"from":[8.41576,12.81102,-13.06722],"to":[9.61576,17.01102,-12.06722],"rotation":{"angle":22.5,"axis":"x","origin":[9.01576,12.01602,-3.7]},"faces":{"north":{"uv":[0.5,7.25,0.75,8.25],"texture":"#0"},"east":{"uv":[0,7.25,0.25,8.25],"texture":"#0"},"south":{"uv":[7.25,0,7.5,1],"texture":"#0"},"west":{"uv":[0.25,7.25,0.5,8.25],"texture":"#0"},"up":{"uv":[7.75,8,7.5,7.75],"rotation":90,"texture":"#0"},"down":{"uv":[8,7.5,7.75,7.75],"rotation":270,"texture":"#0"}}}],"display":{"thirdperson_righthand":{"rotation":[72.84,5.21,4.83],"translation":[-0.25,0.5,1.5],"scale":[0.25195,0.25195,0.25195]},"thirdperson_lefthand":{"rotation":[72.84,5.21,4.83],"translation":[-0.25,0.5,1.5],"scale":[0.25195,0.25195,0.25195]},"firstperson_righthand":{"rotation":[180,67.75,180],"translation":[1.25,2.25,0.75],"scale":[0.22422,0.22422,0.22422]},"firstperson_lefthand":{"rotation":[180,67.75,180],"translation":[1.25,2.25,0.75],"scale":[0.22422,0.22422,0.22422]},"ground":{"translation":[0,5.75,0],"scale":[0.37696,0.37696,0.37696]},"gui":{"rotation":[-4.09,-40.56,-2.5],"translation":[0.5,-0.25,0],"scale":[0.46289,0.46289,0.46289]},"head":{"rotation":[176.15,46.37,-174.52],"translation":[-0.25,13.5,-2.5],"scale":[1.04882,1.04882,1.04882]},"fixed":{"rotation":[90,45,-180],"translation":[0,-6,-16.25],"scale":[2,2,2]}},"gui_light":"front"}