{"textures":{"particle":"cosmetics:hats/gfx_duckling_nest_hat"},"elements":[{"from":[3,6,3],"to":[13,9,13],"faces":{"north":{"uv":[0.5,5.5,5.5,7],"texture":"#particle"},"east":{"uv":[0.5,5.5,5.5,7],"texture":"#particle"},"south":{"uv":[0.5,5.5,5.5,7],"texture":"#particle"},"west":{"uv":[0.5,5.5,5.5,7],"texture":"#particle"},"up":{"uv":[5.5,5.5,0.5,0.5],"texture":"#particle"},"down":{"uv":[5.5,12,0.5,7],"texture":"#particle"}}},{"from":[4,9,6],"to":[10,13,12],"rotation":{"angle":45,"axis":"y","origin":[7,8,9]},"faces":{"north":{"uv":[6.5,8.5,9.5,10.5],"texture":"#particle"},"east":{"uv":[12.5,8.5,9.5,10.5],"texture":"#particle"},"south":{"uv":[12.5,8.5,15.5,10.5],"texture":"#particle"},"west":{"uv":[9.5,8.5,12.5,10.5],"texture":"#particle"},"up":{"uv":[9.5,8.5,6.5,5.5],"texture":"#particle"}}},{"from":[5,12,5],"to":[9,16,9],"rotation":{"angle":45,"axis":"y","origin":[7,8,9]},"faces":{"north":{"uv":[6.5,11.5,8.5,13.5],"texture":"#particle"},"east":{"uv":[10.5,11.5,8.5,13.5],"texture":"#particle"},"south":{"uv":[10.5,11.5,12.5,13.5],"texture":"#particle"},"west":{"uv":[8.5,11.5,10.5,13.5],"texture":"#particle"},"up":{"uv":[12.5,7.5,10.5,5.5],"texture":"#particle"},"down":{"uv":[15.5,7.5,13.5,5.5],"texture":"#particle"}}},{"from":[5.5,13,3],"to":[8.5,14,5],"rotation":{"angle":45,"axis":"y","origin":[7,8,9]},"faces":{"north":{"uv":[4,14,5.5,14.5],"texture":"#particle"},"east":{"uv":[7.5,14.5,6.5,15],"texture":"#particle"},"west":{"uv":[6.5,14.5,7.5,15],"texture":"#particle"},"up":{"uv":[5.5,14,4,13],"texture":"#particle"},"down":{"uv":[5.5,15.5,4,14.5],"texture":"#particle"}}},{"from":[5,11,12],"to":[9,13,13],"rotation":{"angle":45,"axis":"y","origin":[7,8,9]},"faces":{"east":{"uv":[1,13.5,0.5,14.5],"texture":"#particle"},"south":{"uv":[1,13.5,3,14.5],"texture":"#particle"},"west":{"uv":[0.5,13.5,1,14.5],"texture":"#particle"},"up":{"uv":[1,13,3,13.5],"texture":"#particle"},"down":{"uv":[1,14.5,3,15],"texture":"#particle"}}},{"from":[3,8,2],"to":[13,10,4],"faces":{"north":{"uv":[6.5,1.5,11.5,2.5],"texture":"#particle"},"east":{"uv":[12.5,1.5,11.5,2.5],"texture":"#particle"},"south":{"uv":[11.5,4.5,6.5,3.5],"texture":"#particle"},"west":{"uv":[11.5,1.5,12.5,2.5],"texture":"#particle"},"up":{"uv":[11.5,1.5,6.5,0.5],"texture":"#particle"},"down":{"uv":[11.5,3.5,6.5,2.5],"texture":"#particle"}}},{"from":[12,8,3],"to":[14,10,13],"faces":{"north":{"uv":[11.5,1.5,12.5,2.5],"texture":"#particle"},"east":{"uv":[6.5,1.5,11.5,2.5],"texture":"#particle"},"south":{"uv":[12.5,1.5,11.5,2.5],"texture":"#particle"},"west":{"uv":[11.5,4.5,6.5,3.5],"texture":"#particle"},"up":{"uv":[11.5,1.5,6.5,0.5],"rotation":90,"texture":"#particle"},"down":{"uv":[11.5,3.5,6.5,2.5],"rotation":270,"texture":"#particle"}}},{"from":[3,8,12],"to":[13,10,14],"faces":{"north":{"uv":[11.5,4.5,6.5,3.5],"texture":"#particle"},"east":{"uv":[11.5,1.5,12.5,2.5],"texture":"#particle"},"south":{"uv":[6.5,1.5,11.5,2.5],"texture":"#particle"},"west":{"uv":[12.5,1.5,11.5,2.5],"texture":"#particle"},"up":{"uv":[11.5,1.5,6.5,0.5],"rotation":180,"texture":"#particle"},"down":{"uv":[11.5,3.5,6.5,2.5],"rotation":180,"texture":"#particle"}}},{"from":[2,8,3],"to":[4,10,13],"faces":{"north":{"uv":[12.5,1.5,11.5,2.5],"texture":"#particle"},"east":{"uv":[11.5,4.5,6.5,3.5],"texture":"#particle"},"south":{"uv":[11.5,1.5,12.5,2.5],"texture":"#particle"},"west":{"uv":[6.5,1.5,11.5,2.5],"texture":"#particle"},"up":{"uv":[11.5,1.5,6.5,0.5],"rotation":270,"texture":"#particle"},"down":{"uv":[11.5,3.5,6.5,2.5],"rotation":90,"texture":"#particle"}}},{"from":[8,9,4],"to":[10,12,6],"rotation":{"angle":0,"axis":"y","origin":[7,9,10]},"faces":{"north":{"uv":[13.5,12.5,14.5,14],"texture":"#particle"},"east":{"uv":[13.5,12.5,14.5,14],"texture":"#particle"},"south":{"uv":[13.5,12.5,14.5,14],"texture":"#particle"},"west":{"uv":[13.5,12.5,14.5,14],"texture":"#particle"},"up":{"uv":[14.5,12.5,13.5,11.5],"texture":"#particle"}}},{"from":[10,9,5],"to":[12,11,8],"rotation":{"angle":0,"axis":"y","origin":[9,9,11]},"faces":{"north":{"uv":[14,3.5,15,4.5],"texture":"#particle"},"east":{"uv":[12.5,3.5,14,4.5],"texture":"#particle"},"south":{"uv":[15,2,14,1],"texture":"#particle"},"west":{"uv":[12.5,3.5,14,4.5],"texture":"#particle"},"up":{"uv":[15,3.5,14,2],"texture":"#particle"}}},{"from":[5,7,2],"to":[11,8,3],"faces":{"north":{"uv":[8.5,14.5,11.5,15],"texture":"#particle"},"east":{"uv":[12,14.5,11.5,15],"texture":"#particle"},"west":{"uv":[11.5,14.5,12,15],"texture":"#particle"},"down":{"uv":[11.5,15.5,8.5,15],"texture":"#particle"}}},{"from":[13,7,5],"to":[14,8,11],"faces":{"north":{"uv":[11.5,14.5,12,15],"texture":"#particle"},"east":{"uv":[8.5,14.5,11.5,15],"texture":"#particle"},"south":{"uv":[12,14.5,11.5,15],"texture":"#particle"},"down":{"uv":[11.5,15.5,8.5,15],"rotation":270,"texture":"#particle"}}},{"from":[5,7,13],"to":[11,8,14],"faces":{"east":{"uv":[11.5,14.5,12,15],"texture":"#particle"},"south":{"uv":[8.5,14.5,11.5,15],"texture":"#particle"},"west":{"uv":[12,14.5,11.5,15],"texture":"#particle"},"down":{"uv":[11.5,15.5,8.5,15],"rotation":180,"texture":"#particle"}}},{"from":[2,7,5],"to":[3,8,11],"faces":{"north":{"uv":[12,14.5,11.5,15],"texture":"#particle"},"south":{"uv":[11.5,14.5,12,15],"texture":"#particle"},"west":{"uv":[8.5,14.5,11.5,15],"texture":"#particle"},"down":{"uv":[11.5,15.5,8.5,15],"rotation":90,"texture":"#particle"}}}],"display":{"thirdperson_righthand":{"rotation":[75,45,0],"translation":[0,2.5,-0.25],"scale":[0.55,0.55,0.55]},"thirdperson_lefthand":{"rotation":[75,45,0],"translation":[0,2.5,-0.25],"scale":[0.55,0.55,0.55]},"firstperson_righthand":{"rotation":[0,45,0],"translation":[0,1.5,0.5],"scale":[0.4,0.4,0.4]},"firstperson_lefthand":{"rotation":[0,45,0],"translation":[0,1.5,0.5],"scale":[0.4,0.4,0.4]},"gui":{"rotation":[30,225,0],"translation":[0,-1.5,0],"scale":[0.8,0.8,0.8]},"head":{"translation":[0,6.4,0],"scale":[1.6,1.6,1.6]},"fixed":{"rotation":[-90,0,0],"translation":[0,0,-3],"scale":[2,2,2]}},"gui_light":"front"}