{"textures":{"particle":"cosmetics:hats/gfx_duck_hat"},"elements":[{"from":[3,5,3],"to":[13,10,13],"rotation":{"angle":0,"axis":"y","origin":[11,13,11]},"faces":{"north":{"uv":[0.5,5.5,5.5,8],"texture":"#particle"},"east":{"uv":[10.5,5.5,5.5,8],"texture":"#particle"},"south":{"uv":[10.5,5.5,15.5,8],"texture":"#particle"},"west":{"uv":[5.5,5.5,10.5,8],"texture":"#particle"},"up":{"uv":[5.5,5.5,0.5,0.5],"texture":"#particle"},"down":{"uv":[5.5,13,0.5,8],"texture":"#particle"}}},{"from":[3,1,5],"to":[4,5,12],"rotation":{"angle":0,"axis":"y","origin":[11,10,11]},"faces":{"north":{"uv":[10,0.5,10.5,2.5],"texture":"#particle"},"east":{"uv":[6.5,0.5,10,2.5],"texture":"#particle"},"south":{"uv":[14,0.5,14.5,2.5],"texture":"#particle"},"west":{"uv":[10.5,0.5,14,2.5],"texture":"#particle"},"down":{"uv":[15,12.5,14.5,9],"texture":"#particle"}}},{"from":[12,1,5],"to":[13,5,12],"rotation":{"angle":0,"axis":"y","origin":[5,10,11]},"faces":{"north":{"uv":[10.5,0.5,10,2.5],"texture":"#particle"},"east":{"uv":[14,0.5,10.5,2.5],"texture":"#particle"},"south":{"uv":[14.5,0.5,14,2.5],"texture":"#particle"},"west":{"uv":[10,0.5,6.5,2.5],"texture":"#particle"},"down":{"uv":[14.5,12.5,15,9],"texture":"#particle"}}},{"from":[3,3,12],"to":[13,5,13],"rotation":{"angle":0,"axis":"y","origin":[11,10,12]},"faces":{"north":{"uv":[0.5,14,5.5,15],"texture":"#particle"},"east":{"uv":[7,3.5,6.5,4.5],"texture":"#particle"},"south":{"uv":[7,3.5,12,4.5],"texture":"#particle"},"west":{"uv":[6.5,3.5,7,4.5],"texture":"#particle"},"down":{"uv":[5.5,15.5,0.5,15],"texture":"#particle"}}},{"from":[3,5,-1],"to":[13,7,3],"rotation":{"angle":0,"axis":"y","origin":[11,13,1]},"faces":{"north":{"uv":[6.5,11,11.5,12],"texture":"#particle"},"east":{"uv":[13.5,11,11.5,12],"texture":"#particle"},"west":{"uv":[11.5,11,13.5,12],"texture":"#particle"},"up":{"uv":[11.5,11,6.5,9],"texture":"#particle"},"down":{"uv":[11.5,14,6.5,12],"texture":"#particle"}}},{"from":[4,10,4],"to":[12,11,12],"rotation":{"angle":0,"axis":"y","origin":[11,14,11]},"faces":{"north":{"uv":[6.5,15,10.5,15.5],"texture":"#particle"},"east":{"uv":[6.5,15,10.5,15.5],"texture":"#particle"},"south":{"uv":[6.5,15,10.5,15.5],"texture":"#particle"},"west":{"uv":[6.5,15,10.5,15.5],"texture":"#particle"},"up":{"uv":[5,5,1,1],"texture":"#particle"}}}],"display":{"thirdperson_righthand":{"rotation":[75,45,0],"translation":[0,2.5,-0.25],"scale":[0.55,0.55,0.55]},"firstperson_righthand":{"rotation":[0,45,0],"translation":[1,2.5,0.5],"scale":[0.4,0.4,0.4]},"ground":{"translation":[0,4,0]},"gui":{"rotation":[30,225,0],"translation":[-1,1,0],"scale":[0.8,0.8,0.8]},"head":{"translation":[0,6.4,0],"scale":[1.6,1.6,1.6]},"fixed":{"rotation":[-90,0,0],"translation":[0,3,-14],"scale":[2,2,2]}},"gui_light":"front"}