{"credit":"Made with Blockbench","textures":{"particle":"cosmetics:hats/gfx_earmuffs"},"elements":[{"from":[2,1,5.5],"to":[5,6,10.5],"rotation":{"angle":0,"axis":"y","origin":[3.5,5.25,8]},"faces":{"north":{"uv":[4,6,6,9.33333],"texture":"#particle"},"east":{"uv":[0.66667,6,4,9.33333],"texture":"#particle"},"south":{"uv":[9.33333,6,11.33333,9.33333],"texture":"#particle"},"west":{"uv":[6,6,9.33333,9.33333],"texture":"#particle"},"up":{"uv":[2.66667,14,0.66667,10.66667],"texture":"#particle"},"down":{"uv":[6,14,4,10.66667],"texture":"#particle"}}},{"from":[11,1,5.5],"to":[14,6,10.5],"rotation":{"angle":0,"axis":"y","origin":[12.5,5.25,8]},"faces":{"north":{"uv":[6,6,4,9.33333],"texture":"#particle"},"east":{"uv":[9.33333,6,6,9.33333],"texture":"#particle"},"south":{"uv":[11.33333,6,9.33333,9.33333],"texture":"#particle"},"west":{"uv":[4,6,0.66667,9.33333],"texture":"#particle"},"up":{"uv":[0.66667,14,2.66667,10.66667],"texture":"#particle"},"down":{"uv":[4,14,6,10.66667],"texture":"#particle"}}},{"from":[3,6,7],"to":[4,8,9],"rotation":{"angle":0,"axis":"y","origin":[3.5,5.25,8]},"faces":{"north":{"uv":[8.66667,10.66667,9.33333,12],"texture":"#particle"},"east":{"uv":[7.33333,10.66667,8.66667,12],"texture":"#particle"},"south":{"uv":[10.66667,10.66667,11.33333,12],"texture":"#particle"},"west":{"uv":[9.33333,10.66667,10.66667,12],"texture":"#particle"}}},{"from":[12,6,7],"to":[13,8,9],"rotation":{"angle":0,"axis":"y","origin":[12.5,5.25,8]},"faces":{"north":{"uv":[9.33333,10.66667,8.66667,12],"texture":"#particle"},"east":{"uv":[10.66667,10.66667,9.33333,12],"texture":"#particle"},"south":{"uv":[11.33333,10.66667,10.66667,12],"texture":"#particle"},"west":{"uv":[8.66667,10.66667,7.33333,12],"texture":"#particle"}}},{"from":[3,8,7],"to":[13,9,9],"rotation":{"angle":0,"axis":"y","origin":[11,17,14]},"faces":{"north":{"uv":[0.66667,2,7.33333,2.66667],"texture":"#particle"},"east":{"uv":[8.66667,2,7.33333,2.66667],"texture":"#particle"},"south":{"uv":[0.66667,2,7.33333,2.66667],"texture":"#particle"},"west":{"uv":[7.33333,2,8.66667,2.66667],"texture":"#particle"},"up":{"uv":[7.33333,2,0.66667,0.66667],"texture":"#particle"},"down":{"uv":[7.33333,4,0.66667,2.66667],"texture":"#particle"}}}],"display":{"thirdperson_righthand":{"rotation":[75,45,0],"translation":[0,2.5,-0.25],"scale":[0.55,0.55,0.55]},"firstperson_righthand":{"rotation":[0,135,0],"translation":[0.5,4,0.5],"scale":[0.4,0.4,0.4]},"ground":{"translation":[0,4,0]},"gui":{"rotation":[30,225,0],"translation":[0,2,0],"scale":[0.8,0.8,0.8]},"head":{"translation":[0,6.4,0],"scale":[1.6,1.6,1.6]},"fixed":{"rotation":[-90,90,0],"translation":[0,0,-13.5],"scale":[2,2,2]}},"gui_light":"front"}