{"textures":{"1":"cosmetics:hats/gfx_easter_beanie_multicolour","particle":"#1"},"elements":[{"from":[3,5,3],"to":[13,9,13],"rotation":{"angle":0,"axis":"y","origin":[8,7,8]},"faces":{"north":{"uv":[0.5,5.5,5.5,7.5],"texture":"#1"},"east":{"uv":[0.5,13.5,5.5,15.5],"texture":"#1"},"south":{"uv":[0.5,13.5,5.5,15.5],"texture":"#1"},"west":{"uv":[0.5,13.5,5.5,15.5],"texture":"#1"},"up":{"uv":[5.5,5.5,0.5,0.5],"texture":"#1"},"down":{"uv":[5.5,12.5,0.5,7.5],"texture":"#1"}}},{"from":[4,9,3],"to":[12,10,13],"rotation":{"angle":0,"axis":"y","origin":[8,9.5,8]},"faces":{"north":{"uv":[6.5,5.5,10.5,6],"texture":"#1"},"east":{"uv":[6.5,14,11.5,14.5],"texture":"#1"},"south":{"uv":[6.5,7,10.5,7.5],"texture":"#1"},"west":{"uv":[6.5,14,11.5,14.5],"texture":"#1"},"up":{"uv":[10.5,5.5,6.5,0.5],"texture":"#1"}}},{"from":[3,9,4],"to":[13,10,12],"rotation":{"angle":0,"axis":"y","origin":[8,9.5,8]},"faces":{"north":{"uv":[6.5,14,11.5,14.5],"texture":"#1"},"east":{"uv":[6.5,7,10.5,7.5],"texture":"#1"},"south":{"uv":[6.5,14,11.5,14.5],"texture":"#1"},"west":{"uv":[6.5,7,10.5,7.5],"texture":"#1"},"up":{"uv":[15.5,5.5,11.5,0.5],"rotation":270,"texture":"#1"}}},{"from":[4,10,4],"to":[12,11,12],"rotation":{"angle":0,"axis":"y","origin":[8,10.5,8]},"faces":{"north":{"uv":[6.5,12.5,10.5,13],"texture":"#1"},"east":{"uv":[6.5,12.5,10.5,13],"texture":"#1"},"south":{"uv":[6.5,12.5,10.5,13],"texture":"#1"},"west":{"uv":[6.5,12.5,10.5,13],"texture":"#1"},"up":{"uv":[10.5,12.5,6.5,8.5],"texture":"#1"}}},{"from":[7.5,6.5,2.5],"to":[8.5,7.5,3.5],"rotation":{"angle":0,"axis":"y","origin":[9,7.5,8]},"faces":{"north":{"uv":[12,10,12.5,10.5],"texture":"#1"},"east":{"uv":[11.5,10,12,10.5],"texture":"#1"},"west":{"uv":[12.5,10,13,10.5],"texture":"#1"},"up":{"uv":[12.5,10,12,9.5],"texture":"#1"},"down":{"uv":[12.5,11,12,10.5],"texture":"#1"}}},{"from":[6.5,10,3],"to":[7.5,13,4],"rotation":{"angle":0,"axis":"x","origin":[7,10,3]},"faces":{"north":{"uv":[12,7,12.5,8.5],"texture":"#1"},"east":{"uv":[11.5,7,12,8.5],"texture":"#1"},"south":{"uv":[13,7,13.5,8.5],"texture":"#1"},"west":{"uv":[12.5,7,13,8.5],"texture":"#1"},"up":{"uv":[12.5,7,12,6.5],"texture":"#1"}}},{"from":[8.5,10,3],"to":[9.5,13,4],"rotation":{"angle":0,"axis":"x","origin":[9,10,3]},"faces":{"north":{"uv":[12,7,12.5,8.5],"texture":"#1"},"east":{"uv":[11.5,7,12,8.5],"texture":"#1"},"south":{"uv":[13,7,13.5,8.5],"texture":"#1"},"west":{"uv":[12.5,7,13,8.5],"texture":"#1"},"up":{"uv":[12.5,7,12,6.5],"texture":"#1"}}}],"display":{"thirdperson_righthand":{"rotation":[75,45,0],"translation":[0,2.5,-0.25],"scale":[0.55,0.55,0.55]},"firstperson_righthand":{"rotation":[0,45,0],"translation":[1.5,2,0.5],"scale":[0.4,0.4,0.4]},"gui":{"rotation":[30,225,0]},"head":{"translation":[0,6.4,0],"scale":[1.6,1.6,1.6]},"fixed":{"rotation":[-90,90,0],"translation":[0,0,-4],"scale":[2,2,2]}},"gui_light":"front"}