{"textures":{"particle":"cosmetics:hats/gfx_elf_hat_v2"},"elements":[{"from":[3,5,3],"to":[13,10,13],"faces":{"north":{"uv":[0.5,5.5,5.5,8],"texture":"#particle"},"east":{"uv":[0.5,5.5,5.5,8],"texture":"#particle"},"south":{"uv":[0.5,5.5,5.5,8],"texture":"#particle"},"west":{"uv":[0.5,5.5,5.5,8],"texture":"#particle"},"up":{"uv":[5.5,5.5,0.5,0.5],"texture":"#particle"},"down":{"uv":[5.5,13,0.5,8],"texture":"#particle"}}},{"from":[4,10,4],"to":[12,14,12],"rotation":{"angle":22.5,"axis":"x","origin":[8,10,4]},"faces":{"north":{"uv":[6.5,4.5,10.5,6.5],"texture":"#particle"},"east":{"uv":[6.5,4.5,10.5,6.5],"texture":"#particle"},"south":{"uv":[6.5,4.5,10.5,6.5],"texture":"#particle"},"west":{"uv":[6.5,4.5,10.5,6.5],"texture":"#particle"},"up":{"uv":[10.5,4.5,6.5,0.5],"texture":"#particle"}}},{"from":[5,6.55793,6.60477],"to":[11,10.55793,10.60477],"rotation":{"angle":-22.5,"axis":"x","origin":[8,11.55793,-0.39523]},"faces":{"east":{"uv":[12.5,2.5,14.5,4.5],"rotation":270,"texture":"#particle"},"south":{"uv":[14.5,2.5,11.5,0.5],"texture":"#particle"},"west":{"uv":[11.5,2.5,13.5,4.5],"rotation":90,"texture":"#particle"},"up":{"uv":[11.5,2.5,14.5,4.5],"rotation":180,"texture":"#particle"}}},{"from":[6,9.91969,10.53281],"to":[10,13.91969,14.53281],"rotation":{"angle":0,"axis":"x","origin":[8,15.91969,2.53281]},"faces":{"east":{"uv":[6.5,9.5,8.5,11.5],"rotation":270,"texture":"#particle"},"south":{"uv":[8.5,9.5,6.5,7.5],"texture":"#particle"},"west":{"uv":[6.5,9.5,8.5,11.5],"rotation":90,"texture":"#particle"},"up":{"uv":[6.5,9.5,8.5,11.5],"rotation":180,"texture":"#particle"},"down":{"uv":[6.5,9.5,8.5,11.5],"texture":"#particle"}}},{"from":[7,15.28353,16.59431],"to":[9,17.28353,20.59431],"rotation":{"angle":22.5,"axis":"x","origin":[8,20.28353,4.59431]},"faces":{"east":{"uv":[9.5,8.5,10.5,10.5],"rotation":270,"texture":"#particle"},"south":{"uv":[10.5,8.5,9.5,7.5],"texture":"#particle"},"west":{"uv":[9.5,8.5,10.5,10.5],"rotation":90,"texture":"#particle"},"up":{"uv":[9.5,8.5,10.5,10.5],"rotation":180,"texture":"#particle"},"down":{"uv":[9.5,8.5,10.5,10.5],"texture":"#particle"}}},{"from":[3.3827,2,7.9239],"to":[4.3827,5,8.9239],"rotation":{"angle":22.5,"axis":"y","origin":[4.3827,4,8.9239]},"faces":{"north":{"uv":[12,5.5,12.5,7],"texture":"#particle"},"east":{"uv":[11.5,5.5,12,7],"texture":"#particle"},"south":{"uv":[13,5.5,13.5,7],"texture":"#particle"},"west":{"uv":[12.5,5.5,13,7],"texture":"#particle"},"down":{"uv":[12.5,7.5,12,7],"texture":"#particle"}}},{"from":[11.6173,2,7.9239],"to":[12.6173,5,8.9239],"rotation":{"angle":-22.5,"axis":"y","origin":[11.6173,4,8.9239]},"faces":{"north":{"uv":[12.5,5.5,12,7],"texture":"#particle"},"east":{"uv":[13,5.5,12.5,7],"texture":"#particle"},"south":{"uv":[13.5,5.5,13,7],"texture":"#particle"},"west":{"uv":[12,5.5,11.5,7],"texture":"#particle"},"down":{"uv":[12,7.5,12.5,7],"texture":"#particle"}}},{"from":[2.3827,3,7.9239],"to":[3.3827,7,8.9239],"rotation":{"angle":22.5,"axis":"y","origin":[4.3827,4,8.9239]},"faces":{"north":{"uv":[12,9,12.5,11],"texture":"#particle"},"south":{"uv":[13,9,13.5,11],"texture":"#particle"},"west":{"uv":[12.5,9,13,11],"texture":"#particle"},"up":{"uv":[12.5,9,12,8.5],"texture":"#particle"},"down":{"uv":[12.5,11.5,12,11],"texture":"#particle"}}},{"from":[12.6173,3,7.9239],"to":[13.6173,7,8.9239],"rotation":{"angle":-22.5,"axis":"y","origin":[11.6173,4,8.9239]},"faces":{"north":{"uv":[12.5,9,12,11],"texture":"#particle"},"east":{"uv":[13,9,12.5,11],"texture":"#particle"},"south":{"uv":[13.5,9,13,11],"texture":"#particle"},"up":{"uv":[12,9,12.5,8.5],"texture":"#particle"},"down":{"uv":[12,11.5,12.5,11],"texture":"#particle"}}},{"from":[1.3827,4,7.9239],"to":[2.3827,8,8.9239],"rotation":{"angle":22.5,"axis":"y","origin":[4.3827,4,8.9239]},"faces":{"north":{"uv":[12,13,12.5,15],"texture":"#particle"},"east":{"uv":[11.5,13,12,15],"texture":"#particle"},"south":{"uv":[13,13,13.5,15],"texture":"#particle"},"west":{"uv":[12.5,13,13,15],"texture":"#particle"},"up":{"uv":[12.5,13,12,12.5],"texture":"#particle"},"down":{"uv":[12.5,15.5,12,15],"texture":"#particle"}}},{"from":[13.6173,4,7.9239],"to":[14.6173,8,8.9239],"rotation":{"angle":-22.5,"axis":"y","origin":[11.6173,4,8.9239]},"faces":{"north":{"uv":[12.5,13,12,15],"texture":"#particle"},"east":{"uv":[13,13,12.5,15],"texture":"#particle"},"south":{"uv":[13.5,13,13,15],"texture":"#particle"},"west":{"uv":[12,13,11.5,15],"texture":"#particle"},"up":{"uv":[12,13,12.5,12.5],"texture":"#particle"},"down":{"uv":[12,15.5,12.5,15],"texture":"#particle"}}}],"display":{"thirdperson_righthand":{"rotation":[75,45,0],"translation":[0,2.5,-0.5],"scale":[0.55,0.55,0.55]},"firstperson_righthand":{"rotation":[0,45,0],"translation":[0,2.5,0.5],"scale":[0.4,0.4,0.4]},"ground":{"translation":[0,3,0]},"gui":{"rotation":[30,225,0],"translation":[0,-1,0],"scale":[0.8,0.8,0.8]},"head":{"translation":[0,6.4,0],"scale":[1.6,1.6,1.6]},"fixed":{"rotation":[-108.5,0,0],"translation":[0,0,-10],"scale":[2,2,2]}},"gui_light":"front"}