{"textures":{"particle":"cosmetics:hats/gfx_evilqueen_crown"},"elements":[{"from":[3,5,3],"to":[12,6,4],"rotation":{"angle":0,"axis":"y","origin":[8,4,8]},"faces":{"north":{"uv":[0.5,4,5,4.5],"texture":"#particle"},"south":{"uv":[5,5.5,0.5,5],"texture":"#particle"},"west":{"uv":[5,4,5.5,4.5],"texture":"#particle"},"up":{"uv":[5,4,0.5,3.5],"texture":"#particle"},"down":{"uv":[5,5,0.5,4.5],"texture":"#particle"}}},{"from":[12,5,3],"to":[13,6,12],"rotation":{"angle":0,"axis":"y","origin":[8,4,8]},"faces":{"north":{"uv":[5,4,5.5,4.5],"texture":"#particle"},"east":{"uv":[0.5,4,5,4.5],"texture":"#particle"},"west":{"uv":[5,5.5,0.5,5],"texture":"#particle"},"up":{"uv":[5,4,0.5,3.5],"rotation":90,"texture":"#particle"},"down":{"uv":[5,5,0.5,4.5],"rotation":270,"texture":"#particle"}}},{"from":[4,5,12],"to":[13,6,13],"rotation":{"angle":0,"axis":"y","origin":[8,4,8]},"faces":{"north":{"uv":[5,5.5,0.5,5],"texture":"#particle"},"east":{"uv":[5,4,5.5,4.5],"texture":"#particle"},"south":{"uv":[0.5,4,5,4.5],"texture":"#particle"},"up":{"uv":[5,4,0.5,3.5],"rotation":180,"texture":"#particle"},"down":{"uv":[5,5,0.5,4.5],"rotation":180,"texture":"#particle"}}},{"from":[3,5,4],"to":[4,6,13],"rotation":{"angle":0,"axis":"y","origin":[8,4,8]},"faces":{"east":{"uv":[5,5.5,0.5,5],"texture":"#particle"},"south":{"uv":[5,4,5.5,4.5],"texture":"#particle"},"west":{"uv":[0.5,4,5,4.5],"texture":"#particle"},"up":{"uv":[5,4,0.5,3.5],"rotation":270,"texture":"#particle"},"down":{"uv":[5,5,0.5,4.5],"rotation":90,"texture":"#particle"}}},{"from":[6,6,3],"to":[10,7,4],"rotation":{"angle":0,"axis":"y","origin":[8,4,8]},"faces":{"north":{"uv":[1,6.5,3,7],"texture":"#particle"},"east":{"uv":[0.5,6.5,1,7],"texture":"#particle"},"south":{"uv":[3.5,6.5,5.5,7],"texture":"#particle"},"west":{"uv":[3,6.5,3.5,7],"texture":"#particle"}}},{"from":[12,6,6],"to":[13,7,10],"rotation":{"angle":0,"axis":"y","origin":[8,4,8]},"faces":{"north":{"uv":[3,6.5,3.5,7],"texture":"#particle"},"east":{"uv":[1,6.5,3,7],"texture":"#particle"},"south":{"uv":[0.5,6.5,1,7],"texture":"#particle"},"west":{"uv":[3.5,6.5,5.5,7],"texture":"#particle"}}},{"from":[6,6,12],"to":[10,7,13],"rotation":{"angle":0,"axis":"y","origin":[8,4,8]},"faces":{"north":{"uv":[3.5,6.5,5.5,7],"texture":"#particle"},"east":{"uv":[3,6.5,3.5,7],"texture":"#particle"},"south":{"uv":[1,6.5,3,7],"texture":"#particle"},"west":{"uv":[0.5,6.5,1,7],"texture":"#particle"}}},{"from":[3,6,6],"to":[4,7,10],"rotation":{"angle":0,"axis":"y","origin":[8,4,8]},"faces":{"north":{"uv":[0.5,6.5,1,7],"texture":"#particle"},"east":{"uv":[3.5,6.5,5.5,7],"texture":"#particle"},"south":{"uv":[3,6.5,3.5,7],"texture":"#particle"},"west":{"uv":[1,6.5,3,7],"texture":"#particle"}}},{"from":[7,6,2.5],"to":[9,7,3.5],"rotation":{"angle":0,"axis":"y","origin":[8,4,8]},"faces":{"north":{"uv":[1,8.5,2,9],"texture":"#particle"},"east":{"uv":[0.5,8.5,1,9],"texture":"#particle"},"west":{"uv":[2,8.5,2.5,9],"texture":"#particle"},"up":{"uv":[2,8.5,1,8],"texture":"#particle"},"down":{"uv":[2,9.5,1,9],"texture":"#particle"}}},{"from":[12.5,6,7],"to":[13.5,7,9],"rotation":{"angle":0,"axis":"y","origin":[8,4,8]},"faces":{"north":{"uv":[2,8.5,2.5,9],"texture":"#particle"},"east":{"uv":[1,8.5,2,9],"texture":"#particle"},"south":{"uv":[0.5,8.5,1,9],"texture":"#particle"},"up":{"uv":[2,8.5,1,8],"rotation":90,"texture":"#particle"},"down":{"uv":[2,9.5,1,9],"rotation":270,"texture":"#particle"}}},{"from":[7,6,12.5],"to":[9,7,13.5],"rotation":{"angle":0,"axis":"y","origin":[8,4,8]},"faces":{"east":{"uv":[2,8.5,2.5,9],"texture":"#particle"},"south":{"uv":[1,8.5,2,9],"texture":"#particle"},"west":{"uv":[0.5,8.5,1,9],"texture":"#particle"},"up":{"uv":[2,8.5,1,8],"rotation":180,"texture":"#particle"},"down":{"uv":[2,9.5,1,9],"rotation":180,"texture":"#particle"}}},{"from":[2.5,6,7],"to":[3.5,7,9],"rotation":{"angle":0,"axis":"y","origin":[8,4,8]},"faces":{"north":{"uv":[0.5,8.5,1,9],"texture":"#particle"},"south":{"uv":[2,8.5,2.5,9],"texture":"#particle"},"west":{"uv":[1,8.5,2,9],"texture":"#particle"},"up":{"uv":[2,8.5,1,8],"rotation":270,"texture":"#particle"},"down":{"uv":[2,9.5,1,9],"rotation":90,"texture":"#particle"}}},{"from":[3,7,3],"to":[12,8,4],"rotation":{"angle":0,"axis":"y","origin":[8,4,8]},"faces":{"north":{"uv":[0.5,1,5,1.5],"texture":"#particle"},"south":{"uv":[5,2.5,0.5,2],"texture":"#particle"},"west":{"uv":[5,1,5.5,1.5],"texture":"#particle"},"up":{"uv":[5,1,0.5,0.5],"texture":"#particle"},"down":{"uv":[5,2,0.5,1.5],"texture":"#particle"}}},{"from":[12,7,3],"to":[13,8,12],"rotation":{"angle":0,"axis":"y","origin":[8,4,8]},"faces":{"north":{"uv":[5,1,5.5,1.5],"texture":"#particle"},"east":{"uv":[0.5,1,5,1.5],"texture":"#particle"},"west":{"uv":[5,2.5,0.5,2],"texture":"#particle"},"up":{"uv":[5,1,0.5,0.5],"rotation":90,"texture":"#particle"},"down":{"uv":[5,2,0.5,1.5],"rotation":270,"texture":"#particle"}}},{"from":[4,7,12],"to":[13,8,13],"rotation":{"angle":0,"axis":"y","origin":[8,4,8]},"faces":{"north":{"uv":[5,2.5,0.5,2],"texture":"#particle"},"east":{"uv":[5,1,5.5,1.5],"texture":"#particle"},"south":{"uv":[0.5,1,5,1.5],"texture":"#particle"},"up":{"uv":[5,1,0.5,0.5],"rotation":180,"texture":"#particle"},"down":{"uv":[5,2,0.5,1.5],"rotation":180,"texture":"#particle"}}},{"from":[3,7,4],"to":[4,8,13],"rotation":{"angle":0,"axis":"y","origin":[8,4,8]},"faces":{"east":{"uv":[5,2.5,0.5,2],"texture":"#particle"},"south":{"uv":[5,1,5.5,1.5],"texture":"#particle"},"west":{"uv":[0.5,1,5,1.5],"texture":"#particle"},"up":{"uv":[5,1,0.5,0.5],"rotation":270,"texture":"#particle"},"down":{"uv":[5,2,0.5,1.5],"rotation":90,"texture":"#particle"}}},{"from":[3,10,3],"to":[4,12,4],"rotation":{"angle":0,"axis":"y","origin":[8,4,8]},"faces":{"north":{"uv":[14,1,14.5,2],"texture":"#particle"},"east":{"uv":[13.5,1,14,2],"texture":"#particle"},"south":{"uv":[15,1,15.5,2],"texture":"#particle"},"west":{"uv":[14.5,1,15,2],"texture":"#particle"},"up":{"uv":[14.5,1,14,0.5],"texture":"#particle"}}},{"from":[12,10,3],"to":[13,12,4],"rotation":{"angle":0,"axis":"y","origin":[8,4,8]},"faces":{"north":{"uv":[14.5,1,15,2],"texture":"#particle"},"east":{"uv":[14,1,14.5,2],"texture":"#particle"},"south":{"uv":[13.5,1,14,2],"texture":"#particle"},"west":{"uv":[15,1,15.5,2],"texture":"#particle"},"up":{"uv":[14.5,1,14,0.5],"rotation":90,"texture":"#particle"}}},{"from":[12,10,12],"to":[13,12,13],"rotation":{"angle":0,"axis":"y","origin":[8,4,8]},"faces":{"north":{"uv":[15,1,15.5,2],"texture":"#particle"},"east":{"uv":[14.5,1,15,2],"texture":"#particle"},"south":{"uv":[14,1,14.5,2],"texture":"#particle"},"west":{"uv":[13.5,1,14,2],"texture":"#particle"},"up":{"uv":[14.5,1,14,0.5],"rotation":180,"texture":"#particle"}}},{"from":[3,10,12],"to":[4,12,13],"rotation":{"angle":0,"axis":"y","origin":[8,4,8]},"faces":{"north":{"uv":[13.5,1,14,2],"texture":"#particle"},"east":{"uv":[15,1,15.5,2],"texture":"#particle"},"south":{"uv":[14.5,1,15,2],"texture":"#particle"},"west":{"uv":[14,1,14.5,2],"texture":"#particle"},"up":{"uv":[14.5,1,14,0.5],"rotation":270,"texture":"#particle"}}},{"from":[3,9,3],"to":[5,10,4],"rotation":{"angle":0,"axis":"y","origin":[8,4,8]},"faces":{"north":{"uv":[13,4,14,4.5],"texture":"#particle"},"east":{"uv":[12.5,4,13,4.5],"texture":"#particle"},"south":{"uv":[14.5,4,15.5,4.5],"texture":"#particle"},"west":{"uv":[14,4,14.5,4.5],"texture":"#particle"},"up":{"uv":[14,4,13,3.5],"texture":"#particle"}}},{"from":[12,9,3],"to":[13,10,5],"rotation":{"angle":0,"axis":"y","origin":[8,4,8]},"faces":{"north":{"uv":[14,4,14.5,4.5],"texture":"#particle"},"east":{"uv":[13,4,14,4.5],"texture":"#particle"},"south":{"uv":[12.5,4,13,4.5],"texture":"#particle"},"west":{"uv":[14.5,4,15.5,4.5],"texture":"#particle"},"up":{"uv":[14,4,13,3.5],"rotation":90,"texture":"#particle"}}},{"from":[11,9,12],"to":[13,10,13],"rotation":{"angle":0,"axis":"y","origin":[8,4,8]},"faces":{"north":{"uv":[14.5,4,15.5,4.5],"texture":"#particle"},"east":{"uv":[14,4,14.5,4.5],"texture":"#particle"},"south":{"uv":[13,4,14,4.5],"texture":"#particle"},"west":{"uv":[12.5,4,13,4.5],"texture":"#particle"},"up":{"uv":[14,4,13,3.5],"rotation":180,"texture":"#particle"}}},{"from":[3,9,11],"to":[4,10,13],"rotation":{"angle":0,"axis":"y","origin":[8,4,8]},"faces":{"north":{"uv":[12.5,4,13,4.5],"texture":"#particle"},"east":{"uv":[14.5,4,15.5,4.5],"texture":"#particle"},"south":{"uv":[14,4,14.5,4.5],"texture":"#particle"},"west":{"uv":[13,4,14,4.5],"texture":"#particle"},"up":{"uv":[14,4,13,3.5],"rotation":270,"texture":"#particle"}}},{"from":[3,8,3],"to":[7,9,4],"rotation":{"angle":0,"axis":"y","origin":[8,4,8]},"faces":{"north":{"uv":[7,4,9,4.5],"texture":"#particle"},"east":{"uv":[6.5,4,7,4.5],"texture":"#particle"},"south":{"uv":[9.5,4,11.5,4.5],"texture":"#particle"},"west":{"uv":[9,4,9.5,4.5],"texture":"#particle"},"up":{"uv":[9,4,7,3.5],"texture":"#particle"}}},{"from":[12,8,3],"to":[13,9,7],"rotation":{"angle":0,"axis":"y","origin":[8,4,8]},"faces":{"north":{"uv":[9,4,9.5,4.5],"texture":"#particle"},"east":{"uv":[7,4,9,4.5],"texture":"#particle"},"south":{"uv":[6.5,4,7,4.5],"texture":"#particle"},"west":{"uv":[9.5,4,11.5,4.5],"texture":"#particle"},"up":{"uv":[9,4,7,3.5],"rotation":90,"texture":"#particle"}}},{"from":[9,8,12],"to":[13,9,13],"rotation":{"angle":0,"axis":"y","origin":[8,4,8]},"faces":{"north":{"uv":[9.5,4,11.5,4.5],"texture":"#particle"},"east":{"uv":[9,4,9.5,4.5],"texture":"#particle"},"south":{"uv":[7,4,9,4.5],"texture":"#particle"},"west":{"uv":[6.5,4,7,4.5],"texture":"#particle"},"up":{"uv":[9,4,7,3.5],"rotation":180,"texture":"#particle"}}},{"from":[3,8,9],"to":[4,9,13],"rotation":{"angle":0,"axis":"y","origin":[8,4,8]},"faces":{"north":{"uv":[6.5,4,7,4.5],"texture":"#particle"},"east":{"uv":[9.5,4,11.5,4.5],"texture":"#particle"},"south":{"uv":[9,4,9.5,4.5],"texture":"#particle"},"west":{"uv":[7,4,9,4.5],"texture":"#particle"},"up":{"uv":[9,4,7,3.5],"rotation":270,"texture":"#particle"}}},{"from":[9,8,3],"to":[12,9,4],"rotation":{"angle":0,"axis":"y","origin":[8,4,8]},"faces":{"north":{"uv":[6.5,1,8,1.5],"texture":"#particle"},"south":{"uv":[8.5,1,10,1.5],"texture":"#particle"},"west":{"uv":[8,1,8.5,1.5],"texture":"#particle"},"up":{"uv":[8,1,6.5,0.5],"texture":"#particle"}}},{"from":[12,8,9],"to":[13,9,12],"rotation":{"angle":0,"axis":"y","origin":[8,4,8]},"faces":{"north":{"uv":[8,1,8.5,1.5],"texture":"#particle"},"east":{"uv":[6.5,1,8,1.5],"texture":"#particle"},"west":{"uv":[8.5,1,10,1.5],"texture":"#particle"},"up":{"uv":[8,1,6.5,0.5],"rotation":90,"texture":"#particle"}}},{"from":[4,8,12],"to":[7,9,13],"rotation":{"angle":0,"axis":"y","origin":[8,4,8]},"faces":{"north":{"uv":[8.5,1,10,1.5],"texture":"#particle"},"east":{"uv":[8,1,8.5,1.5],"texture":"#particle"},"south":{"uv":[6.5,1,8,1.5],"texture":"#particle"},"up":{"uv":[8,1,6.5,0.5],"rotation":180,"texture":"#particle"}}},{"from":[3,8,4],"to":[4,9,7],"rotation":{"angle":0,"axis":"y","origin":[8,4,8]},"faces":{"east":{"uv":[8.5,1,10,1.5],"texture":"#particle"},"south":{"uv":[8,1,8.5,1.5],"texture":"#particle"},"west":{"uv":[6.5,1,8,1.5],"texture":"#particle"},"up":{"uv":[8,1,6.5,0.5],"rotation":270,"texture":"#particle"}}},{"from":[11,9,3],"to":[12,10,4],"rotation":{"angle":0,"axis":"y","origin":[8,4,8]},"faces":{"north":{"uv":[11,1,11.5,1.5],"texture":"#particle"},"south":{"uv":[12,1,12.5,1.5],"texture":"#particle"},"west":{"uv":[11.5,1,12,1.5],"texture":"#particle"},"up":{"uv":[11.5,1,11,0.5],"texture":"#particle"}}},{"from":[12,9,11],"to":[13,10,12],"rotation":{"angle":0,"axis":"y","origin":[8,4,8]},"faces":{"north":{"uv":[11.5,1,12,1.5],"texture":"#particle"},"east":{"uv":[11,1,11.5,1.5],"texture":"#particle"},"west":{"uv":[12,1,12.5,1.5],"texture":"#particle"},"up":{"uv":[11.5,1,11,0.5],"rotation":90,"texture":"#particle"}}},{"from":[4,9,12],"to":[5,10,13],"rotation":{"angle":0,"axis":"y","origin":[8,4,8]},"faces":{"north":{"uv":[12,1,12.5,1.5],"texture":"#particle"},"east":{"uv":[11.5,1,12,1.5],"texture":"#particle"},"south":{"uv":[11,1,11.5,1.5],"texture":"#particle"},"up":{"uv":[11.5,1,11,0.5],"rotation":180,"texture":"#particle"}}},{"from":[3,9,4],"to":[4,10,5],"rotation":{"angle":0,"axis":"y","origin":[8,4,8]},"faces":{"east":{"uv":[12,1,12.5,1.5],"texture":"#particle"},"south":{"uv":[11.5,1,12,1.5],"texture":"#particle"},"west":{"uv":[11,1,11.5,1.5],"texture":"#particle"},"up":{"uv":[11.5,1,11,0.5],"rotation":270,"texture":"#particle"}}}],"display":{"thirdperson_righthand":{"rotation":[75,45,0],"translation":[0,2.5,-0.25],"scale":[0.55,0.55,0.55]},"firstperson_righthand":{"rotation":[0,45,0],"translation":[0,2.5,0.5],"scale":[0.4,0.4,0.4]},"ground":{"translation":[0,1,0]},"gui":{"rotation":[30,225,0],"scale":[0.8,0.8,0.8]},"head":{"translation":[0,6.4,0],"scale":[1.6,1.6,1.6]},"fixed":{"rotation":[-90,0,0],"translation":[0,0,-7],"scale":[2,2,2]}},"gui_light":"front"}