{"textures":{"particle":"cosmetics:hats/gfx_autumn_crown_scepter2"},"elements":[{"from":[4.5,7,2.5],"to":[6.5,9,3.5],"rotation":{"angle":0,"axis":"y","origin":[8,4,8]},"faces":{"north":{"uv":[11.5,5,12.5,6],"texture":"#particle"},"south":{"uv":[13,5,14,6],"texture":"#particle"},"west":{"uv":[12.5,5,13,6],"texture":"#particle"},"up":{"uv":[12.5,5,11.5,4.5],"texture":"#particle"},"down":{"uv":[12.5,6.5,11.5,6],"texture":"#particle"}}},{"from":[2.5,7,9.5],"to":[3.5,9,11.5],"rotation":{"angle":0,"axis":"y","origin":[8,4,8]},"faces":{"east":{"uv":[13,5,14,6],"texture":"#particle"},"south":{"uv":[12.5,5,13,6],"texture":"#particle"},"west":{"uv":[11.5,5,12.5,6],"texture":"#particle"},"up":{"uv":[12.5,5,11.5,4.5],"rotation":270,"texture":"#particle"},"down":{"uv":[12.5,6.5,11.5,6],"rotation":90,"texture":"#particle"}}},{"from":[9.5,7,12.5],"to":[11.5,9,13.5],"rotation":{"angle":0,"axis":"y","origin":[8,4,8]},"faces":{"north":{"uv":[13,5,14,6],"texture":"#particle"},"east":{"uv":[12.5,5,13,6],"texture":"#particle"},"south":{"uv":[11.5,5,12.5,6],"texture":"#particle"},"up":{"uv":[12.5,5,11.5,4.5],"rotation":180,"texture":"#particle"},"down":{"uv":[12.5,6.5,11.5,6],"rotation":180,"texture":"#particle"}}},{"from":[12.5,7,4.5],"to":[13.5,9,6.5],"rotation":{"angle":0,"axis":"y","origin":[8,4,8]},"faces":{"north":{"uv":[12.5,5,13,6],"texture":"#particle"},"east":{"uv":[11.5,5,12.5,6],"texture":"#particle"},"west":{"uv":[13,5,14,6],"texture":"#particle"},"up":{"uv":[12.5,5,11.5,4.5],"rotation":90,"texture":"#particle"},"down":{"uv":[12.5,6.5,11.5,6],"rotation":270,"texture":"#particle"}}},{"from":[4.5,9,2.5],"to":[5.5,10,3.5],"rotation":{"angle":0,"axis":"y","origin":[8,4,8]},"faces":{"north":{"uv":[11.5,3,12,3.5],"texture":"#particle"},"east":{"uv":[11,3,11.5,3.5],"texture":"#particle"},"south":{"uv":[12.5,3,13,3.5],"texture":"#particle"},"west":{"uv":[12,3,12.5,3.5],"texture":"#particle"},"up":{"uv":[12,3,11.5,2.5],"texture":"#particle"}}},{"from":[2.5,9,10.5],"to":[3.5,10,11.5],"rotation":{"angle":0,"axis":"y","origin":[8,4,8]},"faces":{"north":{"uv":[11,3,11.5,3.5],"texture":"#particle"},"east":{"uv":[12.5,3,13,3.5],"texture":"#particle"},"south":{"uv":[12,3,12.5,3.5],"texture":"#particle"},"west":{"uv":[11.5,3,12,3.5],"texture":"#particle"},"up":{"uv":[12,3,11.5,2.5],"rotation":270,"texture":"#particle"}}},{"from":[10.5,9,12.5],"to":[11.5,10,13.5],"rotation":{"angle":0,"axis":"y","origin":[8,4,8]},"faces":{"north":{"uv":[12.5,3,13,3.5],"texture":"#particle"},"east":{"uv":[12,3,12.5,3.5],"texture":"#particle"},"south":{"uv":[11.5,3,12,3.5],"texture":"#particle"},"west":{"uv":[11,3,11.5,3.5],"texture":"#particle"},"up":{"uv":[12,3,11.5,2.5],"rotation":180,"texture":"#particle"}}},{"from":[12.5,9,4.5],"to":[13.5,10,5.5],"rotation":{"angle":0,"axis":"y","origin":[8,4,8]},"faces":{"north":{"uv":[12,3,12.5,3.5],"texture":"#particle"},"east":{"uv":[11.5,3,12,3.5],"texture":"#particle"},"south":{"uv":[11,3,11.5,3.5],"texture":"#particle"},"west":{"uv":[12.5,3,13,3.5],"texture":"#particle"},"up":{"uv":[12,3,11.5,2.5],"rotation":90,"texture":"#particle"}}},{"from":[3,5,3],"to":[12,7,4],"rotation":{"angle":0,"axis":"y","origin":[8,4,8]},"faces":{"north":{"uv":[0.5,1,5,2],"texture":"#particle"},"south":{"uv":[5.5,1,10,2],"texture":"#particle"},"west":{"uv":[5,1,5.5,2],"texture":"#particle"},"up":{"uv":[5,1,0.5,0.5],"texture":"#particle"},"down":{"uv":[5,2.5,0.5,2],"texture":"#particle"}}},{"from":[3,5,4],"to":[4,7,13],"rotation":{"angle":0,"axis":"y","origin":[8,4,8]},"faces":{"east":{"uv":[5.5,1,10,2],"texture":"#particle"},"south":{"uv":[5,1,5.5,2],"texture":"#particle"},"west":{"uv":[0.5,1,5,2],"texture":"#particle"},"up":{"uv":[5,1,0.5,0.5],"rotation":270,"texture":"#particle"},"down":{"uv":[5,2.5,0.5,2],"rotation":90,"texture":"#particle"}}},{"from":[4,5,12],"to":[13,7,13],"rotation":{"angle":0,"axis":"y","origin":[8,4,8]},"faces":{"north":{"uv":[5.5,1,10,2],"texture":"#particle"},"east":{"uv":[5,1,5.5,2],"texture":"#particle"},"south":{"uv":[0.5,1,5,2],"texture":"#particle"},"up":{"uv":[5,1,0.5,0.5],"rotation":180,"texture":"#particle"},"down":{"uv":[5,2.5,0.5,2],"rotation":180,"texture":"#particle"}}},{"from":[12,5,3],"to":[13,7,12],"rotation":{"angle":0,"axis":"y","origin":[8,4,8]},"faces":{"north":{"uv":[5,1,5.5,2],"texture":"#particle"},"east":{"uv":[0.5,1,5,2],"texture":"#particle"},"west":{"uv":[5.5,1,10,2],"texture":"#particle"},"up":{"uv":[5,1,0.5,0.5],"rotation":90,"texture":"#particle"},"down":{"uv":[5,2.5,0.5,2],"rotation":270,"texture":"#particle"}}},{"from":[10.5,9,2.5],"to":[11.5,10,3.5],"rotation":{"angle":0,"axis":"y","origin":[8,4,8]},"faces":{"north":{"uv":[11.5,1,12,1.5],"texture":"#particle"},"east":{"uv":[11,1,11.5,1.5],"texture":"#particle"},"south":{"uv":[12.5,1,13,1.5],"texture":"#particle"},"west":{"uv":[12,1,12.5,1.5],"texture":"#particle"},"up":{"uv":[12,1,11.5,0.5],"texture":"#particle"}}},{"from":[2.5,9,4.5],"to":[3.5,10,5.5],"rotation":{"angle":0,"axis":"y","origin":[8,4,8]},"faces":{"north":{"uv":[11,1,11.5,1.5],"texture":"#particle"},"east":{"uv":[12.5,1,13,1.5],"texture":"#particle"},"south":{"uv":[12,1,12.5,1.5],"texture":"#particle"},"west":{"uv":[11.5,1,12,1.5],"texture":"#particle"},"up":{"uv":[12,1,11.5,0.5],"rotation":270,"texture":"#particle"}}},{"from":[4.5,9,12.5],"to":[5.5,10,13.5],"rotation":{"angle":0,"axis":"y","origin":[8,4,8]},"faces":{"north":{"uv":[12.5,1,13,1.5],"texture":"#particle"},"east":{"uv":[12,1,12.5,1.5],"texture":"#particle"},"south":{"uv":[11.5,1,12,1.5],"texture":"#particle"},"west":{"uv":[11,1,11.5,1.5],"texture":"#particle"},"up":{"uv":[12,1,11.5,0.5],"rotation":180,"texture":"#particle"}}},{"from":[12.5,9,10.5],"to":[13.5,10,11.5],"rotation":{"angle":0,"axis":"y","origin":[8,4,8]},"faces":{"north":{"uv":[12,1,12.5,1.5],"texture":"#particle"},"east":{"uv":[11.5,1,12,1.5],"texture":"#particle"},"south":{"uv":[11,1,11.5,1.5],"texture":"#particle"},"west":{"uv":[12.5,1,13,1.5],"texture":"#particle"},"up":{"uv":[12,1,11.5,0.5],"rotation":90,"texture":"#particle"}}},{"from":[9.5,7,2.5],"to":[11.5,9,3.5],"rotation":{"angle":0,"axis":"y","origin":[8,4,8]},"faces":{"north":{"uv":[9.5,5,10.5,6],"texture":"#particle"},"east":{"uv":[9,5,9.5,6],"texture":"#particle"},"south":{"uv":[8,5,9,6],"texture":"#particle"},"up":{"uv":[10.5,5,9.5,4.5],"texture":"#particle"},"down":{"uv":[10.5,6.5,9.5,6],"texture":"#particle"}}},{"from":[2.5,7,4.5],"to":[3.5,9,6.5],"rotation":{"angle":0,"axis":"y","origin":[8,4,8]},"faces":{"north":{"uv":[9,5,9.5,6],"texture":"#particle"},"east":{"uv":[8,5,9,6],"texture":"#particle"},"west":{"uv":[9.5,5,10.5,6],"texture":"#particle"},"up":{"uv":[10.5,5,9.5,4.5],"rotation":270,"texture":"#particle"},"down":{"uv":[10.5,6.5,9.5,6],"rotation":90,"texture":"#particle"}}},{"from":[4.5,7,12.5],"to":[6.5,9,13.5],"rotation":{"angle":0,"axis":"y","origin":[8,4,8]},"faces":{"north":{"uv":[8,5,9,6],"texture":"#particle"},"south":{"uv":[9.5,5,10.5,6],"texture":"#particle"},"west":{"uv":[9,5,9.5,6],"texture":"#particle"},"up":{"uv":[10.5,5,9.5,4.5],"rotation":180,"texture":"#particle"},"down":{"uv":[10.5,6.5,9.5,6],"rotation":180,"texture":"#particle"}}},{"from":[12.5,7,9.5],"to":[13.5,9,11.5],"rotation":{"angle":0,"axis":"y","origin":[8,4,8]},"faces":{"east":{"uv":[9.5,5,10.5,6],"texture":"#particle"},"south":{"uv":[9,5,9.5,6],"texture":"#particle"},"west":{"uv":[8,5,9,6],"texture":"#particle"},"up":{"uv":[10.5,5,9.5,4.5],"rotation":90,"texture":"#particle"},"down":{"uv":[10.5,6.5,9.5,6],"rotation":270,"texture":"#particle"}}},{"from":[6.5,7,2.5],"to":[9.5,12,3.5],"rotation":{"angle":0,"axis":"y","origin":[8,4,8]},"faces":{"north":{"uv":[3.5,4,5,6.5],"texture":"#particle"},"east":{"uv":[3,4,3.5,6.5],"texture":"#particle"},"south":{"uv":[5.5,4,7,6.5],"texture":"#particle"},"west":{"uv":[5,4,5.5,6.5],"texture":"#particle"},"up":{"uv":[5,4,3.5,3.5],"texture":"#particle"}}},{"from":[2.5,7,6.5],"to":[3.5,12,9.5],"rotation":{"angle":0,"axis":"y","origin":[8,4,8]},"faces":{"north":{"uv":[3,4,3.5,6.5],"texture":"#particle"},"east":{"uv":[5.5,4,7,6.5],"texture":"#particle"},"south":{"uv":[5,4,5.5,6.5],"texture":"#particle"},"west":{"uv":[3.5,4,5,6.5],"texture":"#particle"},"up":{"uv":[5,4,3.5,3.5],"rotation":270,"texture":"#particle"}}},{"from":[6.5,7,12.5],"to":[9.5,12,13.5],"rotation":{"angle":0,"axis":"y","origin":[8,4,8]},"faces":{"north":{"uv":[5.5,4,7,6.5],"texture":"#particle"},"east":{"uv":[5,4,5.5,6.5],"texture":"#particle"},"south":{"uv":[3.5,4,5,6.5],"texture":"#particle"},"west":{"uv":[3,4,3.5,6.5],"texture":"#particle"},"up":{"uv":[5,4,3.5,3.5],"rotation":180,"texture":"#particle"}}},{"from":[12.5,7,6.5],"to":[13.5,12,9.5],"rotation":{"angle":0,"axis":"y","origin":[8,4,8]},"faces":{"north":{"uv":[5,4,5.5,6.5],"texture":"#particle"},"east":{"uv":[3.5,4,5,6.5],"texture":"#particle"},"south":{"uv":[3,4,3.5,6.5],"texture":"#particle"},"west":{"uv":[5.5,4,7,6.5],"texture":"#particle"},"up":{"uv":[5,4,3.5,3.5],"rotation":90,"texture":"#particle"}}},{"from":[7.5,5,2.5],"to":[8.5,13,3.5],"rotation":{"angle":0,"axis":"y","origin":[8,4,8]},"faces":{"north":{"uv":[0.5,4,1,8],"texture":"#particle"},"east":{"uv":[1.5,4,1,8],"texture":"#particle"},"south":{"uv":[1.5,4,2,8],"texture":"#particle"},"west":{"uv":[1,4,1.5,8],"texture":"#particle"},"up":{"uv":[1,4,0.5,3.5],"texture":"#particle"},"down":{"uv":[1,8.5,0.5,8],"texture":"#particle"}}},{"from":[2.5,5,7.5],"to":[3.5,13,8.5],"rotation":{"angle":0,"axis":"y","origin":[8,4,8]},"faces":{"north":{"uv":[1.5,4,1,8],"texture":"#particle"},"east":{"uv":[1.5,4,2,8],"texture":"#particle"},"south":{"uv":[1,4,1.5,8],"texture":"#particle"},"west":{"uv":[0.5,4,1,8],"texture":"#particle"},"up":{"uv":[1,4,0.5,3.5],"rotation":270,"texture":"#particle"},"down":{"uv":[1,8.5,0.5,8],"rotation":90,"texture":"#particle"}}},{"from":[7.5,5,12.5],"to":[8.5,13,13.5],"rotation":{"angle":0,"axis":"y","origin":[8,4,8]},"faces":{"north":{"uv":[1.5,4,2,8],"texture":"#particle"},"east":{"uv":[1,4,1.5,8],"texture":"#particle"},"south":{"uv":[0.5,4,1,8],"texture":"#particle"},"west":{"uv":[1.5,4,1,8],"texture":"#particle"},"up":{"uv":[1,4,0.5,3.5],"rotation":180,"texture":"#particle"},"down":{"uv":[1,8.5,0.5,8],"rotation":180,"texture":"#particle"}}},{"from":[12.5,5,7.5],"to":[13.5,13,8.5],"rotation":{"angle":0,"axis":"y","origin":[8,4,8]},"faces":{"north":{"uv":[1,4,1.5,8],"texture":"#particle"},"east":{"uv":[0.5,4,1,8],"texture":"#particle"},"south":{"uv":[1.5,4,1,8],"texture":"#particle"},"west":{"uv":[1.5,4,2,8],"texture":"#particle"},"up":{"uv":[1,4,0.5,3.5],"rotation":90,"texture":"#particle"},"down":{"uv":[1,8.5,0.5,8],"rotation":270,"texture":"#particle"}}},{"from":[5.5,6,2.5],"to":[10.5,7,3.5],"rotation":{"angle":0,"axis":"y","origin":[8,4,8]},"faces":{"north":{"uv":[3.5,7.5,6,8],"texture":"#particle"},"east":{"uv":[3,7.5,3.5,8],"texture":"#particle"},"west":{"uv":[6,7.5,6.5,8],"texture":"#particle"},"down":{"uv":[6,8.5,3.5,8],"texture":"#particle"}}},{"from":[12.5,6,5.5],"to":[13.5,7,10.5],"rotation":{"angle":0,"axis":"y","origin":[8,4,8]},"faces":{"north":{"uv":[6,7.5,6.5,8],"texture":"#particle"},"east":{"uv":[3.5,7.5,6,8],"texture":"#particle"},"south":{"uv":[3,7.5,3.5,8],"texture":"#particle"},"down":{"uv":[6,8.5,3.5,8],"rotation":270,"texture":"#particle"}}},{"from":[5.5,6,12.5],"to":[10.5,7,13.5],"rotation":{"angle":0,"axis":"y","origin":[8,4,8]},"faces":{"east":{"uv":[6,7.5,6.5,8],"texture":"#particle"},"south":{"uv":[3.5,7.5,6,8],"texture":"#particle"},"west":{"uv":[3,7.5,3.5,8],"texture":"#particle"},"down":{"uv":[6,8.5,3.5,8],"rotation":180,"texture":"#particle"}}},{"from":[2.5,6,5.5],"to":[3.5,7,10.5],"rotation":{"angle":0,"axis":"y","origin":[8,4,8]},"faces":{"north":{"uv":[3,7.5,3.5,8],"texture":"#particle"},"south":{"uv":[6,7.5,6.5,8],"texture":"#particle"},"west":{"uv":[3.5,7.5,6,8],"texture":"#particle"},"down":{"uv":[6,8.5,3.5,8],"rotation":90,"texture":"#particle"}}}],"display":{"thirdperson_righthand":{"rotation":[75,45,0],"translation":[0,2.5,-0.25],"scale":[0.55,0.55,0.55]},"firstperson_righthand":{"rotation":[0,45,0],"translation":[0.5,2.5,0.5],"scale":[0.4,0.4,0.4]},"gui":{"rotation":[30,225,0],"translation":[0,-0.5,0],"scale":[0.8,0.8,0.8]},"head":{"translation":[0,6.4,0],"scale":[1.6,1.6,1.6]},"fixed":{"rotation":[-90,0,0],"translation":[0,-1,-4.5],"scale":[1.5,1.5,1.5]}},"gui_light":"front"}