{"textures":{"particle":"cosmetics:hats/gfx_firework_hat"},"elements":[{"from":[3,5,3],"to":[13,7,13],"rotation":{"angle":0,"axis":"y","origin":[11,13,11]},"faces":{"north":{"uv":[0.25,2.75,2.75,3.25],"texture":"#particle"},"east":{"uv":[0.25,2.75,2.75,3.25],"texture":"#particle"},"south":{"uv":[0.25,2.75,2.75,3.25],"texture":"#particle"},"west":{"uv":[0.25,2.75,2.75,3.25],"texture":"#particle"},"up":{"uv":[2.75,2.75,0.25,0.25],"texture":"#particle"},"down":{"uv":[2.75,5.75,0.25,3.25],"texture":"#particle"}}},{"from":[3.5,7,3.5],"to":[12.5,10,12.5],"rotation":{"angle":0,"axis":"y","origin":[10.5,15,11.5]},"faces":{"north":{"uv":[3.25,2.5,5.5,3.25],"texture":"#particle"},"east":{"uv":[5.5,3.75,7.75,4.5],"texture":"#particle"},"south":{"uv":[3.25,2.5,5.5,3.25],"texture":"#particle"},"west":{"uv":[5.5,2.5,7.75,3.25],"texture":"#particle"},"up":{"uv":[5.5,2.5,3.25,0.25],"texture":"#particle"}}},{"from":[4.5,10,4.5],"to":[11.5,11,11.5],"rotation":{"angle":0,"axis":"y","origin":[10.5,16,11.5]},"faces":{"north":{"uv":[3.25,5.5,5,5.75],"texture":"#particle"},"east":{"uv":[7.25,5.5,9,5.75],"texture":"#particle"},"south":{"uv":[3.25,5.5,5,5.75],"texture":"#particle"},"west":{"uv":[5,5.5,6.75,5.75],"texture":"#particle"},"up":{"uv":[5,5.5,3.25,3.75],"texture":"#particle"}}},{"from":[5.5,9.85195,4.27164],"to":[10.5,14.85195,15.27164],"rotation":{"angle":22.5,"axis":"x","origin":[8,12.35195,9.77164]},"faces":{"east":{"uv":[8.25,0.25,9.5,3],"rotation":90,"texture":"#particle"},"south":{"uv":[10.75,4.25,9.5,3],"texture":"#particle"},"west":{"uv":[10.75,0.25,12,3],"rotation":270,"texture":"#particle"},"up":{"uv":[12,0.25,13.25,3],"texture":"#particle"},"down":{"uv":[9.5,0.25,10.75,3],"rotation":180,"texture":"#particle"}}},{"from":[7.5,9.85195,15.27164],"to":[8.5,10.85195,21.27164],"rotation":{"angle":22.5,"axis":"x","origin":[8,12.35195,9.77164]},"faces":{"east":{"uv":[6.5,0.25,6.25,1.75],"rotation":90,"texture":"#particle"},"south":{"uv":[6.25,2,6,1.75],"texture":"#particle"},"west":{"uv":[6.25,0.25,6.5,1.75],"rotation":270,"texture":"#particle"},"up":{"uv":[6.5,0.25,6.75,1.75],"texture":"#particle"},"down":{"uv":[6,0.25,6.25,1.75],"rotation":180,"texture":"#particle"}}},{"from":[7.5,10.70913,15.04432],"to":[8.51,11.70913,22.04432],"rotation":{"angle":0,"axis":"x","origin":[8,12.35195,9.77164]},"faces":{"north":{"uv":[14.25,0,14,1],"rotation":90,"texture":"#missing"},"east":{"uv":[14.25,0,14,1.75],"rotation":90,"texture":"#particle"},"south":{"uv":[14.25,1.5,14,1.75],"rotation":90,"texture":"#particle"},"west":{"uv":[14.25,0,14,1.75],"rotation":270,"texture":"#particle"},"up":{"uv":[14,1.75,14.25,0],"rotation":180,"texture":"#particle"},"down":{"uv":[14,1.75,14.25,0],"texture":"#particle"}}},{"from":[7.5,11.70913,20.04432],"to":[8.51,12.70913,21.04432],"rotation":{"angle":0,"axis":"x","origin":[8,12.35195,9.77164]},"faces":{"north":{"uv":[14.5,1.25,14.25,1.5],"rotation":270,"texture":"#particle"},"east":{"uv":[14.5,1.25,14.25,1.5],"rotation":270,"texture":"#particle"},"south":{"uv":[14.5,1.25,14.25,1.5],"rotation":270,"texture":"#particle"},"west":{"uv":[14.5,1.25,14.25,1.5],"rotation":270,"texture":"#particle"},"up":{"uv":[14.5,1.25,14.25,1.5],"rotation":270,"texture":"#particle"},"down":{"uv":[14.5,1.25,14.25,1.5],"rotation":270,"texture":"#particle"}}},{"from":[7.5,9.70913,20.04432],"to":[8.51,10.70913,21.04432],"rotation":{"angle":0,"axis":"x","origin":[8,12.35195,9.77164]},"faces":{"north":{"uv":[14.5,1.25,14.25,1.5],"rotation":270,"texture":"#particle"},"east":{"uv":[14.5,1.25,14.25,1.5],"rotation":270,"texture":"#particle"},"south":{"uv":[14.5,1.25,14.25,1.5],"rotation":270,"texture":"#particle"},"west":{"uv":[14.5,1.25,14.25,1.5],"rotation":270,"texture":"#particle"},"up":{"uv":[14.5,1.25,14.25,1.5],"rotation":270,"texture":"#particle"},"down":{"uv":[14.5,1.25,14.25,1.5],"rotation":270,"texture":"#particle"}}},{"from":[5,9.35195,2.27164],"to":[11,15.35195,4.27164],"rotation":{"angle":22.5,"axis":"x","origin":[8,12.35195,9.77164]},"faces":{"north":{"uv":[1.75,7.75,0.25,6.25],"rotation":180,"texture":"#particle"},"east":{"uv":[1.75,7.75,3.25,8.25],"rotation":90,"texture":"#particle"},"south":{"uv":[1.75,9.75,0.25,8.25],"texture":"#particle"},"west":{"uv":[1.75,7.75,3.25,8.25],"rotation":270,"texture":"#particle"},"up":{"uv":[0.25,7.75,1.75,8.25],"texture":"#particle"},"down":{"uv":[0.25,7.75,1.75,8.25],"rotation":180,"texture":"#particle"}}},{"from":[6,10.35195,0.27164],"to":[10,14.35195,2.27164],"rotation":{"angle":22.5,"axis":"x","origin":[8,12.35195,9.77164]},"faces":{"north":{"uv":[4.75,7.25,3.75,6.25],"rotation":180,"texture":"#particle"},"east":{"uv":[4.75,7.25,5.75,7.75],"rotation":90,"texture":"#particle"},"west":{"uv":[4.75,7.25,5.75,7.75],"rotation":270,"texture":"#particle"},"up":{"uv":[3.75,7.25,4.75,7.75],"texture":"#particle"},"down":{"uv":[3.75,7.25,4.75,7.75],"rotation":180,"texture":"#particle"}}},{"from":[7,11.35195,-1.72836],"to":[9,13.35195,0.27164],"rotation":{"angle":22.5,"axis":"x","origin":[8,12.35195,9.77164]},"faces":{"north":{"uv":[2.75,6.75,2.25,6.25],"rotation":180,"texture":"#particle"},"east":{"uv":[2.75,6.75,3.25,7.25],"rotation":90,"texture":"#particle"},"west":{"uv":[2.75,6.75,3.25,7.25],"rotation":270,"texture":"#particle"},"up":{"uv":[2.25,6.75,2.75,7.25],"texture":"#particle"},"down":{"uv":[2.25,6.75,2.75,7.25],"rotation":180,"texture":"#particle"}}}],"display":{"thirdperson_righthand":{"rotation":[75,45,0],"translation":[0,2.5,-0.25],"scale":[0.55,0.55,0.55]},"firstperson_righthand":{"rotation":[0,45,0],"translation":[0,2.5,0.5],"scale":[0.4,0.4,0.4]},"ground":{"translation":[0,1,0]},"gui":{"rotation":[30,225,0],"translation":[1,-0.5,0],"scale":[0.75,0.75,0.75]},"head":{"translation":[0,6.45,0],"scale":[1.61,1.61,1.61]},"fixed":{"rotation":[-90,0,0],"translation":[0,0,-4],"scale":[2,2,2]}},"gui_light":"front"}