{"textures":{"particle":"cosmetics:hats/gfx_flower_hat"},"elements":[{"from":[3,6,3],"to":[13,10,13],"faces":{"north":{"uv":[0.5,5.5,5.5,7.5],"texture":"#particle"},"east":{"uv":[0.5,5.5,5.5,7.5],"texture":"#particle"},"south":{"uv":[0.5,5.5,5.5,7.5],"texture":"#particle"},"west":{"uv":[0.5,5.5,5.5,7.5],"texture":"#particle"},"up":{"uv":[5.5,5.5,0.5,0.5],"texture":"#particle"},"down":{"uv":[5.5,12.5,0.5,7.5],"texture":"#particle"}}},{"from":[4,10,4],"to":[12,12,12],"faces":{"north":{"uv":[6.5,4.5,10.5,5.5],"texture":"#particle"},"east":{"uv":[6.5,4.5,10.5,5.5],"texture":"#particle"},"south":{"uv":[6.5,4.5,10.5,5.5],"texture":"#particle"},"west":{"uv":[6.5,4.5,10.5,5.5],"texture":"#particle"},"up":{"uv":[10.5,4.5,6.5,0.5],"texture":"#particle"}}},{"from":[6,12,6],"to":[10,16,10],"rotation":{"angle":-22.5,"axis":"z","origin":[6,12,8]},"faces":{"north":{"uv":[11.5,2.5,13.5,4.5],"texture":"#particle"},"east":{"uv":[11.5,2.5,13.5,4.5],"texture":"#particle"},"south":{"uv":[11.5,2.5,13.5,4.5],"texture":"#particle"},"west":{"uv":[11.5,2.5,13.5,4.5],"texture":"#particle"},"up":{"uv":[13.5,2.5,11.5,0.5],"texture":"#particle"}}},{"from":[8.45461,15.31283,7],"to":[10.45461,19.31283,9],"rotation":{"angle":-45,"axis":"z","origin":[8.45461,15.31283,8]},"faces":{"north":{"uv":[14.5,1.5,15.5,3.5],"texture":"#particle"},"east":{"uv":[14.5,1.5,15.5,3.5],"texture":"#particle"},"south":{"uv":[14.5,1.5,15.5,3.5],"texture":"#particle"},"west":{"uv":[14.5,1.5,15.5,3.5],"texture":"#particle"},"up":{"uv":[15.5,1.5,14.5,0.5],"texture":"#particle"}}},{"from":[3,5,2],"to":[13,6,3],"faces":{"north":{"uv":[0.5,14,5.5,14.5],"texture":"#particle"},"east":{"uv":[6,14,5.5,14.5],"texture":"#particle"},"south":{"uv":[5.5,15.5,0.5,15],"texture":"#particle"},"west":{"uv":[5.5,14,6,14.5],"texture":"#particle"},"up":{"uv":[5.5,14,0.5,13.5],"texture":"#particle"},"down":{"uv":[5.5,15,0.5,14.5],"texture":"#particle"}}},{"from":[13,5,3],"to":[14,6,13],"faces":{"north":{"uv":[5.5,14,6,14.5],"texture":"#particle"},"east":{"uv":[0.5,14,5.5,14.5],"texture":"#particle"},"south":{"uv":[6,14,5.5,14.5],"texture":"#particle"},"west":{"uv":[5.5,15.5,0.5,15],"texture":"#particle"},"up":{"uv":[5.5,14,0.5,13.5],"rotation":90,"texture":"#particle"},"down":{"uv":[5.5,15,0.5,14.5],"rotation":270,"texture":"#particle"}}},{"from":[3,5,13],"to":[13,6,14],"faces":{"north":{"uv":[5.5,15.5,0.5,15],"texture":"#particle"},"east":{"uv":[5.5,14,6,14.5],"texture":"#particle"},"south":{"uv":[0.5,14,5.5,14.5],"texture":"#particle"},"west":{"uv":[6,14,5.5,14.5],"texture":"#particle"},"up":{"uv":[5.5,14,0.5,13.5],"rotation":180,"texture":"#particle"},"down":{"uv":[5.5,15,0.5,14.5],"rotation":180,"texture":"#particle"}}},{"from":[2,5,3],"to":[3,6,13],"faces":{"north":{"uv":[6,14,5.5,14.5],"texture":"#particle"},"east":{"uv":[5.5,15.5,0.5,15],"texture":"#particle"},"south":{"uv":[5.5,14,6,14.5],"texture":"#particle"},"west":{"uv":[0.5,14,5.5,14.5],"texture":"#particle"},"up":{"uv":[5.5,14,0.5,13.5],"rotation":270,"texture":"#particle"},"down":{"uv":[5.5,15,0.5,14.5],"rotation":90,"texture":"#particle"}}}],"display":{"thirdperson_righthand":{"rotation":[75,-45,0],"translation":[0,2.5,-0.25],"scale":[0.55,0.55,0.55]},"thirdperson_lefthand":{"rotation":[75,45,0],"translation":[0,2.5,-0.25],"scale":[0.55,0.55,0.55]},"firstperson_righthand":{"rotation":[0,-45,0],"translation":[0,2,0.5],"scale":[0.4,0.4,0.4]},"firstperson_lefthand":{"rotation":[0,-45,0],"translation":[0,2,0.5],"scale":[0.4,0.4,0.4]},"ground":{"translation":[0,1,0]},"gui":{"rotation":[30,135,0],"translation":[0,-1.5,0],"scale":[0.8,0.8,0.8]},"head":{"translation":[0,6.4,0],"scale":[1.6,1.6,1.6]},"fixed":{"rotation":[-90,0,0],"translation":[0,0,-5],"scale":[2,2,2]}},"gui_light":"front"}