{"credit":"Created By Yassou","texture_size":[64,64],"textures":{"11":"cosmetics:hats/couronne_fleur","particle":"#11"},"elements":[{"from":[5.8,-0.6,1.8],"to":[9.8,3.4,1.8],"faces":{"north":{"uv":[4.75,7,5.75,8],"texture":"#11"},"east":{"uv":[0,0,0,1],"texture":"#11"},"south":{"uv":[5.75,7.5,6.75,8.5],"texture":"#11"},"west":{"uv":[0,0,0,1],"texture":"#11"},"up":{"uv":[1,0,0,0],"texture":"#11"},"down":{"uv":[1,0,0,0],"texture":"#11"}}},{"from":[6,-0.6,1.9],"to":[10,3.4,1.9],"faces":{"north":{"uv":[6.75,7.5,7.75,8.5],"texture":"#11"},"east":{"uv":[0,0,0,1],"texture":"#11"},"south":{"uv":[7.75,7.5,8.75,8.5],"texture":"#11"},"west":{"uv":[0,0,0,1],"texture":"#11"},"up":{"uv":[1,0,0,0],"texture":"#11"},"down":{"uv":[1,0,0,0],"texture":"#11"}}},{"from":[8,-1.2,13.2],"to":[12,2.8,13.2],"rotation":{"angle":0,"axis":"y","origin":[0,0,16]},"faces":{"north":{"uv":[9.75,3,10.75,4],"texture":"#11"},"east":{"uv":[0,0,0,1],"texture":"#11"},"south":{"uv":[9.75,4,10.75,5],"texture":"#11"},"west":{"uv":[0,0,0,1],"texture":"#11"},"up":{"uv":[1,0,0,0],"texture":"#11"},"down":{"uv":[1,0,0,0],"texture":"#11"}}},{"from":[8.2,-1.2,13.1],"to":[12.2,2.8,13.1],"rotation":{"angle":0,"axis":"y","origin":[0,0,16]},"faces":{"north":{"uv":[9.75,5,10.75,6],"texture":"#11"},"east":{"uv":[0,0,0,1],"texture":"#11"},"south":{"uv":[9.75,6,10.75,7],"texture":"#11"},"west":{"uv":[0,0,0,1],"texture":"#11"},"up":{"uv":[1,0,0,0],"texture":"#11"},"down":{"uv":[1,0,0,0],"texture":"#11"}}},{"from":[3,-3.8,13.3],"to":[7,0.2,13.3],"rotation":{"angle":-22.5,"axis":"z","origin":[5.1,0.8,14.15]},"faces":{"north":{"uv":[9.75,7,10.75,8],"texture":"#11"},"east":{"uv":[0,0,0,1],"texture":"#11"},"south":{"uv":[9.75,8,10.75,9],"texture":"#11"},"west":{"uv":[0,0,0,1],"texture":"#11"},"up":{"uv":[1,0,0,0],"texture":"#11"},"down":{"uv":[1,0,0,0],"texture":"#11"}}},{"from":[3.2,-3.8,13.2],"to":[7.2,0.2,13.2],"rotation":{"angle":-22.5,"axis":"z","origin":[5.1,0.8,14.15]},"faces":{"north":{"uv":[9.75,9,10.75,10],"texture":"#11"},"east":{"uv":[0,0,0,1],"texture":"#11"},"south":{"uv":[10,0,11,1],"texture":"#11"},"west":{"uv":[0,0,0,1],"texture":"#11"},"up":{"uv":[1,0,0,0],"texture":"#11"},"down":{"uv":[1,0,0,0],"texture":"#11"}}},{"from":[10.9,-2.5,1.6],"to":[14.9,1.5,1.6],"rotation":{"angle":-22.5,"axis":"z","origin":[12.9,1.4,0.8]},"faces":{"north":{"uv":[6.75,8.5,7.75,9.5],"texture":"#11"},"east":{"uv":[0,0,0,1],"texture":"#11"},"south":{"uv":[7.75,8.5,8.75,9.5],"texture":"#11"},"west":{"uv":[0,0,0,1],"texture":"#11"},"up":{"uv":[1,0,0,0],"texture":"#11"},"down":{"uv":[1,0,0,0],"texture":"#11"}}},{"from":[10.9,-2.7,1.8],"to":[14.9,1.3,1.8],"rotation":{"angle":-22.5,"axis":"z","origin":[12.9,1.4,0.8]},"faces":{"north":{"uv":[8.75,3,9.75,4],"texture":"#11"},"east":{"uv":[0,0,0,1],"texture":"#11"},"south":{"uv":[8.75,4,9.75,5],"texture":"#11"},"west":{"uv":[0,0,0,1],"texture":"#11"},"up":{"uv":[1,0,0,0],"texture":"#11"},"down":{"uv":[1,0,0,0],"texture":"#11"}}},{"from":[1.26537,-4.04776,2.7],"to":[1.26537,-0.04776,6.7],"rotation":{"angle":-22.5,"axis":"x","origin":[3.26537,-0.44776,1.7]},"faces":{"north":{"uv":[0,0,0,1],"texture":"#11"},"east":{"uv":[8.75,5,9.75,6],"texture":"#11"},"south":{"uv":[0,0,0,1],"texture":"#11"},"west":{"uv":[8.75,6,9.75,7],"texture":"#11"},"up":{"uv":[0,1,0,0],"texture":"#11"},"down":{"uv":[0,0,0,1],"texture":"#11"}}},{"from":[1.46537,-4.24776,2.7],"to":[1.46537,-0.24776,6.7],"rotation":{"angle":-22.5,"axis":"x","origin":[3.26537,-0.44776,1.7]},"faces":{"north":{"uv":[0,0,0,1],"texture":"#11"},"east":{"uv":[8.75,7,9.75,8],"texture":"#11"},"south":{"uv":[0,0,0,1],"texture":"#11"},"west":{"uv":[8.75,8,9.75,9],"texture":"#11"},"up":{"uv":[0,1,0,0],"texture":"#11"},"down":{"uv":[0,0,0,1],"texture":"#11"}}},{"from":[14.13463,0.85224,3.3],"to":[14.13463,4.85224,7.3],"rotation":{"angle":22.5,"axis":"x","origin":[12.73463,-0.44776,1.7]},"faces":{"north":{"uv":[0,0,0,1],"texture":"#11"},"east":{"uv":[8.75,9,9.75,10],"texture":"#11"},"south":{"uv":[0,0,0,1],"texture":"#11"},"west":{"uv":[0,9.5,1,10.5],"texture":"#11"},"up":{"uv":[0,1,0,0],"texture":"#11"},"down":{"uv":[0,0,0,1],"texture":"#11"}}},{"from":[13.93463,0.65224,3.3],"to":[13.93463,4.65224,7.3],"rotation":{"angle":22.5,"axis":"x","origin":[12.73463,-0.44776,1.7]},"faces":{"north":{"uv":[0,0,0,1],"texture":"#11"},"east":{"uv":[1,9.5,2,10.5],"texture":"#11"},"south":{"uv":[0,0,0,1],"texture":"#11"},"west":{"uv":[5.75,9.5,6.75,10.5],"texture":"#11"},"up":{"uv":[0,1,0,0],"texture":"#11"},"down":{"uv":[0,0,0,1],"texture":"#11"}}},{"from":[14.63463,-4.08242,7.46995],"to":[14.63463,-0.08242,11.46995],"rotation":{"angle":-45,"axis":"x","origin":[15.33463,-0.78242,10.86995]},"faces":{"north":{"uv":[0,0,0,1],"texture":"#11"},"east":{"uv":[6.75,9.5,7.75,10.5],"texture":"#11"},"south":{"uv":[0,0,0,1],"texture":"#11"},"west":{"uv":[7.75,9.5,8.75,10.5],"texture":"#11"},"up":{"uv":[0,1,0,0],"texture":"#11"},"down":{"uv":[0,0,0,1],"texture":"#11"}}},{"from":[14.43463,-4.28242,7.46995],"to":[14.43463,-0.28242,11.46995],"rotation":{"angle":-45,"axis":"x","origin":[15.33463,-0.78242,10.86995]},"faces":{"north":{"uv":[0,0,0,1],"texture":"#11"},"east":{"uv":[2,9.75,3,10.75],"texture":"#11"},"south":{"uv":[0,0,0,1],"texture":"#11"},"west":{"uv":[3,9.75,4,10.75],"texture":"#11"},"up":{"uv":[0,1,0,0],"texture":"#11"},"down":{"uv":[0,0,0,1],"texture":"#11"}}},{"from":[1.16537,-6.9897,5.03562],"to":[1.16537,-2.9897,9.03562],"rotation":{"angle":45,"axis":"x","origin":[1.36537,-5.4897,7.03562]},"faces":{"north":{"uv":[0,0,0,1],"texture":"#11"},"east":{"uv":[9,0,10,1],"texture":"#11"},"south":{"uv":[0,0,0,1],"texture":"#11"},"west":{"uv":[9,1,10,2],"texture":"#11"},"up":{"uv":[0,1,0,0],"texture":"#11"},"down":{"uv":[0,0,0,1],"texture":"#11"}}},{"from":[1.36537,-7.1897,5.03562],"to":[1.36537,-3.1897,9.03562],"rotation":{"angle":45,"axis":"x","origin":[1.36537,-5.4897,7.03562]},"faces":{"north":{"uv":[0,0,0,1],"texture":"#11"},"east":{"uv":[9,2,10,3],"texture":"#11"},"south":{"uv":[0,0,0,1],"texture":"#11"},"west":{"uv":[4.75,9,5.75,10],"texture":"#11"},"up":{"uv":[0,1,0,0],"texture":"#11"},"down":{"uv":[0,0,0,1],"texture":"#11"}}},{"from":[0.22929,0,1.86482],"to":[4.22929,4,1.86482],"rotation":{"angle":45,"axis":"z","origin":[3.02929,2,3.71482]},"faces":{"north":{"uv":[4.75,8,5.75,9],"texture":"#11"},"east":{"uv":[0,0,0,1],"texture":"#11"},"south":{"uv":[0,8.5,1,9.5],"texture":"#11"},"west":{"uv":[0,0,0,1],"texture":"#11"},"up":{"uv":[1,0,0,0],"texture":"#11"},"down":{"uv":[1,0,0,0],"texture":"#11"}}},{"from":[0.42929,0,2.26482],"to":[4.42929,4,2.26482],"rotation":{"angle":45,"axis":"z","origin":[3.02929,2,3.71482]},"faces":{"north":{"uv":[1,8.5,2,9.5],"texture":"#11"},"east":{"uv":[0,0,0,1],"texture":"#11"},"south":{"uv":[5.75,8.5,6.75,9.5],"texture":"#11"},"west":{"uv":[0,0,0,1],"texture":"#11"},"up":{"uv":[1,0,0,0],"texture":"#11"},"down":{"uv":[1,0,0,0],"texture":"#11"}}},{"from":[2,-3,2],"to":[14,3,13],"faces":{"north":{"uv":[0,5.5,3,7],"texture":"#11"},"east":{"uv":[6,3,8.75,4.5],"texture":"#11"},"south":{"uv":[3,5.5,6,7],"texture":"#11"},"west":{"uv":[6,4.5,8.75,6],"texture":"#11"},"up":{"uv":[3,2.75,0,0],"texture":"#11"},"down":{"uv":[3,2.75,0,5.5],"texture":"#11"}}},{"from":[1.4,-7.7,3.8],"to":[1.4,3.3,7.8],"rotation":{"angle":0,"axis":"x","origin":[1.4,1,7.5]},"faces":{"north":{"uv":[0,0,0,2.75],"texture":"#11"},"east":{"uv":[2.75,7,3.75,9.75],"texture":"#11"},"south":{"uv":[0,0,0,2.75],"texture":"#11"},"west":{"uv":[2.75,7,3.75,9.75],"texture":"#11"},"up":{"uv":[0,1,0,0],"texture":"#11"},"down":{"uv":[0,0,0,1],"texture":"#11"}}},{"name":"cube_outline","from":[14,3,13],"to":[2,-3,2],"faces":{"north":{"uv":[6,0,9,1.5],"texture":"#11"},"east":{"uv":[6,6,8.75,7.5],"texture":"#11"},"south":{"uv":[6,1.5,9,3],"texture":"#11"},"west":{"uv":[0,7,2.75,8.5],"texture":"#11"},"up":{"uv":[6,2.75,3,0],"texture":"#11"},"down":{"uv":[6,2.75,3,5.5],"texture":"#11"}}}],"display":{"thirdperson_righthand":{"rotation":[75,45,0],"translation":[0,2.5,3.25],"scale":[0.375,0.375,0.375]},"thirdperson_lefthand":{"rotation":[75,45,0],"translation":[0,2.5,3.5],"scale":[0.375,0.375,0.375]},"firstperson_righthand":{"rotation":[0,225,0],"translation":[0,5.5,0],"scale":[0.4,0.4,0.4]},"firstperson_lefthand":{"rotation":[0,225,0],"translation":[0,5.5,0],"scale":[0.4,0.4,0.4]},"ground":{"translation":[0,3,0],"scale":[0.54688,0.54688,0.54688]},"gui":{"rotation":[30,225,0],"translation":[-0.25,5.25,0],"scale":[0.77344,0.77344,0.77344]},"head":{"rotation":[0,0,-1.5],"translation":[0.5,15,0.5],"scale":[1.28125,1.31836,1.37695]},"fixed":{"rotation":[-90,0,0],"translation":[0,0,-16.25],"scale":[1.58008,1.58008,1.58008]}},"gui_light":"front"}