{"textures":{"particle":"cosmetics:hats/gfx_gasmask_grey"},"elements":[{"from":[3.5,6,3],"to":[12.5,7,4],"rotation":{"angle":0,"axis":"y","origin":[13.5,13,11]},"faces":{"north":{"uv":[0.5,1,5,1.5],"texture":"#particle"},"east":{"uv":[5,1,5.5,1.5],"texture":"#particle"},"south":{"uv":[5.5,1,10,1.5],"texture":"#particle"},"west":{"uv":[5,1,5.5,1.5],"texture":"#particle"},"up":{"uv":[5,1,0.5,0.5],"texture":"#particle"},"down":{"uv":[5,2,0.5,1.5],"texture":"#particle"}}},{"from":[6.5,6,2],"to":[9.5,8,4],"rotation":{"angle":0,"axis":"y","origin":[13.5,13,11]},"faces":{"north":{"uv":[0.5,12.5,2,13.5],"texture":"#particle"},"east":{"uv":[3,12.5,2,13.5],"texture":"#particle"},"south":{"uv":[3,12.5,4.5,13.5],"texture":"#particle"},"west":{"uv":[2,12.5,3,13.5],"texture":"#particle"},"up":{"uv":[2,12.5,0.5,11.5],"texture":"#particle"},"down":{"uv":[2,14.5,0.5,13.5],"texture":"#particle"}}},{"from":[4.5,2,3.5],"to":[11.5,6,3.51],"rotation":{"angle":0,"axis":"y","origin":[8,4,3.5]},"faces":{"north":{"uv":[13.5,6.5,15.5,10],"rotation":270,"texture":"#particle"},"south":{"uv":[13.5,10,15.5,6.5],"rotation":270,"texture":"#particle"}}},{"from":[3.5,1,3],"to":[12.5,2,4],"rotation":{"angle":0,"axis":"y","origin":[13.5,9,11]},"faces":{"north":{"uv":[0.5,5,5,5.5],"texture":"#particle"},"east":{"uv":[5,5,5.5,5.5],"texture":"#particle"},"south":{"uv":[5.5,5,10,5.5],"texture":"#particle"},"west":{"uv":[5,5,5.5,5.5],"texture":"#particle"},"up":{"uv":[5,5,0.5,4.5],"texture":"#particle"},"down":{"uv":[5,6,0.5,5.5],"texture":"#particle"}}},{"from":[6.5,0,1],"to":[9.5,3,4],"rotation":{"angle":0,"axis":"y","origin":[13.5,8,11]},"faces":{"north":{"uv":[5.5,11.5,7,13],"texture":"#particle"},"east":{"uv":[8.5,11.5,7,13],"texture":"#particle"},"south":{"uv":[8.5,11.5,10,13],"texture":"#particle"},"west":{"uv":[7,11.5,8.5,13],"texture":"#particle"},"up":{"uv":[9,15.5,7.5,14],"texture":"#particle"},"down":{"uv":[11.5,15.5,10,14],"texture":"#particle"}}},{"from":[6.53125,-2,1],"to":[9.46875,0,3],"rotation":{"angle":-22.5,"axis":"x","origin":[8,0,1]},"faces":{"north":{"uv":[3,14.5,4.5,15.5],"texture":"#particle"},"east":{"uv":[5.5,14.5,4.5,15.5],"texture":"#particle"},"south":{"uv":[5.5,14.5,7,15.5],"texture":"#particle"},"west":{"uv":[4.5,14.5,5.5,15.5],"texture":"#particle"},"down":{"uv":[15.5,12,14,11],"texture":"#particle"}}},{"from":[4.5,0.5,1.5],"to":[6.5,2.5,3.5],"rotation":{"angle":22.5,"axis":"z","origin":[6.5,2.5,2.5]},"faces":{"north":{"uv":[14.5,2.5,15.5,3.5],"texture":"#particle"},"south":{"uv":[15.5,1.5,14.5,0.5],"texture":"#particle"},"up":{"uv":[15.5,2.5,14.5,1.5],"texture":"#particle"},"down":{"uv":[15.5,4.5,14.5,3.5],"texture":"#particle"}}},{"from":[9.5,0.5,1.5],"to":[11.5,2.5,3.5],"rotation":{"angle":-22.5,"axis":"z","origin":[9.5,2.5,2.5]},"faces":{"north":{"uv":[15.5,2.5,14.5,3.5],"texture":"#particle"},"south":{"uv":[14.5,1.5,15.5,0.5],"texture":"#particle"},"up":{"uv":[14.5,2.5,15.5,1.5],"texture":"#particle"},"down":{"uv":[14.5,4.5,15.5,3.5],"texture":"#particle"}}},{"from":[1.5,0,0.96875],"to":[4.5,3,3.96875],"rotation":{"angle":22.5,"axis":"z","origin":[6.5,2.5,2.46875]},"faces":{"north":{"uv":[7,9,8.5,10.5],"texture":"#particle"},"east":{"uv":[5.5,9,7,10.5],"texture":"#particle"},"south":{"uv":[10,9,11.5,10.5],"texture":"#particle"},"west":{"uv":[8.5,9,10,10.5],"texture":"#particle"},"up":{"uv":[12.5,13,11,11.5],"texture":"#particle"},"down":{"uv":[14,15.5,12.5,14],"texture":"#particle"}}},{"from":[11.5,0,0.96875],"to":[14.5,3,3.96875],"rotation":{"angle":-22.5,"axis":"z","origin":[9.5,2.5,2.46875]},"faces":{"north":{"uv":[8.5,9,7,10.5],"texture":"#particle"},"east":{"uv":[10,9,8.5,10.5],"texture":"#particle"},"south":{"uv":[11.5,9,10,10.5],"texture":"#particle"},"west":{"uv":[7,9,5.5,10.5],"texture":"#particle"},"up":{"uv":[11,13,12.5,11.5],"texture":"#particle"},"down":{"uv":[12.5,15.5,14,14],"texture":"#particle"}}},{"from":[3.5,2,3],"to":[4.5,6,4],"rotation":{"angle":0,"axis":"y","origin":[5.5,10,11]},"faces":{"north":{"uv":[12,3.5,12.5,5.5],"texture":"#particle"},"east":{"uv":[11.5,3.5,12,5.5],"texture":"#particle"},"south":{"uv":[13,3.5,13.5,5.5],"texture":"#particle"},"west":{"uv":[12.5,3.5,13,5.5],"texture":"#particle"}}},{"from":[11.5,2,3],"to":[12.5,6,4],"rotation":{"angle":0,"axis":"y","origin":[10.5,10,11]},"faces":{"north":{"uv":[12.5,3.5,12,5.5],"texture":"#particle"},"east":{"uv":[13,3.5,12.5,5.5],"texture":"#particle"},"south":{"uv":[13.5,3.5,13,5.5],"texture":"#particle"},"west":{"uv":[12,3.5,11.5,5.5],"texture":"#particle"}}},{"from":[3,3,4],"to":[4,4,13],"rotation":{"angle":0,"axis":"y","origin":[5.5,10,11]},"faces":{"north":{"uv":[5.5,3,6,3.5],"texture":"#particle"},"east":{"uv":[1,3,5.5,3.5],"texture":"#particle"},"south":{"uv":[0.5,3,1,3.5],"texture":"#particle"},"west":{"uv":[6,3,10.5,3.5],"texture":"#particle"},"up":{"uv":[6,2.5,10.5,3],"rotation":90,"texture":"#particle"},"down":{"uv":[6,3.5,10.5,4],"rotation":270,"texture":"#particle"}}},{"from":[12,3,4],"to":[13,4,13],"rotation":{"angle":0,"axis":"y","origin":[10.5,10,11]},"faces":{"north":{"uv":[6,3,5.5,3.5],"texture":"#particle"},"east":{"uv":[10.5,3,6,3.5],"texture":"#particle"},"south":{"uv":[1,3,0.5,3.5],"texture":"#particle"},"west":{"uv":[5.5,3,1,3.5],"texture":"#particle"},"up":{"uv":[6,3,10.5,2.5],"rotation":90,"texture":"#particle"},"down":{"uv":[6,4,10.5,3.5],"rotation":270,"texture":"#particle"}}},{"from":[7.5,8,3],"to":[8.5,9,13],"rotation":{"angle":0,"axis":"y","origin":[5.5,10,11]},"faces":{"north":{"uv":[5.5,7,6,7.5],"texture":"#particle"},"east":{"uv":[0.5,7,5.5,7.5],"texture":"#particle"},"south":{"uv":[11,7,11.5,7.5],"texture":"#particle"},"west":{"uv":[6,7,11,7.5],"texture":"#particle"},"up":{"uv":[6,6.5,11,7],"rotation":90,"texture":"#particle"},"down":{"uv":[6,7.5,11,8],"rotation":270,"texture":"#particle"}}},{"from":[7.5,4,12],"to":[8.5,8,13],"rotation":{"angle":0,"axis":"y","origin":[5.5,10,11]},"faces":{"north":{"uv":[12,0.5,12.5,2.5],"texture":"#particle"},"east":{"uv":[11.5,0.5,12,2.5],"texture":"#particle"},"south":{"uv":[13,0.5,13.5,2.5],"texture":"#particle"},"west":{"uv":[12.5,0.5,13,2.5],"texture":"#particle"}}},{"from":[4,3,12],"to":[12,4,13],"rotation":{"angle":0,"axis":"y","origin":[5.5,10,11]},"faces":{"north":{"uv":[0.5,9.5,4.5,10],"texture":"#particle"},"south":{"uv":[4.5,9,0.5,8.5],"texture":"#particle"},"up":{"uv":[4.5,9.5,0.5,9],"texture":"#particle"},"down":{"uv":[4.5,10.5,0.5,10],"texture":"#particle"}}}],"display":{"thirdperson_righthand":{"rotation":[84.25,38.25,0],"translation":[1.25,0.5,1],"scale":[0.55,0.55,0.55]},"firstperson_righthand":{"rotation":[0,119,0],"translation":[1.5,4.5,0.5],"scale":[0.4,0.4,0.4]},"ground":{"translation":[0,6.5,0]},"gui":{"rotation":[30,225,0],"translation":[-1,4,0],"scale":[0.8,0.8,0.8]},"head":{"translation":[0,6.45,0],"scale":[1.61,1.61,1.61]},"fixed":{"rotation":[-63.25,0,0],"translation":[0,6.75,-13],"scale":[2,2,2]}},"gui_light":"front"}