{"textures":{"particle":"cosmetics:hats/gfx_ghost_hat"},"elements":[{"from":[3,5,3],"to":[13,10,13],"rotation":{"angle":0,"axis":"y","origin":[12,13,11]},"faces":{"north":{"uv":[6.5,10,11.5,12.5],"texture":"#particle"},"east":{"uv":[0.5,5.5,5.5,8],"texture":"#particle"},"south":{"uv":[0.5,5.5,5.5,8],"texture":"#particle"},"west":{"uv":[0.5,5.5,5.5,8],"texture":"#particle"},"up":{"uv":[5.5,5.5,0.5,0.5],"texture":"#particle"},"down":{"uv":[5.5,13,0.5,8],"texture":"#particle"}}},{"from":[4,10,4],"to":[12,11,12],"rotation":{"angle":0,"axis":"y","origin":[12,18,11]},"faces":{"north":{"uv":[6.5,4.5,10.5,5],"texture":"#particle"},"east":{"uv":[6.5,4.5,10.5,5],"texture":"#particle"},"south":{"uv":[6.5,4.5,10.5,5],"texture":"#particle"},"west":{"uv":[6.5,4.5,10.5,5],"texture":"#particle"},"up":{"uv":[10.5,4.5,6.5,0.5],"texture":"#particle"}}},{"from":[4,11,6],"to":[10,13,10],"rotation":{"angle":0,"axis":"y","origin":[10,17,11]},"faces":{"north":{"uv":[8.5,8,11.5,9],"texture":"#particle"},"east":{"uv":[6.5,8,8.5,9],"texture":"#particle"},"south":{"uv":[11.5,8,8.5,9],"texture":"#particle"},"west":{"uv":[11.5,8,13.5,9],"texture":"#particle"},"up":{"uv":[11.5,8,8.5,6],"texture":"#particle"}}},{"from":[3,11,7],"to":[6,16,9],"rotation":{"angle":0,"axis":"y","origin":[12,21,11]},"faces":{"north":{"uv":[12.5,1.5,14,4],"texture":"#particle"},"east":{"uv":[11.5,1.5,12.5,4],"texture":"#particle"},"south":{"uv":[14,1.5,12.5,4],"texture":"#particle"},"west":{"uv":[14,1.5,15,4],"texture":"#particle"},"up":{"uv":[14,1.5,12.5,0.5],"texture":"#particle"},"down":{"uv":[14,5,12.5,4],"texture":"#particle"}}}],"display":{"thirdperson_righthand":{"rotation":[75,45,0],"translation":[0,2.5,-0.25],"scale":[0.55,0.55,0.55]},"firstperson_righthand":{"rotation":[0,135,0],"translation":[0.5,2.5,0.5],"scale":[0.4,0.4,0.4]},"ground":{"translation":[0,1,0]},"gui":{"rotation":[30,225,0],"translation":[0,-1,0],"scale":[0.8,0.8,0.8]},"head":{"translation":[0,6.4,0],"scale":[1.6,1.6,1.6]},"fixed":{"rotation":[-90,0,0],"translation":[0,0,-6],"scale":[2,2,2]}},"gui_light":"front"}