{"credit":"Created By Yassou","texture_size":[32,32],"textures":{"2":"cosmetics:hats/ghost_hat","particle":"#2"},"elements":[{"from":[3,0,3],"to":[13,12,13],"rotation":{"angle":0,"axis":"y","origin":[3,0,3]},"faces":{"north":{"uv":[0,0,5,6],"texture":"#2"},"east":{"uv":[5,0,10,6],"texture":"#2"},"south":{"uv":[0,6,5,12],"texture":"#2"},"west":{"uv":[5,6,10,12],"texture":"#2"},"up":{"uv":[15,5,10,0],"texture":"#2"},"down":{"uv":[16,12.5,13.5,16],"texture":"#2"}}},{"name":"cube_outline","from":[7,9,4],"to":[5,7,3],"rotation":{"angle":0,"axis":"y","origin":[3,0,3]},"faces":{"north":{"uv":[10,10,11,11],"texture":"#2"},"east":{"uv":[11,10,11.5,11],"texture":"#2"},"south":{"uv":[10,11,11,12],"texture":"#2"},"west":{"uv":[11,11,11.5,12],"texture":"#2"},"up":{"uv":[12.5,10.5,11.5,10],"texture":"#2"},"down":{"uv":[12.5,10.5,11.5,11],"texture":"#2"}}},{"from":[5.7,7,3.9],"to":[6.7,8,3.9],"faces":{"north":{"uv":[0,12.5,0.5,13],"texture":"#2"},"east":{"uv":[0,0,0,0.5],"texture":"#2"},"south":{"uv":[0,0,0.5,0.5],"texture":"#2"},"west":{"uv":[0,0,0,0.5],"texture":"#2"},"up":{"uv":[0,0,0.5,0],"texture":"#2"},"down":{"uv":[0,0,0.5,0],"texture":"#2"}}},{"from":[9.3,7,3.9],"to":[10.3,8,3.9],"rotation":{"angle":0,"axis":"y","origin":[16,0,0]},"faces":{"north":{"uv":[0,12.5,0.5,13],"texture":"#2"},"east":{"uv":[0,0,0,0.5],"texture":"#2"},"south":{"uv":[0.5,0,0,0.5],"texture":"#2"},"west":{"uv":[0,0,0,0.5],"texture":"#2"},"up":{"uv":[0.5,0,0,0],"texture":"#2"},"down":{"uv":[0.5,0,0,0],"texture":"#2"}}},{"name":"cube_outline","from":[11,9,4],"to":[9,7,3],"rotation":{"angle":0,"axis":"y","origin":[13,0,3]},"faces":{"north":{"uv":[11,10,10,11],"texture":"#2"},"east":{"uv":[11.5,11,11,12],"texture":"#2"},"south":{"uv":[11,11,10,12],"texture":"#2"},"west":{"uv":[11.5,10,11,11],"texture":"#2"},"up":{"uv":[11.5,10.5,12.5,10],"texture":"#2"},"down":{"uv":[11.5,10.5,12.5,11],"texture":"#2"}}},{"name":"cube_outline","from":[13,12,13],"to":[3,0,3],"rotation":{"angle":0,"axis":"y","origin":[3,0,3]},"faces":{"north":{"uv":[0,6,5,12],"rotation":180,"texture":"#2"},"east":{"uv":[5,6,10,12],"rotation":180,"texture":"#2"},"south":{"uv":[0,0,5,6],"rotation":180,"texture":"#2"},"west":{"uv":[5,0,10,6],"rotation":180,"texture":"#2"},"up":{"uv":[16,12.5,13.5,16],"rotation":180,"texture":"#2"},"down":{"uv":[15,5,10,0],"rotation":180,"texture":"#2"}}}],"display":{"thirdperson_righthand":{"rotation":[72.84,5.21,4.83],"translation":[-0.25,2.5,1.5],"scale":[0.51758,0.51758,0.51758]},"thirdperson_lefthand":{"rotation":[72.84,5.21,4.83],"translation":[-0.25,2.5,1.5],"scale":[0.51758,0.51758,0.51758]},"firstperson_righthand":{"rotation":[180,67.75,180],"translation":[1.25,3.75,0.75],"scale":[0.4,0.4,0.4]},"firstperson_lefthand":{"rotation":[180,67.75,180],"translation":[1.25,3.75,0.75],"scale":[0.4,0.4,0.4]},"ground":{"translation":[0,5.75,0],"scale":[0.81641,0.81641,0.81641]},"gui":{"rotation":[30,225,0],"translation":[0,1,0],"scale":[0.83398,0.83398,0.83398]},"head":{"translation":[0,1.25,-0.75],"scale":[1.61718,1.61718,1.61718]},"fixed":{"rotation":[-90,180,0],"translation":[0,0,-16],"scale":[2,2,2]}},"gui_light":"front"}