{"credit":"Made with Blockbench","texture_size":[64,64],"textures":{"0":"cosmetics:hats/halloween_pumpkin_hat_texture","particle":"cosmetics:hats/halloween_pumpkin_hat_texture"},"elements":[{"from":[9,7.57859,2.84672],"to":[12,10.57859,4.84672],"rotation":{"angle":22.5,"axis":"z","origin":[10.5,9.07859,3.34672]},"faces":{"north":{"uv":[5,4,5.75,4.75],"texture":"#0"},"east":{"uv":[7.75,9.5,8.25,10.25],"texture":"#0"},"south":{"uv":[5.75,4,6.5,4.75],"texture":"#0"},"west":{"uv":[8.25,9.5,8.75,10.25],"texture":"#0"},"up":{"uv":[10.25,9.5,9.5,9],"texture":"#0"},"down":{"uv":[10.25,9.5,9.5,10],"texture":"#0"}}},{"from":[4,7.57859,2.84672],"to":[7,10.57859,4.84672],"rotation":{"angle":-22.5,"axis":"z","origin":[5.5,9.07859,3.34672]},"faces":{"north":{"uv":[9,5.5,9.75,6.25],"texture":"#0"},"east":{"uv":[0.5,9.75,1,10.5],"texture":"#0"},"south":{"uv":[6.25,9,7,9.75],"texture":"#0"},"west":{"uv":[1,9.75,1.5,10.5],"texture":"#0"},"up":{"uv":[2.25,10.25,1.5,9.75],"texture":"#0"},"down":{"uv":[4.25,9.75,3.5,10.25],"texture":"#0"}}},{"from":[3,8.66131,7.31073],"to":[7,8.66131,9.31073],"rotation":{"angle":22.5,"axis":"x","origin":[0,8.41131,14.31073]},"faces":{"north":{"uv":[0,0,1,0],"texture":"#0"},"east":{"uv":[0,0,0.5,0],"texture":"#0"},"south":{"uv":[0,0,1,0],"texture":"#0"},"west":{"uv":[0,0,0.5,0],"texture":"#0"},"up":{"uv":[8,9.5,7,9],"texture":"#0"},"down":{"uv":[9,9,8,9.5],"texture":"#0"}}},{"from":[1.40054,9.04399,7.78738],"to":[3.40054,9.04399,9.78738],"rotation":{"angle":22.5,"axis":"z","origin":[-0.59946,8.79399,14.78738]},"faces":{"north":{"uv":[0,0,0.5,0],"texture":"#0"},"east":{"uv":[0,0,0.5,0],"texture":"#0"},"south":{"uv":[0,0,0.5,0],"texture":"#0"},"west":{"uv":[0,0,0.5,0],"texture":"#0"},"up":{"uv":[9.25,10.5,8.75,10],"texture":"#0"},"down":{"uv":[9.75,10,9.25,10.5],"texture":"#0"}}},{"from":[1.15224,1.42729,4.32291],"to":[1.15224,5.42729,6.32291],"rotation":{"angle":45,"axis":"x","origin":[1.40224,3.42729,11.32291]},"faces":{"north":{"uv":[0,0,0,1],"texture":"#0"},"east":{"uv":[9,9,9.5,10],"texture":"#0"},"south":{"uv":[0,0,0,1],"texture":"#0"},"west":{"uv":[0,9.25,0.5,10.25],"texture":"#0"},"up":{"uv":[0,0.5,0,0],"texture":"#0"},"down":{"uv":[0,0,0,0.5],"texture":"#0"}}},{"from":[3.01673,10.07372,11.68922],"to":[5.01673,10.07372,14.68922],"rotation":{"angle":-22.5,"axis":"y","origin":[8.01673,9.57372,18.68922]},"faces":{"north":{"uv":[0,0,0.5,0],"texture":"#0"},"east":{"uv":[0,0,0.75,0],"texture":"#0"},"south":{"uv":[0,0,0.5,0],"texture":"#0"},"west":{"uv":[0,0,0.75,0],"texture":"#0"},"up":{"uv":[10.25,6.25,9.75,5.5],"texture":"#0"},"down":{"uv":[6.75,9.75,6.25,10.5],"texture":"#0"}}},{"from":[4.77583,10.07402,13.84494],"to":[6.77583,10.07402,15.84494],"rotation":{"angle":45,"axis":"x","origin":[5.77583,10.07402,13.84494]},"faces":{"north":{"uv":[0,0,0.5,0],"texture":"#0"},"east":{"uv":[0,0,0.5,0],"texture":"#0"},"south":{"uv":[0,0,0.5,0],"texture":"#0"},"west":{"uv":[0,0,0.5,0],"texture":"#0"},"up":{"uv":[10.25,10.5,9.75,10],"texture":"#0"},"down":{"uv":[0.5,10.25,0,10.75],"texture":"#0"}}},{"from":[4.85195,5.27783,15.25886],"to":[6.85195,8.27783,15.25886],"rotation":{"angle":22.5,"axis":"z","origin":[5.85195,8.27783,15.25886]},"faces":{"north":{"uv":[9.75,8.25,10.25,9],"texture":"#0"},"east":{"uv":[0,0,0,0.75],"texture":"#0"},"south":{"uv":[10,2.5,10.5,3.25],"texture":"#0"},"west":{"uv":[0,0,0,0.75],"texture":"#0"},"up":{"uv":[0.5,0,0,0],"texture":"#0"},"down":{"uv":[0.5,0,0,0],"texture":"#0"}}},{"from":[9,7.91131,9.31073],"to":[13,7.91131,11.31073],"rotation":{"angle":22.5,"axis":"x","origin":[16,7.66131,16.31073]},"faces":{"north":{"uv":[0,0,1,0],"texture":"#0"},"east":{"uv":[0,0,0.5,0],"texture":"#0"},"south":{"uv":[0,0,1,0],"texture":"#0"},"west":{"uv":[0,0,0.5,0],"texture":"#0"},"up":{"uv":[1.5,9.75,0.5,9.25],"texture":"#0"},"down":{"uv":[2.5,9.25,1.5,9.75],"texture":"#0"}}},{"from":[12.59946,8.29399,9.78738],"to":[14.59946,8.29399,11.78738],"rotation":{"angle":-22.5,"axis":"z","origin":[16.59946,8.04399,16.78738]},"faces":{"north":{"uv":[0,0,0.5,0],"texture":"#0"},"east":{"uv":[0,0,0.5,0],"texture":"#0"},"south":{"uv":[0,0,0.5,0],"texture":"#0"},"west":{"uv":[0,0,0.5,0],"texture":"#0"},"up":{"uv":[2,10.75,1.5,10.25],"texture":"#0"},"down":{"uv":[2.5,10.25,2,10.75],"texture":"#0"}}},{"from":[14.84776,0.67729,6.32291],"to":[14.84776,4.67729,8.32291],"rotation":{"angle":45,"axis":"x","origin":[14.59776,2.67729,13.32291]},"faces":{"north":{"uv":[0,0,0,1],"texture":"#0"},"east":{"uv":[2.5,9.25,3,10.25],"texture":"#0"},"south":{"uv":[0,0,0,1],"texture":"#0"},"west":{"uv":[3,9.25,3.5,10.25],"texture":"#0"},"up":{"uv":[0,0.5,0,0],"texture":"#0"},"down":{"uv":[0,0,0,0.5],"texture":"#0"}}},{"from":[7,7.91131,8.31073],"to":[9,9.91131,10.31073],"rotation":{"angle":22.5,"axis":"x","origin":[2,7.91131,15.31073]},"faces":{"north":{"uv":[2.5,10.25,3,10.75],"texture":"#0"},"east":{"uv":[3,10.25,3.5,10.75],"texture":"#0"},"south":{"uv":[3.5,10.25,4,10.75],"texture":"#0"},"west":{"uv":[4,10.25,4.5,10.75],"texture":"#0"},"up":{"uv":[10.75,6,10.25,5.5],"texture":"#0"},"down":{"uv":[8.25,10.25,7.75,10.75],"texture":"#0"}}},{"from":[7,10.89665,9.9155],"to":[9,12.89665,13.9155],"rotation":{"angle":-22.5,"axis":"x","origin":[8,11.89665,10.9155]},"faces":{"north":{"uv":[8.25,10.25,8.75,10.75],"texture":"#0"},"east":{"uv":[3.5,9.25,4.5,9.75],"texture":"#0"},"south":{"uv":[10.25,8.25,10.75,8.75],"texture":"#0"},"west":{"uv":[9.5,2,10.5,2.5],"texture":"#0"},"up":{"uv":[10,3.5,9.5,2.5],"texture":"#0"},"down":{"uv":[5,9.5,4.5,10.5],"texture":"#0"}}},{"from":[13,-1.40153,3.35611],"to":[13,0.59847,9.85611],"rotation":{"angle":22.5,"axis":"x","origin":[13,4.59847,12.85611]},"faces":{"north":{"uv":[0,0,0,0.5],"texture":"#0"},"east":{"uv":[9,4,10.75,4.5],"texture":"#0"},"south":{"uv":[0,0,0,0.5],"texture":"#0"},"west":{"uv":[4.5,9,6.25,9.5],"texture":"#0"},"up":{"uv":[0,1.75,0,0],"texture":"#0"},"down":{"uv":[0,0,0,1.75],"texture":"#0"}}},{"from":[3,2.53845,2.54852],"to":[13,4.53845,2.54852],"rotation":{"angle":0,"axis":"y","origin":[8,4.53845,2.54852]},"faces":{"north":{"uv":[7,3.5,9.5,4],"texture":"#0"},"east":{"uv":[0,0,0,0.5],"texture":"#0"},"south":{"uv":[7,7.5,9.5,8],"texture":"#0"},"west":{"uv":[0,0,0,0.5],"texture":"#0"},"up":{"uv":[2.5,0,0,0],"texture":"#0"},"down":{"uv":[2.5,0,0,0],"texture":"#0"}}},{"from":[3,0.59847,3.35611],"to":[13,2.59847,3.35611],"rotation":{"angle":22.5,"axis":"x","origin":[3,4.59847,12.85611]},"faces":{"north":{"uv":[7,8,9.5,8.5],"texture":"#0"},"east":{"uv":[0,0,0,0.5],"texture":"#0"},"south":{"uv":[0,8.25,2.5,8.75],"texture":"#0"},"west":{"uv":[0,0,0,0.5],"texture":"#0"},"up":{"uv":[2.5,0,0,0],"texture":"#0"},"down":{"uv":[2.5,0,0,0],"texture":"#0"}}},{"from":[3,1.88686,2.93121],"to":[13,3.88686,2.93121],"rotation":{"angle":0,"axis":"y","origin":[8,1.88686,2.93121]},"faces":{"north":{"uv":[2.5,8.25,5,8.75],"texture":"#0"},"east":{"uv":[0,0,0,0.5],"texture":"#0"},"south":{"uv":[5,8.5,7.5,9],"texture":"#0"},"west":{"uv":[0,0,0,0.5],"texture":"#0"},"up":{"uv":[2.5,0,0,0],"texture":"#0"},"down":{"uv":[2.5,0,0,0],"texture":"#0"}}},{"from":[3,0,4.5],"to":[13,2,4.5],"rotation":{"angle":-22.5,"axis":"x","origin":[3,-2,4]},"faces":{"north":{"uv":[8.5,6.5,11,7],"texture":"#0"},"east":{"uv":[0,0,0,0.5],"texture":"#0"},"south":{"uv":[8.5,7,11,7.5],"texture":"#0"},"west":{"uv":[0,0,0,0.5],"texture":"#0"},"up":{"uv":[2.5,0,0,0],"texture":"#0"},"down":{"uv":[2.5,0,0,0],"texture":"#0"}}},{"from":[3,0.59847,3.35611],"to":[3,2.59847,11.85611],"rotation":{"angle":22.5,"axis":"x","origin":[3,4.59847,12.85611]},"faces":{"north":{"uv":[0,0,0,0.5],"texture":"#0"},"east":{"uv":[7.5,8.5,9.75,9],"texture":"#0"},"south":{"uv":[0,0,0,0.5],"texture":"#0"},"west":{"uv":[0,8.75,2.25,9.25],"texture":"#0"},"up":{"uv":[0,2.25,0,0],"texture":"#0"},"down":{"uv":[0,0,0,2.25],"texture":"#0"}}},{"from":[3,-1.40153,3.35611],"to":[3,0.59847,9.85611],"rotation":{"angle":22.5,"axis":"x","origin":[3,4.59847,12.85611]},"faces":{"north":{"uv":[0,0,0,0.5],"texture":"#0"},"east":{"uv":[9,4.5,10.75,5],"texture":"#0"},"south":{"uv":[0,0,0,0.5],"texture":"#0"},"west":{"uv":[9,5,10.75,5.5],"texture":"#0"},"up":{"uv":[0,1.75,0,0],"texture":"#0"},"down":{"uv":[0,0,0,1.75],"texture":"#0"}}},{"from":[13,0.59847,3.35611],"to":[13,2.59847,11.85611],"rotation":{"angle":22.5,"axis":"x","origin":[13,4.59847,12.85611]},"faces":{"north":{"uv":[0,0,0,0.5],"texture":"#0"},"east":{"uv":[2.25,8.75,4.5,9.25],"texture":"#0"},"south":{"uv":[0,0,0,0.5],"texture":"#0"},"west":{"uv":[9,0,11.25,0.5],"texture":"#0"},"up":{"uv":[0,2.25,0,0],"texture":"#0"},"down":{"uv":[0,0,0,2.25],"texture":"#0"}}},{"from":[3,-3,4],"to":[13,0,14],"rotation":{"angle":-22.5,"axis":"x","origin":[3,-2,4]},"faces":{"north":{"uv":[7,2,9.5,2.75],"texture":"#0"},"east":{"uv":[7,2.75,9.5,3.5],"texture":"#0"},"south":{"uv":[2,7.5,4.5,8.25],"texture":"#0"},"west":{"uv":[4.5,7.5,7,8.25],"texture":"#0"},"up":{"uv":[2.5,2.5,0,0],"texture":"#0"},"down":{"uv":[2.5,2.5,0,5],"texture":"#0"}}},{"from":[2,-2,5],"to":[3,0,13],"rotation":{"angle":-22.5,"axis":"x","origin":[3,-2,4]},"faces":{"north":{"uv":[8.75,9.5,9,10],"texture":"#0"},"east":{"uv":[2,7,4,7.5],"texture":"#0"},"south":{"uv":[2.25,9.75,2.5,10.25],"texture":"#0"},"west":{"uv":[9,0.5,11,1],"texture":"#0"},"up":{"uv":[5.25,11.5,5,9.5],"texture":"#0"},"down":{"uv":[5.5,9.5,5.25,11.5],"texture":"#0"}}},{"from":[2,3.1334,3.16687],"to":[3,7.1334,11.16687],"rotation":{"angle":22.5,"axis":"x","origin":[3,3.1334,11.16687]},"faces":{"north":{"uv":[6.75,9.75,7,10.75],"texture":"#0"},"east":{"uv":[6.5,6.5,8.5,7.5],"texture":"#0"},"south":{"uv":[10.25,8.75,10.5,9.75],"texture":"#0"},"west":{"uv":[0,7,2,8],"texture":"#0"},"up":{"uv":[5.75,11.5,5.5,9.5],"texture":"#0"},"down":{"uv":[6,9.5,5.75,11.5],"texture":"#0"}}},{"from":[13,3.1334,3.16687],"to":[14,7.1334,11.16687],"rotation":{"angle":22.5,"axis":"x","origin":[13,3.1334,11.16687]},"faces":{"north":{"uv":[10.25,9.75,10.5,10.75],"texture":"#0"},"east":{"uv":[7,0,9,1],"texture":"#0"},"south":{"uv":[0.5,10.5,0.75,11.5],"texture":"#0"},"west":{"uv":[7,1,9,2],"texture":"#0"},"up":{"uv":[6.25,11.5,6,9.5],"texture":"#0"},"down":{"uv":[7.25,9.5,7,11.5],"texture":"#0"}}},{"from":[13,-2,5],"to":[14,0,13],"rotation":{"angle":-22.5,"axis":"x","origin":[13,-2,4]},"faces":{"north":{"uv":[4.25,9.75,4.5,10.25],"texture":"#0"},"east":{"uv":[9,1,11,1.5],"texture":"#0"},"south":{"uv":[0.75,10.5,1,11],"texture":"#0"},"west":{"uv":[9,1.5,11,2],"texture":"#0"},"up":{"uv":[7.5,11.5,7.25,9.5],"texture":"#0"},"down":{"uv":[7.75,9.5,7.5,11.5],"texture":"#0"}}},{"from":[3,2.59847,2.85611],"to":[13,7.59847,12.85611],"rotation":{"angle":22.5,"axis":"x","origin":[3,4.59847,12.85611]},"faces":{"north":{"uv":[4,5,6.5,6.25],"texture":"#0"},"east":{"uv":[4,6.25,6.5,7.5],"texture":"#0"},"south":{"uv":[6.5,4,9,5.25],"texture":"#0"},"west":{"uv":[6.5,5.25,9,6.5],"texture":"#0"},"up":{"uv":[5,2.5,2.5,0],"texture":"#0"},"down":{"uv":[5,2.5,2.5,5],"texture":"#0"}}},{"from":[4,-4,5],"to":[12,-3,13],"rotation":{"angle":-22.5,"axis":"x","origin":[3,-2,4]},"faces":{"north":{"uv":[0,8,2,8.25],"texture":"#0"},"east":{"uv":[5,8.25,7,8.5],"texture":"#0"},"south":{"uv":[9,6.25,11,6.5],"texture":"#0"},"west":{"uv":[9.5,3.5,11.5,3.75],"texture":"#0"},"up":{"uv":[2,7,0,5],"texture":"#0"},"down":{"uv":[7,0,5,2],"texture":"#0"}}},{"from":[4,6.91131,5.31073],"to":[12,7.91131,13.31073],"rotation":{"angle":22.5,"axis":"x","origin":[2,7.91131,15.31073]},"faces":{"north":{"uv":[9.5,3.75,11.5,4],"texture":"#0"},"east":{"uv":[9.5,7.5,11.5,7.75],"texture":"#0"},"south":{"uv":[9.5,7.75,11.5,8],"texture":"#0"},"west":{"uv":[9.5,8,11.5,8.25],"texture":"#0"},"up":{"uv":[4,7,2,5],"texture":"#0"},"down":{"uv":[7,2,5,4],"texture":"#0"}}}],"gui_light":"front","display":{"thirdperson_righthand":{"translation":[0,2.5,-3.25]},"thirdperson_lefthand":{"translation":[0,2.5,-3.25]},"firstperson_righthand":{"translation":[2.5,3,0]},"firstperson_lefthand":{"translation":[2.5,3,0]},"ground":{"translation":[0,3,0],"scale":[0.5,0.5,0.5]},"gui":{"rotation":[12,149,0],"translation":[0,2,0],"scale":[0.8,0.8,0.8]},"head":{"translation":[0,6,-0.5],"scale":[1.62,1.62,1.62]},"fixed":{"translation":[0,4.75,-12.25],"scale":[2,2,2]}}}