{"credit":"Made with Blockbench","texture_size":[64,64],"textures":{"0":"cosmetics:hats/halloween_cowboy_hat_texture","particle":"cosmetics:hats/halloween_cowboy_hat_texture"},"elements":[{"from":[9.53492,6.31075,2],"to":[12.53492,8.31075,4],"rotation":{"angle":22.5,"axis":"z","origin":[10.53492,7.31075,2.5]},"faces":{"north":{"uv":[9.75,7,10.5,7.5],"texture":"#0"},"east":{"uv":[6.75,10.75,7.25,11.25],"texture":"#0"},"south":{"uv":[10,8,10.75,8.5],"texture":"#0"},"west":{"uv":[7.25,10.75,7.75,11.25],"texture":"#0"},"up":{"uv":[10.75,9,10,8.5],"texture":"#0"},"down":{"uv":[9.5,10,8.75,10.5],"texture":"#0"}}},{"from":[3.46508,6.31075,2],"to":[6.46508,8.31075,4],"rotation":{"angle":-22.5,"axis":"z","origin":[5.46508,7.31075,2.5]},"faces":{"north":{"uv":[9.5,10.25,10.25,10.75],"texture":"#0"},"east":{"uv":[7.75,10.75,8.25,11.25],"texture":"#0"},"south":{"uv":[10.25,10.25,11,10.75],"texture":"#0"},"west":{"uv":[10.75,8,11.25,8.5],"texture":"#0"},"up":{"uv":[1.5,11,0.75,10.5],"texture":"#0"},"down":{"uv":[11.25,4,10.5,4.5],"texture":"#0"}}},{"from":[11.57528,0.4197,3.5],"to":[13.57528,3.4197,3.5],"rotation":{"angle":22.5,"axis":"z","origin":[13.57528,3.4197,8]},"faces":{"north":{"uv":[1.5,10.5,2,11.25],"texture":"#0"},"east":{"uv":[0,0,0,0.75],"texture":"#0"},"south":{"uv":[10.5,4.5,11,5.25],"texture":"#0"},"west":{"uv":[0,0,0,0.75],"texture":"#0"},"up":{"uv":[0.5,0,0,0],"texture":"#0"},"down":{"uv":[0.5,0,0,0],"texture":"#0"}}},{"from":[11.57528,0.4197,12.5],"to":[13.57528,3.4197,12.5],"rotation":{"angle":22.5,"axis":"z","origin":[13.57528,3.4197,8]},"faces":{"north":{"uv":[10.5,5.25,11,6],"texture":"#0"},"east":{"uv":[0,0,0,0.75],"texture":"#0"},"south":{"uv":[10.5,6,11,6.75],"texture":"#0"},"west":{"uv":[0,0,0,0.75],"texture":"#0"},"up":{"uv":[0.5,0,0,0],"texture":"#0"},"down":{"uv":[0.5,0,0,0],"texture":"#0"}}},{"from":[2.42472,0.4197,3.5],"to":[4.42472,3.4197,3.5],"rotation":{"angle":-22.5,"axis":"z","origin":[2.42472,3.4197,8]},"faces":{"north":{"uv":[10.5,6.75,11,7.5],"texture":"#0"},"east":{"uv":[0,0,0,0.75],"texture":"#0"},"south":{"uv":[8.75,10.5,9.25,11.25],"texture":"#0"},"west":{"uv":[0,0,0,0.75],"texture":"#0"},"up":{"uv":[0.5,0,0,0],"texture":"#0"},"down":{"uv":[0.5,0,0,0],"texture":"#0"}}},{"from":[2.42472,0.4197,3.5],"to":[2.42472,3.4197,6.5],"rotation":{"angle":0,"axis":"y","origin":[2.42472,3.4197,8]},"faces":{"north":{"uv":[0,0,0,0.75],"texture":"#0"},"east":{"uv":[0.75,9.75,1.5,10.5],"texture":"#0"},"south":{"uv":[0,0,0,0.75],"texture":"#0"},"west":{"uv":[9.75,4,10.5,4.75],"texture":"#0"},"up":{"uv":[0,0.75,0,0],"texture":"#0"},"down":{"uv":[0,0,0,0.75],"texture":"#0"}}},{"from":[2.42472,0.4197,12.5],"to":[4.42472,3.4197,12.5],"rotation":{"angle":-22.5,"axis":"z","origin":[2.42472,3.4197,8]},"faces":{"north":{"uv":[10.5,9.5,11,10.25],"texture":"#0"},"east":{"uv":[0,0,0,0.75],"texture":"#0"},"south":{"uv":[10.75,0.5,11.25,1.25],"texture":"#0"},"west":{"uv":[0,0,0,0.75],"texture":"#0"},"up":{"uv":[0.5,0,0,0],"texture":"#0"},"down":{"uv":[0.5,0,0,0],"texture":"#0"}}},{"from":[2.42472,0.4197,6.5],"to":[2.42472,3.4197,9.5],"rotation":{"angle":-22.5,"axis":"z","origin":[2.42472,3.4197,11]},"faces":{"north":{"uv":[0,0,0,0.75],"texture":"#0"},"east":{"uv":[9.75,4.75,10.5,5.5],"texture":"#0"},"south":{"uv":[0,0,0,0.75],"texture":"#0"},"west":{"uv":[9.75,5.5,10.5,6.25],"texture":"#0"},"up":{"uv":[0,0.75,0,0],"texture":"#0"},"down":{"uv":[0,0,0,0.75],"texture":"#0"}}},{"from":[2.42472,0.4197,9.5],"to":[2.42472,3.4197,12.5],"rotation":{"angle":0,"axis":"y","origin":[2.42472,3.4197,8]},"faces":{"north":{"uv":[0,0,0,0.75],"texture":"#0"},"east":{"uv":[9.75,6.25,10.5,7],"texture":"#0"},"south":{"uv":[0,0,0,0.75],"texture":"#0"},"west":{"uv":[9.75,9.5,10.5,10.25],"texture":"#0"},"up":{"uv":[0,0.75,0,0],"texture":"#0"},"down":{"uv":[0,0,0,0.75],"texture":"#0"}}},{"from":[13.57528,0.4197,9.5],"to":[13.57528,3.4197,12.5],"rotation":{"angle":0,"axis":"y","origin":[13.57528,3.4197,8]},"faces":{"north":{"uv":[0,0,0,0.75],"texture":"#0"},"east":{"uv":[10,0.5,10.75,1.25],"texture":"#0"},"south":{"uv":[0,0,0,0.75],"texture":"#0"},"west":{"uv":[10,1.25,10.75,2],"texture":"#0"},"up":{"uv":[0,0.75,0,0],"texture":"#0"},"down":{"uv":[0,0,0,0.75],"texture":"#0"}}},{"from":[13.57528,0.4197,6.5],"to":[13.57528,3.4197,9.5],"rotation":{"angle":22.5,"axis":"z","origin":[13.57528,3.4197,11]},"faces":{"north":{"uv":[0,0,0,0.75],"texture":"#0"},"east":{"uv":[5.75,10,6.5,10.75],"texture":"#0"},"south":{"uv":[0,0,0,0.75],"texture":"#0"},"west":{"uv":[6.5,10,7.25,10.75],"texture":"#0"},"up":{"uv":[0,0.75,0,0],"texture":"#0"},"down":{"uv":[0,0,0,0.75],"texture":"#0"}}},{"from":[13.57528,0.4197,3.5],"to":[13.57528,3.4197,6.5],"rotation":{"angle":0,"axis":"y","origin":[13.57528,3.4197,8]},"faces":{"north":{"uv":[0,0,0,0.75],"texture":"#0"},"east":{"uv":[7.25,10,8,10.75],"texture":"#0"},"south":{"uv":[0,0,0,0.75],"texture":"#0"},"west":{"uv":[8,10,8.75,10.75],"texture":"#0"},"up":{"uv":[0,0.75,0,0],"texture":"#0"},"down":{"uv":[0,0,0,0.75],"texture":"#0"}}},{"from":[4.03366,3.99477,3],"to":[6.03366,4.99477,4],"rotation":{"angle":-22.5,"axis":"z","origin":[1.53366,6.49477,8]},"faces":{"north":{"uv":[3.5,7.5,4,7.75],"texture":"#0"},"east":{"uv":[3.25,9.25,3.5,9.5],"texture":"#0"},"south":{"uv":[4,7.5,4.5,7.75],"texture":"#0"},"west":{"uv":[9.5,10,9.75,10.25],"texture":"#0"},"up":{"uv":[5.5,8,5,7.75],"texture":"#0"},"down":{"uv":[6,7.75,5.5,8],"texture":"#0"}}},{"from":[3.03366,3.99477,3],"to":[4.03366,4.99477,13],"rotation":{"angle":-22.5,"axis":"z","origin":[1.53366,6.49477,8]},"faces":{"north":{"uv":[9.25,10.5,9.5,10.75],"texture":"#0"},"east":{"uv":[9.75,3,12.25,3.25],"texture":"#0"},"south":{"uv":[3,10.75,3.25,11],"texture":"#0"},"west":{"uv":[9.75,3.25,12.25,3.5],"texture":"#0"},"up":{"uv":[5,12,4.75,9.5],"texture":"#0"},"down":{"uv":[0.25,9.75,0,12.25],"texture":"#0"}}},{"from":[4.03366,3.99477,12],"to":[6.03366,4.99477,13],"rotation":{"angle":-22.5,"axis":"z","origin":[1.53366,6.49477,8]},"faces":{"north":{"uv":[9.25,10.75,9.75,11],"texture":"#0"},"east":{"uv":[1.25,11,1.5,11.25],"texture":"#0"},"south":{"uv":[9.75,10.75,10.25,11],"texture":"#0"},"west":{"uv":[4.5,11,4.75,11.25],"texture":"#0"},"up":{"uv":[10.75,11,10.25,10.75],"texture":"#0"},"down":{"uv":[11.25,10.75,10.75,11],"texture":"#0"}}},{"from":[9.96634,3.99477,12],"to":[11.96634,4.99477,13],"rotation":{"angle":22.5,"axis":"z","origin":[14.46634,6.49477,8]},"faces":{"north":{"uv":[0.75,11,1.25,11.25],"texture":"#0"},"east":{"uv":[11,5.5,11.25,5.75],"texture":"#0"},"south":{"uv":[3,11,3.5,11.25],"texture":"#0"},"west":{"uv":[11,5.75,11.25,6],"texture":"#0"},"up":{"uv":[4,11.25,3.5,11],"texture":"#0"},"down":{"uv":[4.5,11,4,11.25],"texture":"#0"}}},{"from":[11.96634,3.99477,3],"to":[12.96634,4.99477,13],"rotation":{"angle":22.5,"axis":"z","origin":[14.46634,6.49477,8]},"faces":{"north":{"uv":[11,6,11.25,6.25],"texture":"#0"},"east":{"uv":[9.75,3.5,12.25,3.75],"texture":"#0"},"south":{"uv":[11,6.25,11.25,6.5],"texture":"#0"},"west":{"uv":[9.75,3.75,12.25,4],"texture":"#0"},"up":{"uv":[0.5,12.25,0.25,9.75],"texture":"#0"},"down":{"uv":[0.75,9.75,0.5,12.25],"texture":"#0"}}},{"from":[9.96634,3.99477,3],"to":[11.96634,4.99477,4],"rotation":{"angle":22.5,"axis":"z","origin":[14.46634,6.49477,8]},"faces":{"north":{"uv":[11,4.5,11.5,4.75],"texture":"#0"},"east":{"uv":[11,6.5,11.25,6.75],"texture":"#0"},"south":{"uv":[11,4.75,11.5,5],"texture":"#0"},"west":{"uv":[11,6.75,11.25,7],"texture":"#0"},"up":{"uv":[11.5,5.25,11,5],"texture":"#0"},"down":{"uv":[11.5,5.25,11,5.5],"texture":"#0"}}},{"from":[1.03366,4.99477,2],"to":[9.15866,6.99477,14],"rotation":{"angle":-22.5,"axis":"z","origin":[1.53366,6.49477,8]},"faces":{"north":{"uv":[9.25,2,11.25,2.5],"texture":"#0"},"east":{"uv":[5.75,9,8.75,9.5],"texture":"#0"},"south":{"uv":[5.75,9.5,7.75,10],"texture":"#0"},"west":{"uv":[9,7.5,12,8],"texture":"#0"},"up":{"uv":[2,3,0,0],"texture":"#0"},"down":{"uv":[4,0,2,3],"texture":"#0"}}},{"from":[6.84978,4.99477,2],"to":[14.97478,6.99477,14],"rotation":{"angle":22.5,"axis":"z","origin":[14.47478,6.49477,8]},"faces":{"north":{"uv":[7.75,9.5,9.75,10],"texture":"#0"},"east":{"uv":[8.75,9,11.75,9.5],"texture":"#0"},"south":{"uv":[9.75,2.5,11.75,3],"texture":"#0"},"west":{"uv":[9.25,0,12.25,0.5],"texture":"#0"},"up":{"uv":[2,6,0,3],"texture":"#0"},"down":{"uv":[4,3,2,6],"texture":"#0"}}},{"from":[9,4,3],"to":[12,10,13],"rotation":{"angle":0,"axis":"y","origin":[15.225,7.5,8]},"faces":{"north":{"uv":[9.25,0.5,10,2],"texture":"#0"},"east":{"uv":[6,0,8.5,1.5],"texture":"#0"},"south":{"uv":[2.5,9.25,3.25,10.75],"texture":"#0"},"west":{"uv":[6,1.5,8.5,3],"texture":"#0"},"up":{"uv":[9.25,2.5,8.5,0],"texture":"#0"},"down":{"uv":[9.75,2.5,9,5],"texture":"#0"}}},{"from":[7,4,3],"to":[9,8,13],"rotation":{"angle":0,"axis":"y","origin":[3.5,7.5,8]},"faces":{"north":{"uv":[8.5,2.5,9,3.5],"texture":"#0"},"east":{"uv":[5,8,7.5,9],"texture":"#0"},"south":{"uv":[8.5,3.5,9,4.5],"texture":"#0"},"west":{"uv":[7.5,8,10,9],"texture":"#0"},"up":{"uv":[2,10.5,1.5,8],"texture":"#0"},"down":{"uv":[2.5,9.25,2,11.75],"texture":"#0"}}},{"from":[4,4,3],"to":[7,10,13],"rotation":{"angle":0,"axis":"y","origin":[1.5,7.5,8]},"faces":{"north":{"uv":[3.25,9.5,4,11],"texture":"#0"},"east":{"uv":[2,6,4.5,7.5],"texture":"#0"},"south":{"uv":[4,9.5,4.75,11],"texture":"#0"},"west":{"uv":[6,3,8.5,4.5],"texture":"#0"},"up":{"uv":[5.75,11.5,5,9],"texture":"#0"},"down":{"uv":[9.75,5,9,7.5],"texture":"#0"}}},{"from":[8.78185,1.36431,5],"to":[14.78185,8.36431,5],"rotation":{"angle":45,"axis":"z","origin":[9.71935,8.86431,5]},"faces":{"north":{"uv":[4.5,6,6,7.75],"texture":"#0"},"east":{"uv":[0,0,0,1.75],"texture":"#0"},"south":{"uv":[6,4.5,7.5,6.25],"texture":"#0"},"west":{"uv":[0,0,0,1.75],"texture":"#0"},"up":{"uv":[1.5,0,0,0],"texture":"#0"},"down":{"uv":[1.5,0,0,0],"texture":"#0"}}},{"from":[4,8,10],"to":[12,16,10],"rotation":{"angle":0,"axis":"y","origin":[4.5,10.9375,10]},"faces":{"north":{"uv":[4,0,6,2],"texture":"#0"},"east":{"uv":[0,0,0,2],"texture":"#0"},"south":{"uv":[4,2,6,4],"texture":"#0"},"west":{"uv":[0,0,0,2],"texture":"#0"},"up":{"uv":[2,0,0,0],"texture":"#0"},"down":{"uv":[2,0,0,0],"texture":"#0"}}},{"from":[4,8,6],"to":[12,16,6],"rotation":{"angle":0,"axis":"y","origin":[4.5,10.9375,6]},"faces":{"north":{"uv":[4,4,6,6],"texture":"#0"},"east":{"uv":[0,0,0,2],"texture":"#0"},"south":{"uv":[0,6,2,8],"texture":"#0"},"west":{"uv":[0,0,0,2],"texture":"#0"},"up":{"uv":[2,0,0,0],"texture":"#0"},"down":{"uv":[2,0,0,0],"texture":"#0"}}},{"from":[1.21815,1.36431,9],"to":[7.21815,8.36431,9],"rotation":{"angle":-45,"axis":"z","origin":[6.28065,8.86431,9]},"faces":{"north":{"uv":[7.5,4.5,9,6.25],"texture":"#0"},"east":{"uv":[0,0,0,1.75],"texture":"#0"},"south":{"uv":[7.5,6.25,9,8],"texture":"#0"},"west":{"uv":[0,0,0,1.75],"texture":"#0"},"up":{"uv":[1.5,0,0,0],"texture":"#0"},"down":{"uv":[1.5,0,0,0],"texture":"#0"}}},{"from":[7,3,1],"to":[9,6,3],"rotation":{"angle":0,"axis":"y","origin":[3.5,6.5,7]},"faces":{"north":{"uv":[10.75,1.25,11.25,2],"texture":"#0"},"east":{"uv":[2.5,10.75,3,11.5],"texture":"#0"},"south":{"uv":[5.75,10.75,6.25,11.5],"texture":"#0"},"west":{"uv":[6.25,10.75,6.75,11.5],"texture":"#0"},"up":{"uv":[8.75,11.25,8.25,10.75],"texture":"#0"},"down":{"uv":[11.25,8.5,10.75,9],"texture":"#0"}}}],"gui_light":"front","display":{"thirdperson_righthand":{"translation":[0,2.25,-5]},"thirdperson_lefthand":{"translation":[0,2.25,-5]},"firstperson_righthand":{"translation":[1,1.25,0]},"firstperson_lefthand":{"translation":[1,1.25,0]},"ground":{"translation":[0,2,0],"scale":[0.5,0.5,0.5]},"gui":{"rotation":[13,157,0],"translation":[0,1,0],"scale":[0.84,0.84,0.84]},"head":{"translation":[0,9.5,0],"scale":[1.9,1.9,1.9]},"fixed":{"translation":[0,3.75,-12],"scale":[2,2,2]}}}