{"credit":"Made with Blockbench","texture_size":[64,64],"textures":{"0":"cosmetics:hats/halloween_witch_hat_texture","particle":"cosmetics:hats/halloween_witch_hat_texture"},"elements":[{"from":[12,0.001,7.999],"to":[16,8.001,7.999],"rotation":{"angle":0,"axis":"y","origin":[2.5,1.001,3.999]},"faces":{"north":{"uv":[7.5,0,8.5,2],"texture":"#0"},"east":{"uv":[0,0,0,2],"texture":"#0"},"south":{"uv":[4,7.5,5,9.5],"texture":"#0"},"west":{"uv":[0,0,0,2],"texture":"#0"},"up":{"uv":[1,0,0,0],"texture":"#0"},"down":{"uv":[1,0,0,0],"texture":"#0"}}},{"from":[16,3.001,6.999],"to":[16,5.001,8.999],"rotation":{"angle":0,"axis":"y","origin":[2.5,1.001,3.999]},"faces":{"north":{"uv":[0,0,0,0.5],"texture":"#0"},"east":{"uv":[7.75,9,8.25,9.5],"texture":"#0"},"south":{"uv":[0,0,0,0.5],"texture":"#0"},"west":{"uv":[9,8,9.5,8.5],"texture":"#0"},"up":{"uv":[0,0.5,0,0],"texture":"#0"},"down":{"uv":[0,0,0,0.5],"texture":"#0"}}},{"from":[15,2.001,6.999],"to":[16,3.001,6.999],"rotation":{"angle":-22.5,"axis":"y","origin":[16,2.001,6.999]},"faces":{"north":{"uv":[5,9.25,5.25,9.5],"texture":"#0"},"east":{"uv":[0,0,0,0.25],"texture":"#0"},"south":{"uv":[5.25,9.25,5.5,9.5],"texture":"#0"},"west":{"uv":[0,0,0,0.25],"texture":"#0"},"up":{"uv":[0.25,0,0,0],"texture":"#0"},"down":{"uv":[0.25,0,0,0],"texture":"#0"}}},{"from":[15,5.001,6.999],"to":[16,6.001,6.999],"rotation":{"angle":-22.5,"axis":"y","origin":[16,5.001,6.999]},"faces":{"north":{"uv":[5.5,9.25,5.75,9.5],"texture":"#0"},"east":{"uv":[0,0,0,0.25],"texture":"#0"},"south":{"uv":[5.75,9.25,6,9.5],"texture":"#0"},"west":{"uv":[0,0,0,0.25],"texture":"#0"},"up":{"uv":[0.25,0,0,0],"texture":"#0"},"down":{"uv":[0.25,0,0,0],"texture":"#0"}}},{"from":[15,3.501,6.999],"to":[16,4.501,6.999],"rotation":{"angle":-22.5,"axis":"y","origin":[16,3.501,6.999]},"faces":{"north":{"uv":[6,9.25,6.25,9.5],"texture":"#0"},"east":{"uv":[0,0,0,0.25],"texture":"#0"},"south":{"uv":[6.25,9.25,6.5,9.5],"texture":"#0"},"west":{"uv":[0,0,0,0.25],"texture":"#0"},"up":{"uv":[0.25,0,0,0],"texture":"#0"},"down":{"uv":[0.25,0,0,0],"texture":"#0"}}},{"from":[15,2.001,9.001],"to":[16,3.001,9.001],"rotation":{"angle":22.5,"axis":"y","origin":[16,2.001,9.001]},"faces":{"north":{"uv":[6.5,9.25,6.75,9.5],"texture":"#0"},"east":{"uv":[0,0,0,0.25],"texture":"#0"},"south":{"uv":[6.75,9.25,7,9.5],"texture":"#0"},"west":{"uv":[0,0,0,0.25],"texture":"#0"},"up":{"uv":[0.25,0,0,0],"texture":"#0"},"down":{"uv":[0.25,0,0,0],"texture":"#0"}}},{"from":[15,3.501,9.001],"to":[16,4.501,9.001],"rotation":{"angle":22.5,"axis":"y","origin":[16,3.501,9.001]},"faces":{"north":{"uv":[8.25,9.25,8.5,9.5],"texture":"#0"},"east":{"uv":[0,0,0,0.25],"texture":"#0"},"south":{"uv":[8.5,9.25,8.75,9.5],"texture":"#0"},"west":{"uv":[0,0,0,0.25],"texture":"#0"},"up":{"uv":[0.25,0,0,0],"texture":"#0"},"down":{"uv":[0.25,0,0,0],"texture":"#0"}}},{"from":[15,5.001,9.001],"to":[16,6.001,9.001],"rotation":{"angle":22.5,"axis":"y","origin":[16,5.001,9.001]},"faces":{"north":{"uv":[8.75,9.25,9,9.5],"texture":"#0"},"east":{"uv":[0,0,0,0.25],"texture":"#0"},"south":{"uv":[9,9.25,9.25,9.5],"texture":"#0"},"west":{"uv":[0,0,0,0.25],"texture":"#0"},"up":{"uv":[0.25,0,0,0],"texture":"#0"},"down":{"uv":[0.25,0,0,0],"texture":"#0"}}},{"from":[16,5.001,6.999],"to":[16,6.001,8.999],"rotation":{"angle":-22.5,"axis":"z","origin":[16,5.001,7.999]},"faces":{"north":{"uv":[0,0,0,0.25],"texture":"#0"},"east":{"uv":[8.25,9,8.75,9.25],"texture":"#0"},"south":{"uv":[0,0,0,0.25],"texture":"#0"},"west":{"uv":[8.75,9,9.25,9.25],"texture":"#0"},"up":{"uv":[0,0.5,0,0],"texture":"#0"},"down":{"uv":[0,0,0,0.5],"texture":"#0"}}},{"from":[3.75,0,3.75],"to":[12.25,2,3.75],"rotation":{"angle":0,"axis":"y","origin":[3,-1,4]},"faces":{"north":{"uv":[8.25,4,10.5,4.5],"texture":"#0"},"east":{"uv":[0,0,0,0.5],"texture":"#0"},"south":{"uv":[8.25,4.5,10.5,5],"texture":"#0"},"west":{"uv":[0,0,0,0.5],"texture":"#0"},"up":{"uv":[2.25,0,0,0],"texture":"#0"},"down":{"uv":[2.25,0,0,0],"texture":"#0"}}},{"from":[3.75,0,3.75],"to":[3.75,2,12.25],"rotation":{"angle":0,"axis":"y","origin":[13,-1,4]},"faces":{"north":{"uv":[0,0,0,0.5],"texture":"#0"},"east":{"uv":[8.25,5,10.5,5.5],"texture":"#0"},"south":{"uv":[0,0,0,0.5],"texture":"#0"},"west":{"uv":[8.25,5.5,10.5,6],"texture":"#0"},"up":{"uv":[0,2.25,0,0],"texture":"#0"},"down":{"uv":[0,0,0,2.25],"texture":"#0"}}},{"from":[12.25,0,3.75],"to":[12.25,2,12.25],"rotation":{"angle":0,"axis":"y","origin":[3,-1,4]},"faces":{"north":{"uv":[0,0,0,0.5],"texture":"#0"},"east":{"uv":[8.5,0,10.75,0.5],"texture":"#0"},"south":{"uv":[0,0,0,0.5],"texture":"#0"},"west":{"uv":[8.5,0.5,10.75,1],"texture":"#0"},"up":{"uv":[0,2.25,0,0],"texture":"#0"},"down":{"uv":[0,0,0,2.25],"texture":"#0"}}},{"from":[3.75,0,12.25],"to":[12.25,2,12.25],"rotation":{"angle":0,"axis":"y","origin":[3,-1,12]},"faces":{"north":{"uv":[8.5,1,10.75,1.5],"texture":"#0"},"east":{"uv":[0,0,0,0.5],"texture":"#0"},"south":{"uv":[8.5,1.5,10.75,2],"texture":"#0"},"west":{"uv":[0,0,0,0.5],"texture":"#0"},"up":{"uv":[2.25,0,0,0],"texture":"#0"},"down":{"uv":[2.25,0,0,0],"texture":"#0"}}},{"from":[0,0,0],"to":[16,0,16],"rotation":{"angle":0,"axis":"y","origin":[3,-1,4]},"faces":{"north":{"uv":[0,0,4,0],"texture":"#0"},"east":{"uv":[0,0,4,0],"texture":"#0"},"south":{"uv":[0,0,4,0],"texture":"#0"},"west":{"uv":[0,0,4,0],"texture":"#0"},"up":{"uv":[4,4,0,0],"texture":"#0"},"down":{"uv":[4,4,0,8],"texture":"#0"}}},{"from":[6.28492,0.81075,5],"to":[12.28492,6.81075,11],"rotation":{"angle":22.5,"axis":"z","origin":[4.28492,-0.18925,4]},"faces":{"north":{"uv":[6,0,7.5,1.5],"texture":"#0"},"east":{"uv":[6,1.5,7.5,3],"texture":"#0"},"south":{"uv":[4,6,5.5,7.5],"texture":"#0"},"west":{"uv":[5.5,6,7,7.5],"texture":"#0"},"up":{"uv":[8.25,4.5,6.75,3],"texture":"#0"},"down":{"uv":[8.25,4.5,6.75,6],"texture":"#0"}}},{"from":[7.28492,6.81075,6],"to":[18.28492,9.81075,10],"rotation":{"angle":22.5,"axis":"z","origin":[4.28492,-0.18925,4]},"faces":{"north":{"uv":[7,6,9.75,6.75],"texture":"#0"},"east":{"uv":[5,8.5,6,9.25],"texture":"#0"},"south":{"uv":[7,6.75,9.75,7.5],"texture":"#0"},"west":{"uv":[6,8.5,7,9.25],"texture":"#0"},"up":{"uv":[6.75,5,4,4],"texture":"#0"},"down":{"uv":[6.75,5,4,6],"texture":"#0"}}},{"from":[15.28492,4.81075,6],"to":[18.28492,6.81075,10],"rotation":{"angle":22.5,"axis":"z","origin":[4.28492,-0.18925,4]},"faces":{"north":{"uv":[7,9,7.75,9.5],"texture":"#0"},"east":{"uv":[0,9,1,9.5],"texture":"#0"},"south":{"uv":[9,7.5,9.75,8],"texture":"#0"},"west":{"uv":[1,9,2,9.5],"texture":"#0"},"up":{"uv":[6.75,4,6,3],"texture":"#0"},"down":{"uv":[4,8,3.25,9],"texture":"#0"}}},{"from":[13.28492,2.81075,6],"to":[18.28492,4.81075,10],"rotation":{"angle":22.5,"axis":"z","origin":[4.28492,-0.18925,4]},"faces":{"north":{"uv":[7,8.5,8.25,9],"texture":"#0"},"east":{"uv":[2,9,3,9.5],"texture":"#0"},"south":{"uv":[8.25,8.5,9.5,9],"texture":"#0"},"west":{"uv":[3,9,4,9.5],"texture":"#0"},"up":{"uv":[3.25,9,2,8],"texture":"#0"},"down":{"uv":[9.5,3,8.25,4],"texture":"#0"}}},{"from":[4,0,4],"to":[12,4,12],"rotation":{"angle":0,"axis":"y","origin":[3,-1,4]},"faces":{"north":{"uv":[7.5,2,9.5,3],"texture":"#0"},"east":{"uv":[5,7.5,7,8.5],"texture":"#0"},"south":{"uv":[7,7.5,9,8.5],"texture":"#0"},"west":{"uv":[0,8,2,9],"texture":"#0"},"up":{"uv":[6,2,4,0],"texture":"#0"},"down":{"uv":[6,2,4,4],"texture":"#0"}}}],"gui_light":"front","display":{"thirdperson_righthand":{"translation":[0,6.25,-5]},"thirdperson_lefthand":{"translation":[0,6.25,-5]},"firstperson_righthand":{"rotation":[-10,0,0],"translation":[6.25,2.25,-5.5]},"firstperson_lefthand":{"rotation":[-10,0,0],"translation":[6.25,2.25,-5.5]},"ground":{"translation":[0,2,0],"scale":[0.5,0.5,0.5]},"gui":{"rotation":[22,147,0],"translation":[0,1.5,0],"scale":[0.75,0.75,0.75]},"head":{"translation":[0,17,0],"scale":[1.9,1.9,1.9]},"fixed":{"rotation":[-90,0,0],"translation":[0,0,-16],"scale":[2,2,2]}}}