{"credit":"Made with Blockbench","texture_size":[32,32],"textures":{"0":"cosmetics:hats/halloween_devil_hat_texture","particle":"cosmetics:hats/halloween_devil_hat_texture"},"elements":[{"from":[3.80552,4.53596,2],"to":[6.80552,6.53596,4],"rotation":{"angle":-22.5,"axis":"z","origin":[5.30552,6.03596,3]},"faces":{"north":{"uv":[13,7,14.5,8],"texture":"#0"},"east":{"uv":[12,5,13,6],"texture":"#0"},"south":{"uv":[13.5,2,15,3],"texture":"#0"},"west":{"uv":[14,11,15,12],"texture":"#0"},"up":{"uv":[15,4,13.5,3],"texture":"#0"},"down":{"uv":[15,4,13.5,5],"texture":"#0"}}},{"from":[9.19448,4.53596,2],"to":[12.19448,6.53596,4],"rotation":{"angle":22.5,"axis":"z","origin":[10.69448,6.03596,3]},"faces":{"north":{"uv":[14,5,15.5,6],"texture":"#0"},"east":{"uv":[11.5,14,12.5,15],"texture":"#0"},"south":{"uv":[14,6,15.5,7],"texture":"#0"},"west":{"uv":[14,12,15,13],"texture":"#0"},"up":{"uv":[8.5,15,7,14],"texture":"#0"},"down":{"uv":[15.5,8,14,9],"texture":"#0"}}},{"from":[1.2388,10.07683,6.5],"to":[4.2388,14.82683,9.5],"rotation":{"angle":22.5,"axis":"z","origin":[12.2388,12.82683,3.5]},"faces":{"north":{"uv":[4,10,5.5,12.5],"texture":"#0"},"east":{"uv":[5.5,10,7,12.5],"texture":"#0"},"south":{"uv":[7,10,8.5,12.5],"texture":"#0"},"west":{"uv":[8.5,10,10,12.5],"texture":"#0"},"up":{"uv":[8.5,14,7,12.5],"texture":"#0"},"down":{"uv":[10,12.5,8.5,14],"texture":"#0"}}},{"from":[1.31075,10.46508,7],"to":[4.08575,14.46508,9],"rotation":{"angle":0,"axis":"y","origin":[12.31075,13.46508,3]},"faces":{"north":{"uv":[10,6,11.5,8],"texture":"#0"},"east":{"uv":[0,13,1,15],"texture":"#0"},"south":{"uv":[11.5,6,13,8],"texture":"#0"},"west":{"uv":[1,13,2,15],"texture":"#0"},"up":{"uv":[10,15,8.5,14],"texture":"#0"},"down":{"uv":[15.5,9,14,10],"texture":"#0"}}},{"from":[0.21025,5.80822,7.5],"to":[2.18525,9.80822,8.5],"rotation":{"angle":-45,"axis":"z","origin":[11.21025,8.80822,2.5]},"faces":{"north":{"uv":[2,13,3,15],"texture":"#0"},"east":{"uv":[12.5,14,13,16],"texture":"#0"},"south":{"uv":[3,13,4,15],"texture":"#0"},"west":{"uv":[13,14,13.5,16],"texture":"#0"},"up":{"uv":[15.5,0.5,14.5,0],"texture":"#0"},"down":{"uv":[15.5,0.5,14.5,1],"texture":"#0"}}},{"from":[13.81475,5.80822,7.5],"to":[15.78975,9.80822,8.5],"rotation":{"angle":45,"axis":"z","origin":[4.78975,8.80822,2.5]},"faces":{"north":{"uv":[13,5,14,7],"texture":"#0"},"east":{"uv":[14,13,14.5,15],"texture":"#0"},"south":{"uv":[13,10,14,12],"texture":"#0"},"west":{"uv":[13.5,14,14,16],"texture":"#0"},"up":{"uv":[15.5,1.5,14.5,1],"texture":"#0"},"down":{"uv":[15.5,1.5,14.5,2],"texture":"#0"}}},{"from":[11.91425,10.46508,7],"to":[14.68925,14.46508,9],"rotation":{"angle":0,"axis":"y","origin":[3.68925,13.46508,3]},"faces":{"north":{"uv":[4,12.5,5.5,14.5],"texture":"#0"},"east":{"uv":[13,12,14,14],"texture":"#0"},"south":{"uv":[5.5,12.5,7,14.5],"texture":"#0"},"west":{"uv":[13.5,0,14.5,2],"texture":"#0"},"up":{"uv":[11.5,15,10,14],"texture":"#0"},"down":{"uv":[15.5,10,14,11],"texture":"#0"}}},{"from":[11.7612,10.07683,6.5],"to":[14.7612,14.82683,9.5],"rotation":{"angle":-22.5,"axis":"z","origin":[3.7612,12.82683,3.5]},"faces":{"north":{"uv":[10,10,11.5,12.5],"texture":"#0"},"east":{"uv":[11.5,10,13,12.5],"texture":"#0"},"south":{"uv":[12,0,13.5,2.5],"texture":"#0"},"west":{"uv":[12,2.5,13.5,5],"texture":"#0"},"up":{"uv":[11.5,14,10,12.5],"texture":"#0"},"down":{"uv":[13,12.5,11.5,14],"texture":"#0"}}},{"from":[3.5,-0.5,6],"to":[12.5,-0.5,10],"rotation":{"angle":0,"axis":"y","origin":[3,2,4]},"faces":{"north":{"uv":[0,0,4.5,0],"texture":"#0"},"east":{"uv":[0,0,2,0],"texture":"#0"},"south":{"uv":[0,0,4.5,0],"texture":"#0"},"west":{"uv":[0,0,2,0],"texture":"#0"},"up":{"uv":[9.5,10,5,8],"texture":"#0"},"down":{"uv":[14,8,9.5,10],"texture":"#0"}}},{"from":[3.5,-0.5,6],"to":[3.5,5,10],"rotation":{"angle":0,"axis":"y","origin":[13,2,4]},"faces":{"north":{"uv":[0,0,0,3],"texture":"#0"},"east":{"uv":[0,10,2,13],"texture":"#0"},"south":{"uv":[0,0,0,3],"texture":"#0"},"west":{"uv":[10,0,12,3],"texture":"#0"},"up":{"uv":[0,2,0,0],"texture":"#0"},"down":{"uv":[0,0,0,2],"texture":"#0"}}},{"from":[12.5,-0.5,6],"to":[12.5,5,10],"rotation":{"angle":0,"axis":"y","origin":[3,2,4]},"faces":{"north":{"uv":[0,0,0,3],"texture":"#0"},"east":{"uv":[2,10,4,13],"texture":"#0"},"south":{"uv":[0,0,0,3],"texture":"#0"},"west":{"uv":[10,3,12,6],"texture":"#0"},"up":{"uv":[0,2,0,0],"texture":"#0"},"down":{"uv":[0,0,0,2],"texture":"#0"}}},{"from":[3,5,3],"to":[13,9,13],"rotation":{"angle":0,"axis":"y","origin":[3,6,4]},"faces":{"north":{"uv":[5,0,10,2],"texture":"#0"},"east":{"uv":[5,2,10,4],"texture":"#0"},"south":{"uv":[5,4,10,6],"texture":"#0"},"west":{"uv":[5,6,10,8],"texture":"#0"},"up":{"uv":[5,5,0,0],"texture":"#0"},"down":{"uv":[5,5,0,10],"texture":"#0"}}}],"gui_light":"front","display":{"thirdperson_righthand":{"rotation":[-90,180,0],"translation":[0,-2,-6.5]},"thirdperson_lefthand":{"rotation":[-90,180,0],"translation":[0,-2,-6.5]},"firstperson_righthand":{"rotation":[-26,180,0],"translation":[3.25,0,0]},"firstperson_lefthand":{"rotation":[-26,180,0],"translation":[3.25,0,0]},"ground":{"translation":[0,2,0],"scale":[0.5,0.5,0.5]},"gui":{"rotation":[14,157,0],"scale":[0.8,0.8,0.8]},"head":{"translation":[0,6.5,0],"scale":[1.6,1.6,1.6]},"fixed":{"translation":[0,0,-10],"scale":[2,2,2]}}}