{"credit":"Made with Blockbench","texture_size":[64,64],"textures":{"0":"cosmetics:hats/halloween_ghost_hat_texture","particle":"cosmetics:hats/halloween_ghost_hat_texture"},"elements":[{"from":[2.64645,3.85355,2],"to":[6.64645,6.85355,4],"rotation":{"angle":-22.5,"axis":"z","origin":[5.14645,5.35355,2.5]},"faces":{"north":{"uv":[6.5,8.5,7.5,9.25],"texture":"#0"},"east":{"uv":[2,7.5,2.5,8.25],"texture":"#0"},"south":{"uv":[8.5,7,9.5,7.75],"texture":"#0"},"west":{"uv":[2,8.25,2.5,9],"texture":"#0"},"up":{"uv":[6,5,5,4.5],"texture":"#0"},"down":{"uv":[9.5,8.5,8.5,9],"texture":"#0"}}},{"from":[9.35355,3.85355,2],"to":[13.35355,6.85355,4],"rotation":{"angle":22.5,"axis":"z","origin":[10.85355,5.35355,2.5]},"faces":{"north":{"uv":[7.5,8.5,8.5,9.25],"texture":"#0"},"east":{"uv":[9,2.5,9.5,3.25],"texture":"#0"},"south":{"uv":[8.5,7.75,9.5,8.5],"texture":"#0"},"west":{"uv":[3,9,3.5,9.75],"texture":"#0"},"up":{"uv":[3,9.5,2,9],"texture":"#0"},"down":{"uv":[10,2,9,2.5],"texture":"#0"}}},{"from":[3,-1,3],"to":[13,9,13],"rotation":{"angle":0,"axis":"y","origin":[3,0,3]},"faces":{"north":{"uv":[0,0,2.5,2.5],"texture":"#0"},"east":{"uv":[0,2.5,2.5,5],"texture":"#0"},"south":{"uv":[2.5,0,5,2.5],"texture":"#0"},"west":{"uv":[2.5,2.5,5,5],"texture":"#0"},"up":{"uv":[2.5,7.5,0,5],"texture":"#0"},"down":{"uv":[7.5,0,5,2.5],"texture":"#0"}}},{"from":[4,9,4],"to":[12,12,12],"rotation":{"angle":0,"axis":"y","origin":[3,10,3]},"faces":{"north":{"uv":[8.5,4,10.5,4.75],"texture":"#0"},"east":{"uv":[8.5,4.75,10.5,5.5],"texture":"#0"},"south":{"uv":[8.5,5.5,10.5,6.25],"texture":"#0"},"west":{"uv":[8.5,6.25,10.5,7],"texture":"#0"},"up":{"uv":[4.5,7,2.5,5],"texture":"#0"},"down":{"uv":[7,2.5,5,4.5],"texture":"#0"}}},{"from":[12.82683,-2.2388,4],"to":[16.82683,5.7612,12],"rotation":{"angle":22.5,"axis":"z","origin":[16.82683,-4.2388,3]},"faces":{"north":{"uv":[7,2.5,8,4.5],"texture":"#0"},"east":{"uv":[4.5,5,6.5,7],"texture":"#0"},"south":{"uv":[4.5,7,5.5,9],"texture":"#0"},"west":{"uv":[6.5,4.5,8.5,6.5],"texture":"#0"},"up":{"uv":[6.5,9,5.5,7],"texture":"#0"},"down":{"uv":[1,7.5,0,9.5],"texture":"#0"}}},{"from":[-0.82683,-2.2388,4],"to":[3.17317,5.7612,12],"rotation":{"angle":-22.5,"axis":"z","origin":[-0.82683,-4.2388,3]},"faces":{"north":{"uv":[7.5,0,8.5,2],"texture":"#0"},"east":{"uv":[6.5,6.5,8.5,8.5],"texture":"#0"},"south":{"uv":[1,7.5,2,9.5],"texture":"#0"},"west":{"uv":[2.5,7,4.5,9],"texture":"#0"},"up":{"uv":[9,4,8,2],"texture":"#0"},"down":{"uv":[9.5,0,8.5,2],"texture":"#0"}}}],"gui_light":"front","display":{"thirdperson_righthand":{"translation":[0,0,-2.25],"scale":[0.9,0.9,0.9]},"thirdperson_lefthand":{"translation":[0,0,-2.25],"scale":[0.9,0.9,0.9]},"firstperson_righthand":{"translation":[1,2.5,0],"scale":[0.9,0.9,0.9]},"firstperson_lefthand":{"translation":[1,2.5,0],"scale":[0.9,0.9,0.9]},"ground":{"translation":[0,3,0],"scale":[0.5,0.5,0.5]},"gui":{"rotation":[0,167,0],"translation":[0,3.5,0],"scale":[0.9,0.9,0.9]},"head":{"translation":[0,7.5,0],"scale":[1.6,1.6,1.6]},"fixed":{"translation":[0,7.75,-10],"scale":[2,2,2]}}}