{"credit":"Made with Blockbench","texture_size":[64,64],"textures":{"0":"cosmetics:hats/halloween_hog_hat_texture","particle":"cosmetics:hats/halloween_hog_hat_texture"},"elements":[{"from":[10,1,3],"to":[10,14,17],"rotation":{"angle":-22.5,"axis":"z","origin":[10,7.5,10]},"faces":{"north":{"uv":[0,0,0,3.25],"texture":"#0"},"east":{"uv":[0,0,3.5,3.25],"texture":"#0"},"south":{"uv":[0,0,0,3.25],"texture":"#0"},"west":{"uv":[0,3.25,3.5,6.5],"texture":"#0"},"up":{"uv":[0,3.5,0,0],"texture":"#0"},"down":{"uv":[0,0,0,3.5],"texture":"#0"}}},{"from":[8,1,3],"to":[8,14,17],"rotation":{"angle":0,"axis":"y","origin":[8,13.65276,4.75]},"faces":{"north":{"uv":[0,0,0,3.25],"texture":"#0"},"east":{"uv":[3.5,0,7,3.25],"texture":"#0"},"south":{"uv":[0,0,0,3.25],"texture":"#0"},"west":{"uv":[3.5,3.25,7,6.5],"texture":"#0"},"up":{"uv":[0,3.5,0,0],"texture":"#0"},"down":{"uv":[0,0,0,3.5],"texture":"#0"}}},{"from":[6,1,3],"to":[6,14,17],"rotation":{"angle":22.5,"axis":"z","origin":[6,7.5,10]},"faces":{"north":{"uv":[0,0,0,3.25],"texture":"#0"},"east":{"uv":[0,6.5,3.5,9.75],"texture":"#0"},"south":{"uv":[0,0,0,3.25],"texture":"#0"},"west":{"uv":[3.5,6.5,7,9.75],"texture":"#0"},"up":{"uv":[0,3.5,0,0],"texture":"#0"},"down":{"uv":[0,0,0,3.5],"texture":"#0"}}},{"from":[1.52395,0.1151,3],"to":[1.52395,3.1151,13],"rotation":{"angle":22.5,"axis":"z","origin":[-2.47605,4.76786,4.75]},"faces":{"north":{"uv":[0,0,0,0.75],"texture":"#0"},"east":{"uv":[4,9.75,6.5,10.5],"texture":"#0"},"south":{"uv":[0,0,0,0.75],"texture":"#0"},"west":{"uv":[0,10.25,2.5,11],"texture":"#0"},"up":{"uv":[0,2.5,0,0],"texture":"#0"},"down":{"uv":[0,0,0,2.5],"texture":"#0"}}},{"from":[14.47605,0.1151,3],"to":[14.47605,3.1151,13],"rotation":{"angle":-22.5,"axis":"z","origin":[18.47605,4.76786,4.75]},"faces":{"north":{"uv":[0,0,0,0.75],"texture":"#0"},"east":{"uv":[2.5,10.5,5,11.25],"texture":"#0"},"south":{"uv":[0,0,0,0.75],"texture":"#0"},"west":{"uv":[8.75,10.5,11.25,11.25],"texture":"#0"},"up":{"uv":[0,2.5,0,0],"texture":"#0"},"down":{"uv":[0,0,0,2.5],"texture":"#0"}}},{"from":[-2.90033,1.83179,7],"to":[4.09967,7.83179,7],"rotation":{"angle":-22.5,"axis":"z","origin":[8,4.65276,3.75]},"faces":{"north":{"uv":[9.5,4.5,11.25,6],"texture":"#0"},"east":{"uv":[0,0,0,1.5],"texture":"#0"},"south":{"uv":[9.5,6,11.25,7.5],"texture":"#0"},"west":{"uv":[0,0,0,1.5],"texture":"#0"},"up":{"uv":[1.75,0,0,0],"texture":"#0"},"down":{"uv":[1.75,0,0,0],"texture":"#0"}}},{"from":[11.90033,1.83179,7],"to":[18.90033,7.83179,7],"rotation":{"angle":22.5,"axis":"z","origin":[8,4.65276,3.75]},"faces":{"north":{"uv":[7,9.5,8.75,11],"texture":"#0"},"east":{"uv":[0,0,0,1.5],"texture":"#0"},"south":{"uv":[9.5,7.5,11.25,9],"texture":"#0"},"west":{"uv":[0,0,0,1.5],"texture":"#0"},"up":{"uv":[1.75,0,0,0],"texture":"#0"},"down":{"uv":[1.75,0,0,0],"texture":"#0"}}},{"from":[2.18363,3.58284,2],"to":[6.18363,6.58284,4],"rotation":{"angle":-22.5,"axis":"z","origin":[8,4.65276,4.75]},"faces":{"north":{"uv":[7.75,11,8.75,11.75],"texture":"#0"},"east":{"uv":[6.5,9.75,7,10.5],"texture":"#0"},"south":{"uv":[4,11.25,5,12],"texture":"#0"},"west":{"uv":[12,1,12.5,1.75],"texture":"#0"},"up":{"uv":[1,12.5,0,12],"texture":"#0"},"down":{"uv":[13,0,12,0.5],"texture":"#0"}}},{"from":[9.81637,3.58284,2],"to":[13.81637,6.58284,4],"rotation":{"angle":22.5,"axis":"z","origin":[8,4.65276,4.75]},"faces":{"north":{"uv":[11.25,5.25,12.25,6],"texture":"#0"},"east":{"uv":[12,1.75,12.5,2.5],"texture":"#0"},"south":{"uv":[11.25,6,12.25,6.75],"texture":"#0"},"west":{"uv":[2,12,2.5,12.75],"texture":"#0"},"up":{"uv":[13,1,12,0.5],"texture":"#0"},"down":{"uv":[2,12,1,12.5],"texture":"#0"}}},{"from":[10,2.88059,0.7315],"to":[11,4.88059,1.7315],"rotation":{"angle":-22.5,"axis":"x","origin":[10.5,3.88059,1.2315]},"faces":{"north":{"uv":[6,12,6.25,12.5],"texture":"#0"},"east":{"uv":[9.5,12,9.75,12.5],"texture":"#0"},"south":{"uv":[12.25,5.25,12.5,5.75],"texture":"#0"},"west":{"uv":[12.25,5.75,12.5,6.25],"texture":"#0"},"up":{"uv":[2.25,11.25,2,11],"texture":"#0"},"down":{"uv":[2.5,11,2.25,11.25],"texture":"#0"}}},{"from":[10,2.34462,1.26746],"to":[11,3.34462,3.26746],"rotation":{"angle":22.5,"axis":"x","origin":[10.5,2.84462,2.26746]},"faces":{"north":{"uv":[11.25,11,11.5,11.25],"texture":"#0"},"east":{"uv":[2.5,10.25,3,10.5],"texture":"#0"},"south":{"uv":[6.25,11.5,6.5,11.75],"texture":"#0"},"west":{"uv":[3,10.25,3.5,10.5],"texture":"#0"},"up":{"uv":[12.5,6.75,12.25,6.25],"texture":"#0"},"down":{"uv":[12.5,6.75,12.25,7.25],"texture":"#0"}}},{"from":[5,2.88059,0.7315],"to":[6,4.88059,1.7315],"rotation":{"angle":-22.5,"axis":"x","origin":[5.5,3.88059,1.2315]},"faces":{"north":{"uv":[12.25,7.25,12.5,7.75],"texture":"#0"},"east":{"uv":[12.25,7.75,12.5,8.25],"texture":"#0"},"south":{"uv":[12.25,8.25,12.5,8.75],"texture":"#0"},"west":{"uv":[12.25,11,12.5,11.5],"texture":"#0"},"up":{"uv":[11.75,11.25,11.5,11],"texture":"#0"},"down":{"uv":[8.75,11.75,8.5,12],"texture":"#0"}}},{"from":[5,2.34462,1.26746],"to":[6,3.34462,3.26746],"rotation":{"angle":22.5,"axis":"x","origin":[5.5,2.84462,2.26746]},"faces":{"north":{"uv":[11.75,11,12,11.25],"texture":"#0"},"east":{"uv":[3.5,10.25,4,10.5],"texture":"#0"},"south":{"uv":[12,11,12.25,11.25],"texture":"#0"},"west":{"uv":[1.5,11,2,11.25],"texture":"#0"},"up":{"uv":[0.25,13,0,12.5],"texture":"#0"},"down":{"uv":[0.5,12.5,0.25,13],"texture":"#0"}}},{"from":[-0.90033,2.83179,6],"to":[4.09967,5.83179,8],"rotation":{"angle":-22.5,"axis":"z","origin":[8,4.65276,3.75]},"faces":{"north":{"uv":[6.5,11,7.75,11.75],"texture":"#0"},"east":{"uv":[2.5,12,3,12.75],"texture":"#0"},"south":{"uv":[1.5,11.25,2.75,12],"texture":"#0"},"west":{"uv":[12,2.5,12.5,3.25],"texture":"#0"},"up":{"uv":[11,11.75,9.75,11.25],"texture":"#0"},"down":{"uv":[12.5,10.5,11.25,11],"texture":"#0"}}},{"from":[11.90033,2.83179,6],"to":[16.90033,5.83179,8],"rotation":{"angle":22.5,"axis":"z","origin":[8,4.65276,3.75]},"faces":{"north":{"uv":[2.75,11.25,4,12],"texture":"#0"},"east":{"uv":[3,12,3.5,12.75],"texture":"#0"},"south":{"uv":[11.25,4.5,12.5,5.25],"texture":"#0"},"west":{"uv":[12,3.25,12.5,4],"texture":"#0"},"up":{"uv":[12.25,11.75,11,11.25],"texture":"#0"},"down":{"uv":[6.25,11.5,5,12],"texture":"#0"}}},{"from":[0,5,10],"to":[16,7,12],"rotation":{"angle":0,"axis":"y","origin":[-2,3.65276,5.75]},"faces":{"north":{"uv":[8.75,9.5,12.75,10],"texture":"#0"},"east":{"uv":[6.5,10.5,7,11],"texture":"#0"},"south":{"uv":[9.5,9,13.5,9.5],"texture":"#0"},"west":{"uv":[12,4,12.5,4.5],"texture":"#0"},"up":{"uv":[4,10.25,0,9.75],"texture":"#0"},"down":{"uv":[12.75,10,8.75,10.5],"texture":"#0"}}},{"from":[16,4.5,9.5],"to":[18,7.5,12.5],"rotation":{"angle":0,"axis":"y","origin":[12,3.15276,6.25]},"faces":{"north":{"uv":[3.5,12,4,12.75],"texture":"#0"},"east":{"uv":[6.25,11.75,7,12.5],"texture":"#0"},"south":{"uv":[4,12,4.5,12.75],"texture":"#0"},"west":{"uv":[7,11.75,7.75,12.5],"texture":"#0"},"up":{"uv":[5,12.75,4.5,12],"texture":"#0"},"down":{"uv":[5.5,12,5,12.75],"texture":"#0"}}},{"from":[-2,4.5,9.5],"to":[0,7.5,12.5],"rotation":{"angle":0,"axis":"y","origin":[4,3.15276,6.25]},"faces":{"north":{"uv":[5.5,12,6,12.75],"texture":"#0"},"east":{"uv":[7.75,11.75,8.5,12.5],"texture":"#0"},"south":{"uv":[8.5,12,9,12.75],"texture":"#0"},"west":{"uv":[9.75,11.75,10.5,12.5],"texture":"#0"},"up":{"uv":[9.5,12.75,9,12],"texture":"#0"},"down":{"uv":[12.5,11.75,12,12.5],"texture":"#0"}}},{"from":[6,1,0],"to":[10,4,3],"rotation":{"angle":0,"axis":"y","origin":[8,4.65276,4.75]},"faces":{"north":{"uv":[11.25,6.75,12.25,7.5],"texture":"#0"},"east":{"uv":[10.5,11.75,11.25,12.5],"texture":"#0"},"south":{"uv":[11.25,7.5,12.25,8.25],"texture":"#0"},"west":{"uv":[11.25,11.75,12,12.5],"texture":"#0"},"up":{"uv":[12.25,9,11.25,8.25],"texture":"#0"},"down":{"uv":[9.75,11.25,8.75,12],"texture":"#0"}}},{"from":[3,0,3],"to":[13,9,13],"rotation":{"angle":0,"axis":"y","origin":[8,4.65276,4.75]},"faces":{"north":{"uv":[7,5,9.5,7.25],"texture":"#0"},"east":{"uv":[7,7.25,9.5,9.5],"texture":"#0"},"south":{"uv":[9.5,0,12,2.25],"texture":"#0"},"west":{"uv":[9.5,2.25,12,4.5],"texture":"#0"},"up":{"uv":[9.5,2.5,7,0],"texture":"#0"},"down":{"uv":[9.5,2.5,7,5],"texture":"#0"}}},{"name":"blood","from":[5,-2,2.5],"to":[11,2,2.5],"rotation":{"angle":0,"axis":"y","origin":[8,1.65276,4.75]},"faces":{"north":{"uv":[5,10.5,6.5,11.5],"texture":"#0"},"east":{"uv":[0,0,0,1],"texture":"#0"},"south":{"uv":[0,11,1.5,12],"texture":"#0"},"west":{"uv":[0,0,0,1],"texture":"#0"},"up":{"uv":[1.5,0,0,0],"texture":"#0"},"down":{"uv":[1.5,0,0,0],"texture":"#0"}}}],"gui_light":"front","display":{"thirdperson_righthand":{"translation":[0,3,-4]},"thirdperson_lefthand":{"translation":[0,3,-4]},"firstperson_righthand":{"rotation":[15,0,0],"translation":[2.75,0,0]},"firstperson_lefthand":{"rotation":[15,0,0],"translation":[2.75,0,0]},"ground":{"translation":[0,2,0],"scale":[0.5,0.5,0.5]},"gui":{"rotation":[16,-152,0],"translation":[0.5,1.5,0],"scale":[0.75,0.75,0.75]},"head":{"translation":[0,6,0],"scale":[1.6,1.6,1.6]},"fixed":{"rotation":[-90,0,0],"translation":[0,0,-16],"scale":[2,2,2]}}}