{"textures":{"particle":"cosmetics:hats/gfx_hazmat_mask"},"elements":[{"name":"Element","from":[3,6,3],"to":[13,9,13],"faces":{"north":{"uv":[0.33333,3.66667,3.66667,4.66667],"texture":"#particle"},"east":{"uv":[7,3.66667,3.66667,4.66667],"texture":"#particle"},"south":{"uv":[7,3.66667,10.33333,4.66667],"texture":"#particle"},"west":{"uv":[3.66667,3.66667,7,4.66667],"texture":"#particle"},"up":{"uv":[3.66667,3.66667,0.33333,0.33333],"texture":"#particle"},"down":{"uv":[3.66667,8,0.33333,4.66667],"texture":"#particle"}}},{"name":"Element","from":[3,-1,3],"to":[13,1,13],"faces":{"east":{"uv":[15,3.66667,15.66667,0.33333],"rotation":270,"texture":"#particle"},"south":{"uv":[15,3.66667,15.66667,7],"rotation":270,"texture":"#particle"},"west":{"uv":[15,0.33333,15.66667,3.66667],"rotation":270,"texture":"#particle"},"up":{"uv":[14.33333,3.66667,11,0.33333],"texture":"#particle"},"down":{"uv":[14.33333,7.66667,11,4.33333],"texture":"#particle"}}},{"name":"Element","from":[6,-2,1],"to":[10,3,5],"faces":{"north":{"uv":[1.66667,12.33333,3,14],"texture":"#particle"},"east":{"uv":[0.33333,12.33333,1.66667,14],"texture":"#particle"},"south":{"uv":[4.33333,12.33333,5.66667,14],"texture":"#particle"},"west":{"uv":[3,12.33333,4.33333,14],"texture":"#particle"},"up":{"uv":[3,12.33333,1.66667,11],"texture":"#particle"},"down":{"uv":[3,15.33333,1.66667,14],"texture":"#particle"}}},{"name":"Element","from":[2,-1.0062,1.5],"to":[6,1.9938,3.5],"rotation":{"angle":22.5,"axis":"y","origin":[6,0.49375,2.5]},"faces":{"north":{"uv":[10.33333,9,11.66667,10],"texture":"#particle"},"east":{"uv":[9.66667,9,10.33333,10],"texture":"#particle"},"south":{"uv":[12.33333,9,13.66667,10],"texture":"#particle"},"west":{"uv":[11.66667,9,12.33333,10],"texture":"#particle"},"up":{"uv":[11.66667,9,10.33333,8.33333],"texture":"#particle"},"down":{"uv":[11.66667,10.66667,10.33333,10],"texture":"#particle"}}},{"name":"Element","from":[10,-1.0062,1.5],"to":[14,1.9938,3.5],"rotation":{"angle":-22.5,"axis":"y","origin":[10,0.49375,2.5]},"faces":{"north":{"uv":[11.66667,9,10.33333,10],"texture":"#particle"},"east":{"uv":[12.33333,9,11.66667,10],"texture":"#particle"},"south":{"uv":[13.66667,9,12.33333,10],"texture":"#particle"},"west":{"uv":[10.33333,9,9.66667,10],"texture":"#particle"},"up":{"uv":[10.33333,9,11.66667,8.33333],"texture":"#particle"},"down":{"uv":[10.33333,10.66667,11.66667,10],"texture":"#particle"}}},{"name":"Element","from":[3,1,7],"to":[13,6,13],"faces":{"north":{"uv":[0.33333,8.66667,3.66667,10.33333],"texture":"#particle"},"east":{"uv":[5.66667,8.66667,3.66667,10.33333],"texture":"#particle"},"south":{"uv":[5.66667,8.66667,9,10.33333],"texture":"#particle"},"west":{"uv":[3.66667,8.66667,5.66667,10.33333],"texture":"#particle"}}},{"name":"Element","from":[4,9,4],"to":[12,10,12],"faces":{"north":{"uv":[7.66667,0.33333,10.33333,0.66667],"texture":"#particle"},"east":{"uv":[10.33333,1.33333,7.66667,1.66667],"texture":"#particle"},"south":{"uv":[7.66667,2.33333,10.33333,2.66667],"texture":"#particle"},"west":{"uv":[7.66667,1.33333,10.33333,1.66667],"texture":"#particle"},"up":{"uv":[7,3,4.33333,0.33333],"texture":"#particle"}}},{"name":"Element","from":[3.5,1,3.5],"to":[12.5,6,7.5],"faces":{"north":{"uv":[5.66667,5.33333,8.66667,7],"texture":"#particle"},"east":{"uv":[4.33333,5.33333,5.66667,7],"texture":"#particle"},"west":{"uv":[8.66667,5.33333,10,7],"texture":"#particle"}}}],"display":{"thirdperson_righthand":{"rotation":[75,45,0],"translation":[0,2.5,-0.25],"scale":[0.55,0.55,0.55]},"firstperson_righthand":{"rotation":[0,45,0],"translation":[1,3.5,0.5],"scale":[0.4,0.4,0.4]},"ground":{"translation":[0,6,0]},"gui":{"rotation":[30,225,0],"translation":[0,2.5,0],"scale":[0.8,0.8,0.8]},"head":{"translation":[0,6.45,0],"scale":[1.61,1.61,1.61]},"fixed":{"rotation":[-85.75,0,0],"translation":[0,0,-18],"scale":[2,2,2]}},"gui_light":"front"}