{"textures":{"particle":"cosmetics:hats/gfx_headphones"},"elements":[{"from":[2,2,6],"to":[4,6,10],"rotation":{"angle":0,"axis":"x","origin":[3,4,8]},"faces":{"north":{"uv":[3.33333,5.33333,4.66667,8],"texture":"#particle"},"east":{"uv":[0.66667,5.33333,3.33333,8],"texture":"#particle"},"south":{"uv":[7.33333,5.33333,8.66667,8],"texture":"#particle"},"west":{"uv":[4.66667,5.33333,7.33333,8],"texture":"#particle"},"up":{"uv":[11.33333,8,10,5.33333],"texture":"#particle"},"down":{"uv":[14,8,12.66667,5.33333],"texture":"#particle"}}},{"from":[12,2,6],"to":[14,6,10],"rotation":{"angle":0,"axis":"x","origin":[13,4,8]},"faces":{"north":{"uv":[4.66667,5.33333,3.33333,8],"texture":"#particle"},"east":{"uv":[7.33333,5.33333,4.66667,8],"texture":"#particle"},"south":{"uv":[8.66667,5.33333,7.33333,8],"texture":"#particle"},"west":{"uv":[3.33333,5.33333,0.66667,8],"texture":"#particle"},"up":{"uv":[10,8,11.33333,5.33333],"texture":"#particle"},"down":{"uv":[12.66667,8,14,5.33333],"texture":"#particle"}}},{"from":[1.5,3,7.5],"to":[3.5,5,10.5],"rotation":{"angle":0,"axis":"x","origin":[3,4,8]},"faces":{"north":{"uv":[2.66667,11.33333,4,12.66667],"texture":"#particle"},"east":{"uv":[0.66667,11.33333,2.66667,12.66667],"texture":"#particle"},"south":{"uv":[6,11.33333,7.33333,12.66667],"texture":"#particle"},"west":{"uv":[4,11.33333,6,12.66667],"texture":"#particle"},"up":{"uv":[4,11.33333,2.66667,9.33333],"texture":"#particle"},"down":{"uv":[4,14.66667,2.66667,12.66667],"texture":"#particle"}}},{"from":[12.5,3,7.5],"to":[14.5,5,10.5],"rotation":{"angle":0,"axis":"x","origin":[13,4,8]},"faces":{"north":{"uv":[4,11.33333,2.66667,12.66667],"texture":"#particle"},"east":{"uv":[6,11.33333,4,12.66667],"texture":"#particle"},"south":{"uv":[7.33333,11.33333,6,12.66667],"texture":"#particle"},"west":{"uv":[2.66667,11.33333,0.66667,12.66667],"texture":"#particle"},"up":{"uv":[2.66667,11.33333,4,9.33333],"texture":"#particle"},"down":{"uv":[2.66667,14.66667,4,12.66667],"texture":"#particle"}}},{"from":[2,6,7],"to":[3,8,9],"rotation":{"angle":0,"axis":"y","origin":[11,17,15]},"faces":{"north":{"uv":[12.66667,0.66667,13.33333,2],"texture":"#particle"},"east":{"uv":[11.33333,0.66667,12.66667,2],"texture":"#particle"},"south":{"uv":[14.66667,0.66667,15.33333,2],"texture":"#particle"},"west":{"uv":[13.33333,0.66667,14.66667,2],"texture":"#particle"}}},{"from":[13,6,7],"to":[14,8,9],"rotation":{"angle":0,"axis":"y","origin":[5,17,15]},"faces":{"north":{"uv":[13.33333,0.66667,12.66667,2],"texture":"#particle"},"east":{"uv":[14.66667,0.66667,13.33333,2],"texture":"#particle"},"south":{"uv":[15.33333,0.66667,14.66667,2],"texture":"#particle"},"west":{"uv":[12.66667,0.66667,11.33333,2],"texture":"#particle"}}},{"from":[2,8,7],"to":[14,9,9],"rotation":{"angle":0,"axis":"y","origin":[11,18,15]},"faces":{"north":{"uv":[0.66667,2,8.66667,2.66667],"texture":"#particle"},"east":{"uv":[10,2,8.66667,2.66667],"texture":"#particle"},"south":{"uv":[0.66667,2,8.66667,2.66667],"texture":"#particle"},"west":{"uv":[8.66667,2,10,2.66667],"texture":"#particle"},"up":{"uv":[8.66667,2,0.66667,0.66667],"texture":"#particle"},"down":{"uv":[8.66667,4,0.66667,2.66667],"texture":"#particle"}}}],"display":{"thirdperson_righthand":{"rotation":[75,45,0],"translation":[0,2.5,-0.25],"scale":[0.55,0.55,0.55]},"firstperson_righthand":{"rotation":[0,135,0],"translation":[0.5,3.5,0.5],"scale":[0.4,0.4,0.4]},"ground":{"translation":[0,3,0]},"gui":{"rotation":[30,225,0],"translation":[0,2,0],"scale":[0.8,0.8,0.8]},"head":{"translation":[0,6.4,0],"scale":[1.6,1.6,1.6]},"fixed":{"rotation":[-90,90,0],"translation":[0,0,-12],"scale":[2,2,2]}},"gui_light":"front"}