{"textures":{"particle":"cosmetics:hats/gfx_heather_hat"},"elements":[{"from":[1,5,1],"to":[15,6,15],"faces":{"north":{"uv":[0.5,7.5,7.5,8],"texture":"#particle"},"east":{"uv":[0.5,7.5,7.5,8],"texture":"#particle"},"south":{"uv":[0.5,7.5,7.5,8],"texture":"#particle"},"west":{"uv":[0.5,7.5,7.5,8],"texture":"#particle"},"up":{"uv":[7.5,7.5,0.5,0.5],"texture":"#particle"},"down":{"uv":[7.5,15,0.5,8],"texture":"#particle"}}},{"from":[3,6,3],"to":[13,8,13],"faces":{"north":{"uv":[8.5,7,13.5,8],"texture":"#particle"},"east":{"uv":[8.5,7,13.5,8],"texture":"#particle"},"south":{"uv":[8.5,7,13.5,8],"texture":"#particle"},"west":{"uv":[8.5,7,13.5,8],"texture":"#particle"},"up":{"uv":[13.5,7,8.5,2],"texture":"#particle"}}},{"from":[3.5,8,3.5],"to":[12.5,10,12.5],"faces":{"north":{"uv":[8.5,13.5,13,14.5],"texture":"#particle"},"east":{"uv":[8.5,13.5,13,14.5],"texture":"#particle"},"south":{"uv":[8.5,13.5,13,14.5],"texture":"#particle"},"west":{"uv":[8.5,13.5,13,14.5],"texture":"#particle"},"up":{"uv":[13,13.5,8.5,9],"texture":"#particle"}}},{"from":[0.4675,6,1.2925],"to":[1.4675,7,11.2925],"rotation":{"angle":-22.5,"axis":"y","origin":[8,8,8]},"faces":{"north":{"uv":[8.5,0.5,9,1],"texture":"#particle"},"east":{"uv":[14,0.5,9,1],"texture":"#particle"},"south":{"uv":[14,0.5,14.5,1],"texture":"#particle"},"west":{"uv":[9,0.5,14,1],"texture":"#particle"},"up":{"uv":[15,7,14.5,2],"texture":"#particle"},"down":{"uv":[15,2,14.5,7],"texture":"#particle"}}},{"from":[4.7075,6,0.4675],"to":[14.7075,7,1.4675],"rotation":{"angle":-22.5,"axis":"y","origin":[8,8,8]},"faces":{"north":{"uv":[9,0.5,14,1],"texture":"#particle"},"east":{"uv":[8.5,0.5,9,1],"texture":"#particle"},"south":{"uv":[14,0.5,9,1],"texture":"#particle"},"west":{"uv":[14,0.5,14.5,1],"texture":"#particle"},"up":{"uv":[15,7,14.5,2],"rotation":90,"texture":"#particle"},"down":{"uv":[15,2,14.5,7],"rotation":270,"texture":"#particle"}}},{"from":[14.5325,6,4.7075],"to":[15.5325,7,14.7075],"rotation":{"angle":-22.5,"axis":"y","origin":[8,8,8]},"faces":{"north":{"uv":[14,0.5,14.5,1],"texture":"#particle"},"east":{"uv":[9,0.5,14,1],"texture":"#particle"},"south":{"uv":[8.5,0.5,9,1],"texture":"#particle"},"west":{"uv":[14,0.5,9,1],"texture":"#particle"},"up":{"uv":[15,7,14.5,2],"rotation":180,"texture":"#particle"},"down":{"uv":[15,2,14.5,7],"rotation":180,"texture":"#particle"}}},{"from":[1.2925,6,14.5325],"to":[11.2925,7,15.5325],"rotation":{"angle":-22.5,"axis":"y","origin":[8,8,8]},"faces":{"north":{"uv":[14,0.5,9,1],"texture":"#particle"},"east":{"uv":[14,0.5,14.5,1],"texture":"#particle"},"south":{"uv":[9,0.5,14,1],"texture":"#particle"},"west":{"uv":[8.5,0.5,9,1],"texture":"#particle"},"up":{"uv":[15,7,14.5,2],"rotation":270,"texture":"#particle"},"down":{"uv":[15,2,14.5,7],"rotation":90,"texture":"#particle"}}},{"from":[1.4675,6,2.2925],"to":[2.4675,7,3.2925],"rotation":{"angle":-22.5,"axis":"y","origin":[8,8,8]},"faces":{"north":{"uv":[14.5,9.5,15,10],"texture":"#particle"},"east":{"uv":[14.5,9.5,15,10],"texture":"#particle"},"south":{"uv":[14.5,9.5,15,10],"texture":"#particle"},"up":{"uv":[15,10,14.5,9.5],"texture":"#particle"},"down":{"uv":[15,10,14.5,9.5],"texture":"#particle"}}},{"from":[12.7075,6,1.4675],"to":[13.7075,7,2.4675],"rotation":{"angle":-22.5,"axis":"y","origin":[8,8,8]},"faces":{"east":{"uv":[14.5,9.5,15,10],"texture":"#particle"},"south":{"uv":[14.5,9.5,15,10],"texture":"#particle"},"west":{"uv":[14.5,9.5,15,10],"texture":"#particle"},"up":{"uv":[15,10,14.5,9.5],"rotation":90,"texture":"#particle"},"down":{"uv":[15,10,14.5,9.5],"rotation":270,"texture":"#particle"}}},{"from":[13.5325,6,12.7075],"to":[14.5325,7,13.7075],"rotation":{"angle":-22.5,"axis":"y","origin":[8,8,8]},"faces":{"north":{"uv":[14.5,9.5,15,10],"texture":"#particle"},"south":{"uv":[14.5,9.5,15,10],"texture":"#particle"},"west":{"uv":[14.5,9.5,15,10],"texture":"#particle"},"up":{"uv":[15,10,14.5,9.5],"rotation":180,"texture":"#particle"},"down":{"uv":[15,10,14.5,9.5],"rotation":180,"texture":"#particle"}}},{"from":[2.2925,6,13.5325],"to":[3.2925,7,14.5325],"rotation":{"angle":-22.5,"axis":"y","origin":[8,8,8]},"faces":{"north":{"uv":[14.5,9.5,15,10],"texture":"#particle"},"east":{"uv":[14.5,9.5,15,10],"texture":"#particle"},"west":{"uv":[14.5,9.5,15,10],"texture":"#particle"},"up":{"uv":[15,10,14.5,9.5],"rotation":270,"texture":"#particle"},"down":{"uv":[15,10,14.5,9.5],"rotation":90,"texture":"#particle"}}},{"from":[1.4675,6,4.2925],"to":[2.4675,7,5.2925],"rotation":{"angle":-22.5,"axis":"y","origin":[8,8,8]},"faces":{"north":{"uv":[14.5,8,15,8.5],"texture":"#particle"},"east":{"uv":[14.5,8,15,8.5],"texture":"#particle"},"south":{"uv":[14.5,8,15,8.5],"texture":"#particle"},"up":{"uv":[15,8.5,14.5,8],"texture":"#particle"},"down":{"uv":[15,8.5,14.5,8],"texture":"#particle"}}},{"from":[10.7075,6,1.4675],"to":[11.7075,7,2.4675],"rotation":{"angle":-22.5,"axis":"y","origin":[8,8,8]},"faces":{"east":{"uv":[14.5,8,15,8.5],"texture":"#particle"},"south":{"uv":[14.5,8,15,8.5],"texture":"#particle"},"west":{"uv":[14.5,8,15,8.5],"texture":"#particle"},"up":{"uv":[15,8.5,14.5,8],"rotation":90,"texture":"#particle"},"down":{"uv":[15,8.5,14.5,8],"rotation":270,"texture":"#particle"}}},{"from":[13.5325,6,10.7075],"to":[14.5325,7,11.7075],"rotation":{"angle":-22.5,"axis":"y","origin":[8,8,8]},"faces":{"north":{"uv":[14.5,8,15,8.5],"texture":"#particle"},"south":{"uv":[14.5,8,15,8.5],"texture":"#particle"},"west":{"uv":[14.5,8,15,8.5],"texture":"#particle"},"up":{"uv":[15,8.5,14.5,8],"rotation":180,"texture":"#particle"},"down":{"uv":[15,8.5,14.5,8],"rotation":180,"texture":"#particle"}}},{"from":[4.2925,6,13.5325],"to":[5.2925,7,14.5325],"rotation":{"angle":-22.5,"axis":"y","origin":[8,8,8]},"faces":{"north":{"uv":[14.5,8,15,8.5],"texture":"#particle"},"east":{"uv":[14.5,8,15,8.5],"texture":"#particle"},"west":{"uv":[14.5,8,15,8.5],"texture":"#particle"},"up":{"uv":[15,8.5,14.5,8],"rotation":270,"texture":"#particle"},"down":{"uv":[15,8.5,14.5,8],"rotation":90,"texture":"#particle"}}},{"from":[0.4675,7,2.2925],"to":[1.4675,8,3.2925],"rotation":{"angle":-22.5,"axis":"y","origin":[8,8,8]},"faces":{"north":{"uv":[14.5,8,15,8.5],"texture":"#particle"},"east":{"uv":[14.5,8,15,8.5],"texture":"#particle"},"south":{"uv":[14.5,8,15,8.5],"texture":"#particle"},"west":{"uv":[14.5,8,15,8.5],"texture":"#particle"},"up":{"uv":[15,8.5,14.5,8],"texture":"#particle"}}},{"from":[12.7075,7,0.4675],"to":[13.7075,8,1.4675],"rotation":{"angle":-22.5,"axis":"y","origin":[8,8,8]},"faces":{"north":{"uv":[14.5,8,15,8.5],"texture":"#particle"},"east":{"uv":[14.5,8,15,8.5],"texture":"#particle"},"south":{"uv":[14.5,8,15,8.5],"texture":"#particle"},"west":{"uv":[14.5,8,15,8.5],"texture":"#particle"},"up":{"uv":[15,8.5,14.5,8],"rotation":90,"texture":"#particle"}}},{"from":[14.5325,7,12.7075],"to":[15.5325,8,13.7075],"rotation":{"angle":-22.5,"axis":"y","origin":[8,8,8]},"faces":{"north":{"uv":[14.5,8,15,8.5],"texture":"#particle"},"east":{"uv":[14.5,8,15,8.5],"texture":"#particle"},"south":{"uv":[14.5,8,15,8.5],"texture":"#particle"},"west":{"uv":[14.5,8,15,8.5],"texture":"#particle"},"up":{"uv":[15,8.5,14.5,8],"rotation":180,"texture":"#particle"}}},{"from":[2.2925,7,14.5325],"to":[3.2925,8,15.5325],"rotation":{"angle":-22.5,"axis":"y","origin":[8,8,8]},"faces":{"north":{"uv":[14.5,8,15,8.5],"texture":"#particle"},"east":{"uv":[14.5,8,15,8.5],"texture":"#particle"},"south":{"uv":[14.5,8,15,8.5],"texture":"#particle"},"west":{"uv":[14.5,8,15,8.5],"texture":"#particle"},"up":{"uv":[15,8.5,14.5,8],"rotation":270,"texture":"#particle"}}},{"from":[0.4675,7,4.2925],"to":[1.4675,8,5.2925],"rotation":{"angle":-22.5,"axis":"y","origin":[8,8,8]},"faces":{"north":{"uv":[14.5,9.5,15,10],"texture":"#particle"},"east":{"uv":[14.5,9.5,15,10],"texture":"#particle"},"south":{"uv":[14.5,9.5,15,10],"texture":"#particle"},"west":{"uv":[14.5,9.5,15,10],"texture":"#particle"},"up":{"uv":[15,10,14.5,9.5],"texture":"#particle"}}},{"from":[10.7075,7,0.4675],"to":[11.7075,8,1.4675],"rotation":{"angle":-22.5,"axis":"y","origin":[8,8,8]},"faces":{"north":{"uv":[14.5,9.5,15,10],"texture":"#particle"},"east":{"uv":[14.5,9.5,15,10],"texture":"#particle"},"south":{"uv":[14.5,9.5,15,10],"texture":"#particle"},"west":{"uv":[14.5,9.5,15,10],"texture":"#particle"},"up":{"uv":[15,10,14.5,9.5],"rotation":90,"texture":"#particle"}}},{"from":[14.5325,7,10.7075],"to":[15.5325,8,11.7075],"rotation":{"angle":-22.5,"axis":"y","origin":[8,8,8]},"faces":{"north":{"uv":[14.5,9.5,15,10],"texture":"#particle"},"east":{"uv":[14.5,9.5,15,10],"texture":"#particle"},"south":{"uv":[14.5,9.5,15,10],"texture":"#particle"},"west":{"uv":[14.5,9.5,15,10],"texture":"#particle"},"up":{"uv":[15,10,14.5,9.5],"rotation":180,"texture":"#particle"}}},{"from":[4.2925,7,14.5325],"to":[5.2925,8,15.5325],"rotation":{"angle":-22.5,"axis":"y","origin":[8,8,8]},"faces":{"north":{"uv":[14.5,9.5,15,10],"texture":"#particle"},"east":{"uv":[14.5,9.5,15,10],"texture":"#particle"},"south":{"uv":[14.5,9.5,15,10],"texture":"#particle"},"west":{"uv":[14.5,9.5,15,10],"texture":"#particle"},"up":{"uv":[15,10,14.5,9.5],"rotation":270,"texture":"#particle"}}},{"from":[-0.5325,6,3.2925],"to":[0.4675,7,4.2925],"rotation":{"angle":-22.5,"axis":"y","origin":[8,8,8]},"faces":{"north":{"uv":[14.5,9.5,15,10],"texture":"#particle"},"south":{"uv":[14.5,9.5,15,10],"texture":"#particle"},"west":{"uv":[14.5,9.5,15,10],"texture":"#particle"},"up":{"uv":[15,10,14.5,9.5],"texture":"#particle"},"down":{"uv":[15,10,14.5,9.5],"texture":"#particle"}}},{"from":[11.7075,6,-0.5325],"to":[12.7075,7,0.4675],"rotation":{"angle":-22.5,"axis":"y","origin":[8,8,8]},"faces":{"north":{"uv":[14.5,9.5,15,10],"texture":"#particle"},"east":{"uv":[14.5,9.5,15,10],"texture":"#particle"},"west":{"uv":[14.5,9.5,15,10],"texture":"#particle"},"up":{"uv":[15,10,14.5,9.5],"rotation":90,"texture":"#particle"},"down":{"uv":[15,10,14.5,9.5],"rotation":270,"texture":"#particle"}}},{"from":[15.5325,6,11.7075],"to":[16.5325,7,12.7075],"rotation":{"angle":-22.5,"axis":"y","origin":[8,8,8]},"faces":{"north":{"uv":[14.5,9.5,15,10],"texture":"#particle"},"east":{"uv":[14.5,9.5,15,10],"texture":"#particle"},"south":{"uv":[14.5,9.5,15,10],"texture":"#particle"},"up":{"uv":[15,10,14.5,9.5],"rotation":180,"texture":"#particle"},"down":{"uv":[15,10,14.5,9.5],"rotation":180,"texture":"#particle"}}},{"from":[3.2925,6,15.5325],"to":[4.2925,7,16.5325],"rotation":{"angle":-22.5,"axis":"y","origin":[8,8,8]},"faces":{"east":{"uv":[14.5,9.5,15,10],"texture":"#particle"},"south":{"uv":[14.5,9.5,15,10],"texture":"#particle"},"west":{"uv":[14.5,9.5,15,10],"texture":"#particle"},"up":{"uv":[15,10,14.5,9.5],"rotation":270,"texture":"#particle"},"down":{"uv":[15,10,14.5,9.5],"rotation":90,"texture":"#particle"}}},{"from":[-0.5325,6,5.2925],"to":[0.4675,7,6.2925],"rotation":{"angle":-22.5,"axis":"y","origin":[8,8,8]},"faces":{"north":{"uv":[14.5,8,15,8.5],"texture":"#particle"},"south":{"uv":[14.5,8,15,8.5],"texture":"#particle"},"west":{"uv":[14.5,8,15,8.5],"texture":"#particle"},"up":{"uv":[15,8.5,14.5,8],"texture":"#particle"},"down":{"uv":[15,8.5,14.5,8],"texture":"#particle"}}},{"from":[9.7075,6,-0.5325],"to":[10.7075,7,0.4675],"rotation":{"angle":-22.5,"axis":"y","origin":[8,8,8]},"faces":{"north":{"uv":[14.5,8,15,8.5],"texture":"#particle"},"east":{"uv":[14.5,8,15,8.5],"texture":"#particle"},"west":{"uv":[14.5,8,15,8.5],"texture":"#particle"},"up":{"uv":[15,8.5,14.5,8],"rotation":90,"texture":"#particle"},"down":{"uv":[15,8.5,14.5,8],"rotation":270,"texture":"#particle"}}},{"from":[15.5325,6,9.7075],"to":[16.5325,7,10.7075],"rotation":{"angle":-22.5,"axis":"y","origin":[8,8,8]},"faces":{"north":{"uv":[14.5,8,15,8.5],"texture":"#particle"},"east":{"uv":[14.5,8,15,8.5],"texture":"#particle"},"south":{"uv":[14.5,8,15,8.5],"texture":"#particle"},"up":{"uv":[15,8.5,14.5,8],"rotation":180,"texture":"#particle"},"down":{"uv":[15,8.5,14.5,8],"rotation":180,"texture":"#particle"}}},{"from":[5.2925,6,15.5325],"to":[6.2925,7,16.5325],"rotation":{"angle":-22.5,"axis":"y","origin":[8,8,8]},"faces":{"east":{"uv":[14.5,8,15,8.5],"texture":"#particle"},"south":{"uv":[14.5,8,15,8.5],"texture":"#particle"},"west":{"uv":[14.5,8,15,8.5],"texture":"#particle"},"up":{"uv":[15,8.5,14.5,8],"rotation":270,"texture":"#particle"},"down":{"uv":[15,8.5,14.5,8],"rotation":90,"texture":"#particle"}}}],"display":{"thirdperson_righthand":{"rotation":[75,45,0],"translation":[0,2.5,-0.25],"scale":[0.55,0.55,0.55]},"thirdperson_lefthand":{"rotation":[75,45,0],"translation":[0,2.5,-0.25],"scale":[0.55,0.55,0.55]},"firstperson_righthand":{"rotation":[0,45,0],"translation":[0,2.5,0.5],"scale":[0.4,0.4,0.4]},"firstperson_lefthand":{"rotation":[0,45,0],"translation":[0,2.5,0.5],"scale":[0.4,0.4,0.4]},"gui":{"rotation":[30,225,0],"translation":[0,1,0],"scale":[0.75,0.75,0.75]},"head":{"translation":[0,6.45,0],"scale":[1.61,1.61,1.61]},"fixed":{"rotation":[-90,0,0],"translation":[0,0,-5],"scale":[2,2,2]}},"gui_light":"front"}