{"textures":{"particle":"cosmetics:hats/gfx_hockey_mask"},"elements":[{"from":[3,3,3],"to":[13,4,4],"rotation":{"angle":0,"axis":"y","origin":[19,9,11]},"faces":{"north":{"uv":[0.5,1,5.5,1.5],"texture":"#particle"},"east":{"uv":[6,1,5.5,1.5],"texture":"#particle"},"south":{"uv":[5.5,2.5,0.5,2],"texture":"#particle"},"west":{"uv":[5.5,1,6,1.5],"texture":"#particle"},"up":{"uv":[5.5,1,0.5,0.5],"texture":"#particle"},"down":{"uv":[5.5,2,0.5,1.5],"texture":"#particle"}}},{"from":[5,2,3],"to":[6,3,4],"rotation":{"angle":0,"axis":"y","origin":[12,8,11]},"faces":{"north":{"uv":[1,14.5,1.5,15],"texture":"#particle"},"east":{"uv":[0.5,14.5,1,15],"texture":"#particle"},"south":{"uv":[2,14.5,2.5,15],"texture":"#particle"},"west":{"uv":[1.5,14.5,2,15],"texture":"#particle"}}},{"from":[10,2,3],"to":[11,3,4],"rotation":{"angle":0,"axis":"y","origin":[4,8,11]},"faces":{"north":{"uv":[1.5,14.5,1,15],"texture":"#particle"},"east":{"uv":[2,14.5,1.5,15],"texture":"#particle"},"south":{"uv":[2.5,14.5,2,15],"texture":"#particle"},"west":{"uv":[1,14.5,0.5,15],"texture":"#particle"}}},{"from":[3,2,3],"to":[4,3,4],"rotation":{"angle":0,"axis":"y","origin":[10,8,11]},"faces":{"north":{"uv":[4,14.5,4.5,15],"texture":"#particle"},"east":{"uv":[3.5,14.5,4,15],"texture":"#particle"},"south":{"uv":[5,14.5,5.5,15],"texture":"#particle"},"west":{"uv":[4.5,14.5,5,15],"texture":"#particle"}}},{"from":[12,2,3],"to":[13,3,4],"rotation":{"angle":0,"axis":"y","origin":[6,8,11]},"faces":{"north":{"uv":[4.5,14.5,4,15],"texture":"#particle"},"east":{"uv":[5,14.5,4.5,15],"texture":"#particle"},"south":{"uv":[5.5,14.5,5,15],"texture":"#particle"},"west":{"uv":[4,14.5,3.5,15],"texture":"#particle"}}},{"from":[3,1,3],"to":[13,2,4],"rotation":{"angle":0,"axis":"y","origin":[19,7,11]},"faces":{"north":{"uv":[0.5,4,5.5,4.5],"texture":"#particle"},"east":{"uv":[6,4,5.5,4.5],"texture":"#particle"},"south":{"uv":[5.5,5.5,0.5,5],"texture":"#particle"},"west":{"uv":[5.5,4,6,4.5],"texture":"#particle"},"up":{"uv":[5.5,4,0.5,3.5],"texture":"#particle"},"down":{"uv":[5.5,5,0.5,4.5],"texture":"#particle"}}},{"from":[3,0,3],"to":[6,1,4],"rotation":{"angle":0,"axis":"y","origin":[12,6,11]},"faces":{"north":{"uv":[13,4,14.5,4.5],"texture":"#particle"},"east":{"uv":[12.5,4,13,4.5],"texture":"#particle"},"south":{"uv":[14.5,5.5,13,5],"texture":"#particle"},"west":{"uv":[14.5,4,15,4.5],"texture":"#particle"},"down":{"uv":[14.5,5,13,4.5],"texture":"#particle"}}},{"from":[10,0,3],"to":[13,1,4],"rotation":{"angle":0,"axis":"y","origin":[4,6,11]},"faces":{"north":{"uv":[14.5,4,13,4.5],"texture":"#particle"},"east":{"uv":[15,4,14.5,4.5],"texture":"#particle"},"south":{"uv":[13,5.5,14.5,5],"texture":"#particle"},"west":{"uv":[13,4,12.5,4.5],"texture":"#particle"},"down":{"uv":[13,5,14.5,4.5],"texture":"#particle"}}},{"from":[3,4,4],"to":[4,5,12],"rotation":{"angle":0,"axis":"y","origin":[3.5,4.5,8]},"faces":{"east":{"uv":[4.5,13.5,0.5,13],"texture":"#particle"},"west":{"uv":[0.5,12,4.5,12.5],"texture":"#particle"},"up":{"uv":[4.5,12,0.5,11.5],"rotation":270,"texture":"#particle"},"down":{"uv":[4.5,13,0.5,12.5],"rotation":90,"texture":"#particle"}}},{"from":[12,4,4],"to":[13,5,12],"rotation":{"angle":0,"axis":"y","origin":[12.5,4.5,8]},"faces":{"east":{"uv":[4.5,12,0.5,12.5],"texture":"#particle"},"west":{"uv":[0.5,13.5,4.5,13],"texture":"#particle"},"up":{"uv":[4.5,11.5,0.5,12],"rotation":270,"texture":"#particle"},"down":{"uv":[4.5,12.5,0.5,13],"rotation":90,"texture":"#particle"}}},{"from":[3,4,12],"to":[13,5,13],"rotation":{"angle":0,"axis":"y","origin":[11,8,12]},"faces":{"north":{"uv":[5.5,12,10.5,12.5],"texture":"#particle"},"east":{"uv":[11,12,10.5,12.5],"texture":"#particle"},"south":{"uv":[10.5,13.5,5.5,13],"texture":"#particle"},"west":{"uv":[10.5,12,11,12.5],"texture":"#particle"},"up":{"uv":[10.5,12,5.5,11.5],"texture":"#particle"},"down":{"uv":[10.5,13,5.5,12.5],"texture":"#particle"}}},{"from":[7,0,3],"to":[9,8,4],"rotation":{"angle":0,"axis":"y","origin":[16,9,11]},"faces":{"north":{"uv":[5.5,6.5,6.5,10.5],"texture":"#particle"},"east":{"uv":[7,6.5,6.5,10.5],"texture":"#particle"},"south":{"uv":[7,6.5,8,10.5],"texture":"#particle"},"west":{"uv":[6.5,6.5,7,10.5],"texture":"#particle"}}},{"from":[4,0,3.46875],"to":[12,8,3.47875],"rotation":{"angle":0,"axis":"y","origin":[18,8,10.46875]},"faces":{"north":{"uv":[0.5,6.5,4.5,10.5],"texture":"#particle"},"south":{"uv":[0.5,6.5,4.5,10.5],"texture":"#particle"}}},{"from":[3,6,3],"to":[6,8,4],"rotation":{"angle":0,"axis":"y","origin":[19,9,11]},"faces":{"north":{"uv":[9.5,7,11,8],"texture":"#particle"},"east":{"uv":[9,7,9.5,8],"texture":"#particle"},"south":{"uv":[11,9.5,9.5,8.5],"texture":"#particle"},"west":{"uv":[11,7,11.5,8],"texture":"#particle"},"up":{"uv":[11,7,9.5,6.5],"texture":"#particle"},"down":{"uv":[11,8.5,9.5,8],"texture":"#particle"}}},{"from":[10,6,3],"to":[13,8,4],"rotation":{"angle":0,"axis":"y","origin":[-3,9,11]},"faces":{"north":{"uv":[11,7,9.5,8],"texture":"#particle"},"east":{"uv":[11.5,7,11,8],"texture":"#particle"},"south":{"uv":[9.5,9.5,11,8.5],"texture":"#particle"},"west":{"uv":[9.5,7,9,8],"texture":"#particle"},"up":{"uv":[9.5,7,11,6.5],"texture":"#particle"},"down":{"uv":[9.5,8.5,11,8],"texture":"#particle"}}},{"from":[3,4,3],"to":[5,6,4],"rotation":{"angle":0,"axis":"y","origin":[19,7,11]},"faces":{"north":{"uv":[13,7,14,8],"texture":"#particle"},"east":{"uv":[12.5,7,13,8],"texture":"#particle"},"south":{"uv":[14,9.5,13,8.5],"texture":"#particle"},"west":{"uv":[14,7,14.5,8],"texture":"#particle"}}},{"from":[11,4,3],"to":[13,6,4],"rotation":{"angle":0,"axis":"y","origin":[-3,7,11]},"faces":{"north":{"uv":[14,7,13,8],"texture":"#particle"},"east":{"uv":[14.5,7,14,8],"texture":"#particle"},"south":{"uv":[13,9.5,14,8.5],"texture":"#particle"},"west":{"uv":[13,7,12.5,8],"texture":"#particle"}}},{"from":[6,6,3],"to":[10,7,4],"rotation":{"angle":0,"axis":"y","origin":[25,9,11]},"faces":{"north":{"uv":[12.5,1,14.5,1.5],"texture":"#particle"},"south":{"uv":[14.5,2.5,12.5,2],"texture":"#particle"},"up":{"uv":[14.5,1,12.5,0.5],"texture":"#particle"},"down":{"uv":[14.5,2,12.5,1.5],"texture":"#particle"}}},{"from":[4,8,3],"to":[12,9,4],"rotation":{"angle":0,"axis":"y","origin":[19,10,11]},"faces":{"north":{"uv":[7,1,11,1.5],"texture":"#particle"},"east":{"uv":[11.5,1,11,1.5],"texture":"#particle"},"south":{"uv":[11,2.5,7,2],"texture":"#particle"},"west":{"uv":[11,1,11.5,1.5],"texture":"#particle"},"up":{"uv":[11,1,7,0.5],"texture":"#particle"},"down":{"uv":[11,2,7,1.5],"texture":"#particle"}}},{"from":[4,-1,3],"to":[12,0,4],"rotation":{"angle":0,"axis":"y","origin":[19,1,11]},"faces":{"north":{"uv":[7,4,11,4.5],"texture":"#particle"},"east":{"uv":[11.5,4,11,4.5],"texture":"#particle"},"south":{"uv":[11,5.5,7,5],"texture":"#particle"},"west":{"uv":[11,4,11.5,4.5],"texture":"#particle"},"up":{"uv":[11,4,7,3.5],"texture":"#particle"},"down":{"uv":[11,5,7,4.5],"texture":"#particle"}}}],"gui_light":"front","display":{"thirdperson_righthand":{"rotation":[75,45,0],"translation":[0,2.5,1],"scale":[0.55,0.55,0.55]},"firstperson_righthand":{"rotation":[0,135,0],"translation":[0,4,0.5],"scale":[0.4,0.4,0.4]},"ground":{"translation":[0,6,0]},"gui":{"rotation":[30,225,0],"translation":[0,4,0],"scale":[0.8,0.8,0.8]},"head":{"translation":[0,6.4,0],"scale":[1.6,1.6,1.6]},"fixed":{"rotation":[-63,0,0],"translation":[0,6.5,-12],"scale":[2,2,2]}}}