{"textures":{"particle":"cosmetics:hats/gfx_hot_chocolate_beanie"},"elements":[{"from":[3,5,3],"to":[13,8,13],"rotation":{"angle":0,"axis":"y","origin":[12,13,11]},"faces":{"north":{"uv":[0.5,5.5,5.5,7],"texture":"#particle"},"east":{"uv":[0.5,5.5,5.5,7],"texture":"#particle"},"south":{"uv":[0.5,5.5,5.5,7],"texture":"#particle"},"west":{"uv":[0.5,5.5,5.5,7],"texture":"#particle"},"up":{"uv":[5.5,5.5,0.5,0.5],"texture":"#particle"},"down":{"uv":[5.5,12,0.5,7],"texture":"#particle"}}},{"from":[-2.5,8,5.5],"to":[2.5,9,10.5],"rotation":{"angle":0,"axis":"y","origin":[10.5,14,9.5]},"faces":{"north":{"uv":[12,3,14.5,3.5],"texture":"#particle"},"east":{"uv":[12,3,14.5,3.5],"texture":"#particle"},"south":{"uv":[12,3,14.5,3.5],"texture":"#particle"},"west":{"uv":[12,3,14.5,3.5],"texture":"#particle"},"up":{"uv":[14.5,3,12,0.5],"texture":"#particle"},"down":{"uv":[4,4,1.5,1.5],"texture":"#particle"}}},{"from":[13.5,8,5.5],"to":[18.5,9,10.5],"rotation":{"angle":0,"axis":"y","origin":[26.5,14,9.5]},"faces":{"north":{"uv":[12,3,14.5,3.5],"texture":"#particle"},"east":{"uv":[12,3,14.5,3.5],"texture":"#particle"},"south":{"uv":[12,3,14.5,3.5],"texture":"#particle"},"west":{"uv":[12,3,14.5,3.5],"texture":"#particle"},"up":{"uv":[14.5,3,12,0.5],"texture":"#particle"},"down":{"uv":[4,4,1.5,1.5],"texture":"#particle"}}},{"from":[2.5,8,6.5],"to":[3.5,9,9.5],"rotation":{"angle":0,"axis":"y","origin":[11.5,14,9.5]},"faces":{"north":{"uv":[13.5,12,14,12.5],"texture":"#particle"},"south":{"uv":[14,14.5,13.5,14],"texture":"#particle"},"up":{"uv":[14,12,13.5,10.5],"texture":"#particle"},"down":{"uv":[14,14,13.5,12.5],"texture":"#particle"}}},{"from":[12.5,8,6.5],"to":[13.5,9,9.5],"rotation":{"angle":0,"axis":"y","origin":[21.5,14,9.5]},"faces":{"north":{"uv":[13.5,12,14,12.5],"texture":"#particle"},"south":{"uv":[14,14.5,13.5,14],"texture":"#particle"},"up":{"uv":[14,12,13.5,10.5],"texture":"#particle"},"down":{"uv":[14,14,13.5,12.5],"texture":"#particle"}}},{"from":[3.5,8,3.5],"to":[12.5,11,12.5],"rotation":{"angle":0,"axis":"y","origin":[11.5,15,11.5]},"faces":{"north":{"uv":[6.5,5,11,6.5],"texture":"#particle"},"east":{"uv":[6.5,5,11,6.5],"texture":"#particle"},"south":{"uv":[6.5,5,11,6.5],"texture":"#particle"},"west":{"uv":[6.5,5,11,6.5],"texture":"#particle"},"up":{"uv":[11,5,6.5,0.5],"texture":"#particle"}}},{"from":[4.5,11,4.5],"to":[11.5,12,11.5],"rotation":{"angle":0,"axis":"y","origin":[11.5,17,11.5]},"faces":{"north":{"uv":[12,4.5,15.5,5],"texture":"#particle"},"east":{"uv":[12,4.5,15.5,5],"texture":"#particle"},"south":{"uv":[12,4.5,15.5,5],"texture":"#particle"},"west":{"uv":[12,4.5,15.5,5],"texture":"#particle"},"up":{"uv":[10.5,4.5,7,1],"texture":"#particle"}}},{"from":[-2,5,6],"to":[2,10,10],"rotation":{"angle":0,"axis":"y","origin":[9,14,15]},"faces":{"north":{"uv":[6.5,9.5,8.5,12],"texture":"#particle"},"east":{"uv":[6.5,9.5,8.5,12],"texture":"#particle"},"south":{"uv":[6.5,9.5,8.5,12],"texture":"#particle"},"west":{"uv":[6.5,9.5,8.5,12],"texture":"#particle"},"up":{"uv":[8.5,9.5,6.5,7.5],"texture":"#particle"},"down":{"uv":[8.5,14,6.5,12],"texture":"#particle"}}},{"from":[14,5,6],"to":[18,10,10],"rotation":{"angle":0,"axis":"y","origin":[25,14,15]},"faces":{"north":{"uv":[6.5,9.5,8.5,12],"texture":"#particle"},"east":{"uv":[6.5,9.5,8.5,12],"texture":"#particle"},"south":{"uv":[6.5,9.5,8.5,12],"texture":"#particle"},"west":{"uv":[6.5,9.5,8.5,12],"texture":"#particle"},"up":{"uv":[8.5,9.5,6.5,7.5],"texture":"#particle"},"down":{"uv":[8.5,14,6.5,12],"texture":"#particle"}}},{"from":[0,11,8],"to":[1,12,11],"rotation":{"angle":0,"axis":"y","origin":[0.5,11.5,9.6]},"faces":{"north":{"uv":[0.5,15,1,15.5],"texture":"#particle"},"east":{"uv":[2.5,15.5,1,15],"texture":"#particle"},"south":{"uv":[2.5,15,3,15.5],"texture":"#particle"},"west":{"uv":[1,15,2.5,15.5],"texture":"#particle"},"up":{"uv":[2.5,15.5,1,15],"rotation":270,"texture":"#particle"}}},{"from":[15,11,8],"to":[16,12,11],"rotation":{"angle":0,"axis":"y","origin":[15.5,11.5,9.6]},"faces":{"north":{"uv":[1,15,0.5,15.5],"texture":"#particle"},"east":{"uv":[2.5,15,1,15.5],"texture":"#particle"},"south":{"uv":[3,15,2.5,15.5],"texture":"#particle"},"west":{"uv":[1,15.5,2.5,15],"texture":"#particle"},"up":{"uv":[2.5,15,1,15.5],"rotation":270,"texture":"#particle"}}},{"from":[0,10,8],"to":[1,11,9],"rotation":{"angle":0,"axis":"y","origin":[9,13,15.1]},"faces":{"north":{"uv":[5,13.5,5.5,14],"texture":"#particle"},"west":{"uv":[5,13.5,5.5,14],"texture":"#particle"}}},{"from":[15,10,8],"to":[16,11,9],"rotation":{"angle":0,"axis":"y","origin":[7,13,15.1]},"faces":{"north":{"uv":[5.5,13.5,5,14],"texture":"#particle"},"east":{"uv":[5.5,13.5,5,14],"texture":"#particle"}}},{"from":[0,2,10],"to":[1,11,11],"rotation":{"angle":0,"axis":"y","origin":[9,13,17.1]},"faces":{"north":{"uv":[12,9,12.5,13.5],"texture":"#particle"},"east":{"uv":[12,9,12.5,13.5],"texture":"#particle"},"south":{"uv":[12,9,12.5,13.5],"texture":"#particle"},"west":{"uv":[12,9,12.5,13.5],"texture":"#particle"}}},{"from":[15,2,10],"to":[16,11,11],"rotation":{"angle":0,"axis":"y","origin":[7,13,17.1]},"faces":{"north":{"uv":[12.5,9,12,13.5],"texture":"#particle"},"east":{"uv":[12.5,9,12,13.5],"texture":"#particle"},"south":{"uv":[12.5,9,12,13.5],"texture":"#particle"},"west":{"uv":[12.5,9,12,13.5],"texture":"#particle"}}},{"from":[0,1,3],"to":[7,2,4],"rotation":{"angle":0,"axis":"y","origin":[10,13,16]},"faces":{"north":{"uv":[12,6,15.5,6.5],"texture":"#particle"},"east":{"uv":[13.5,9,14,9.5],"texture":"#particle"},"south":{"uv":[15.5,6.5,12,6],"texture":"#particle"},"west":{"uv":[15,9,15.5,9.5],"texture":"#particle"},"up":{"uv":[15.5,6.5,12,6],"texture":"#particle"},"down":{"uv":[15.5,6.5,12,6],"texture":"#particle"}}},{"from":[9,1,3],"to":[16,2,4],"rotation":{"angle":0,"axis":"y","origin":[6,13,16]},"faces":{"north":{"uv":[15.5,6,12,6.5],"texture":"#particle"},"east":{"uv":[15.5,9,15,9.5],"texture":"#particle"},"south":{"uv":[12,6.5,15.5,6],"texture":"#particle"},"west":{"uv":[14,9,13.5,9.5],"texture":"#particle"},"up":{"uv":[12,6.5,15.5,6],"texture":"#particle"},"down":{"uv":[12,6.5,15.5,6],"texture":"#particle"}}},{"from":[0,1,4],"to":[1,2,11],"rotation":{"angle":0,"axis":"y","origin":[0.5,1.5,7.5]},"faces":{"east":{"uv":[15.5,8,12,7.5],"texture":"#particle"},"south":{"uv":[15,10.5,15.5,11],"texture":"#particle"},"west":{"uv":[12,7.5,15.5,8],"texture":"#particle"},"up":{"uv":[15.5,8,12,7.5],"rotation":270,"texture":"#particle"},"down":{"uv":[15.5,8,12,7.5],"rotation":90,"texture":"#particle"}}},{"from":[15,1,4],"to":[16,2,11],"rotation":{"angle":0,"axis":"y","origin":[15.5,1.5,7.5]},"faces":{"east":{"uv":[15.5,7.5,12,8],"texture":"#particle"},"south":{"uv":[15.5,10.5,15,11],"texture":"#particle"},"west":{"uv":[12,8,15.5,7.5],"texture":"#particle"},"up":{"uv":[15.5,7.5,12,8],"rotation":270,"texture":"#particle"},"down":{"uv":[15.5,7.5,12,8],"rotation":90,"texture":"#particle"}}},{"from":[-2,10,6],"to":[1,11,7],"rotation":{"angle":0,"axis":"y","origin":[0,10.5,8]},"faces":{"north":{"uv":[0.5,13.5,2,14],"texture":"#particle"},"south":{"uv":[2.5,13.5,4,14],"texture":"#particle"},"west":{"uv":[2,13.5,2.5,14],"texture":"#particle"},"up":{"uv":[2,13.5,0.5,13],"texture":"#particle"}}},{"from":[14,10,6],"to":[17,11,7],"rotation":{"angle":0,"axis":"y","origin":[16,10.5,8]},"faces":{"north":{"uv":[0.5,13.5,2,14],"texture":"#particle"},"south":{"uv":[2.5,13.5,4,14],"texture":"#particle"},"west":{"uv":[2,13.5,2.5,14],"texture":"#particle"},"up":{"uv":[2,13.5,0.5,13],"texture":"#particle"}}},{"from":[1,10,6],"to":[2,11,9],"rotation":{"angle":0,"axis":"y","origin":[0,10.5,8]},"faces":{"north":{"uv":[2,13.5,2.5,14],"texture":"#particle"},"east":{"uv":[0.5,13.5,2,14],"texture":"#particle"},"west":{"uv":[2.5,13.5,4,14],"texture":"#particle"},"up":{"uv":[2,13.5,0.5,13],"rotation":90,"texture":"#particle"}}},{"from":[17,10,6],"to":[18,11,9],"rotation":{"angle":0,"axis":"y","origin":[16,10.5,8]},"faces":{"north":{"uv":[2,13.5,2.5,14],"texture":"#particle"},"east":{"uv":[0.5,13.5,2,14],"texture":"#particle"},"west":{"uv":[2.5,13.5,4,14],"texture":"#particle"},"up":{"uv":[2,13.5,0.5,13],"rotation":90,"texture":"#particle"}}},{"from":[-1,10,9],"to":[2,11,10],"rotation":{"angle":0,"axis":"y","origin":[0,10.5,8]},"faces":{"north":{"uv":[2.5,13.5,4,14],"texture":"#particle"},"east":{"uv":[2,13.5,2.5,14],"texture":"#particle"},"south":{"uv":[0.5,13.5,2,14],"texture":"#particle"},"up":{"uv":[2,13.5,0.5,13],"rotation":180,"texture":"#particle"}}},{"from":[15,10,9],"to":[18,11,10],"rotation":{"angle":0,"axis":"y","origin":[16,10.5,8]},"faces":{"north":{"uv":[2.5,13.5,4,14],"texture":"#particle"},"east":{"uv":[2,13.5,2.5,14],"texture":"#particle"},"south":{"uv":[0.5,13.5,2,14],"texture":"#particle"},"up":{"uv":[2,13.5,0.5,13],"rotation":180,"texture":"#particle"}}},{"from":[-2,10,7],"to":[-1,11,10],"rotation":{"angle":0,"axis":"y","origin":[0,10.5,8]},"faces":{"east":{"uv":[2.5,13.5,4,14],"texture":"#particle"},"south":{"uv":[2,13.5,2.5,14],"texture":"#particle"},"west":{"uv":[0.5,13.5,2,14],"texture":"#particle"},"up":{"uv":[2,13.5,0.5,13],"rotation":270,"texture":"#particle"}}},{"from":[14,10,7],"to":[15,11,10],"rotation":{"angle":0,"axis":"y","origin":[16,10.5,8]},"faces":{"east":{"uv":[2.5,13.5,4,14],"texture":"#particle"},"south":{"uv":[2,13.5,2.5,14],"texture":"#particle"},"west":{"uv":[0.5,13.5,2,14],"texture":"#particle"},"up":{"uv":[2,13.5,0.5,13],"rotation":270,"texture":"#particle"}}},{"from":[-4,9,7.5],"to":[-2,10,8.5],"rotation":{"angle":0,"axis":"y","origin":[5,15,15.5]},"faces":{"north":{"uv":[9.5,8,10.5,8.5],"texture":"#particle"},"south":{"uv":[10.5,8,9.5,8.5],"texture":"#particle"},"west":{"uv":[10.5,8,11,8.5],"texture":"#particle"},"up":{"uv":[10.5,8,9.5,7.5],"texture":"#particle"},"down":{"uv":[10.5,9,9.5,8.5],"texture":"#particle"}}},{"from":[18,9,7.5],"to":[20,10,8.5],"rotation":{"angle":0,"axis":"y","origin":[11,15,15.5]},"faces":{"north":{"uv":[10.5,8,9.5,8.5],"texture":"#particle"},"east":{"uv":[11,8,10.5,8.5],"texture":"#particle"},"south":{"uv":[9.5,8,10.5,8.5],"texture":"#particle"},"up":{"uv":[9.5,8,10.5,7.5],"texture":"#particle"},"down":{"uv":[9.5,9,10.5,8.5],"texture":"#particle"}}},{"from":[-4,6,7.5],"to":[-2,7,8.5],"rotation":{"angle":0,"axis":"y","origin":[5,12,15.5]},"faces":{"north":{"uv":[9.5,12.5,10.5,13],"texture":"#particle"},"south":{"uv":[10.5,12.5,9.5,13],"texture":"#particle"},"west":{"uv":[10.5,12.5,11,13],"texture":"#particle"},"up":{"uv":[10.5,12.5,9.5,12],"texture":"#particle"},"down":{"uv":[10.5,13.5,9.5,13],"texture":"#particle"}}},{"from":[18,6,7.5],"to":[20,7,8.5],"rotation":{"angle":0,"axis":"y","origin":[11,12,15.5]},"faces":{"north":{"uv":[10.5,12.5,9.5,13],"texture":"#particle"},"east":{"uv":[11,12.5,10.5,13],"texture":"#particle"},"south":{"uv":[9.5,12.5,10.5,13],"texture":"#particle"},"up":{"uv":[9.5,12.5,10.5,12],"texture":"#particle"},"down":{"uv":[9.5,13.5,10.5,13],"texture":"#particle"}}},{"from":[-4,7,7.5],"to":[-3,9,8.5],"rotation":{"angle":0,"axis":"y","origin":[5,13,15.5]},"faces":{"north":{"uv":[10,10,10.5,11],"texture":"#particle"},"east":{"uv":[9.5,10,10,11],"texture":"#particle"},"south":{"uv":[10.5,10,10,11],"texture":"#particle"},"west":{"uv":[10.5,10,11,11],"texture":"#particle"}}},{"from":[19,7,7.5],"to":[20,9,8.5],"rotation":{"angle":0,"axis":"y","origin":[11,13,15.5]},"faces":{"north":{"uv":[10.5,10,10,11],"texture":"#particle"},"east":{"uv":[11,10,10.5,11],"texture":"#particle"},"south":{"uv":[10,10,10.5,11],"texture":"#particle"},"west":{"uv":[10,10,9.5,11],"texture":"#particle"}}}],"display":{"thirdperson_righthand":{"rotation":[75,45,0],"translation":[0,2.5,-0.25],"scale":[0.55,0.55,0.55]},"firstperson_righthand":{"rotation":[0,135,0],"translation":[0,2.5,0.5],"scale":[0.4,0.4,0.4]},"ground":{"translation":[0,5,0]},"gui":{"rotation":[30,225,0],"translation":[0,1,0],"scale":[0.8,0.8,0.8]},"head":{"translation":[0,6.45,0],"scale":[1.61,1.61,1.61]},"fixed":{"rotation":[-90,0,0],"translation":[0,1.5,-14],"scale":[2,2,2]}},"gui_light":"front"}