{"textures":{"particle":"cosmetics:hats/gfx_ice_cream_hat"},"elements":[{"from":[3,5,3],"to":[13,9,13],"rotation":{"angle":0,"axis":"y","origin":[11,15,11]},"faces":{"north":{"uv":[0.5,5.5,5.5,7.5],"texture":"#particle"},"east":{"uv":[0.5,13.5,5.5,15.5],"texture":"#particle"},"south":{"uv":[0.5,5.5,5.5,7.5],"texture":"#particle"},"west":{"uv":[0.5,13.5,5.5,15.5],"texture":"#particle"},"up":{"uv":[5.5,5.5,0.5,0.5],"texture":"#particle"},"down":{"uv":[5.5,12.5,0.5,7.5],"texture":"#particle"}}},{"from":[3.5,9,3.5],"to":[12.5,11,12.5],"rotation":{"angle":0,"axis":"y","origin":[11.5,18,11.5]},"faces":{"north":{"uv":[6.5,5,11,6],"texture":"#particle"},"east":{"uv":[11,5,15.5,6],"texture":"#particle"},"south":{"uv":[6.5,5,11,6],"texture":"#particle"},"west":{"uv":[11,5,15.5,6],"texture":"#particle"},"up":{"uv":[11,5,6.5,0.5],"texture":"#particle"}}},{"from":[5,11,5],"to":[11,12,11],"rotation":{"angle":-22.5,"axis":"y","origin":[8,11.5,8]},"faces":{"north":{"uv":[6.5,10,9.5,10.5],"texture":"#particle"},"east":{"uv":[6.5,11.5,9.5,12],"texture":"#particle"},"south":{"uv":[6.5,10,9.5,10.5],"texture":"#particle"},"west":{"uv":[6.5,11.5,9.5,12],"texture":"#particle"},"up":{"uv":[9.5,10,6.5,7],"texture":"#particle"}}},{"from":[6.5,12,6.5],"to":[9.5,13,9.5],"rotation":{"angle":22.5,"axis":"y","origin":[8,12.5,8]},"faces":{"north":{"uv":[12,2,13.5,2.5],"texture":"#particle"},"east":{"uv":[12,3.5,13.5,4],"texture":"#particle"},"south":{"uv":[12,2,13.5,2.5],"texture":"#particle"},"west":{"uv":[12,3.5,13.5,4],"texture":"#particle"},"up":{"uv":[13.5,2,12,0.5],"texture":"#particle"}}},{"from":[7,13,7],"to":[9,15,9],"rotation":{"angle":0,"axis":"y","origin":[12,21,11]},"faces":{"north":{"uv":[11.5,8,12.5,9],"texture":"#particle"},"east":{"uv":[10.5,8,11.5,9],"texture":"#particle"},"south":{"uv":[13.5,8,14.5,9],"texture":"#particle"},"west":{"uv":[12.5,8,13.5,9],"texture":"#particle"},"up":{"uv":[12.5,8,11.5,7],"texture":"#particle"}}},{"from":[7,15,7.5],"to":[8,17,8.5],"rotation":{"angle":45,"axis":"z","origin":[8,15,8]},"faces":{"north":{"uv":[11,10.5,11.5,11.5],"texture":"#particle"},"east":{"uv":[10.5,10.5,11,11.5],"texture":"#particle"},"south":{"uv":[12,10.5,12.5,11.5],"texture":"#particle"},"west":{"uv":[11.5,10.5,12,11.5],"texture":"#particle"},"up":{"uv":[11.5,10.5,11,10],"texture":"#particle"}}},{"from":[4,5,2],"to":[6,7,3],"faces":{"north":{"uv":[14,10.5,15,11.5],"texture":"#particle"},"east":{"uv":[13.5,10.5,14,11.5],"texture":"#particle"},"west":{"uv":[15,10.5,15.5,11.5],"texture":"#particle"},"up":{"uv":[15,10.5,14,10],"texture":"#particle"},"down":{"uv":[15,12,14,11.5],"texture":"#particle"}}}],"display":{"thirdperson_righthand":{"rotation":[75,45,0],"translation":[0,2.5,-0.25],"scale":[0.55,0.55,0.55]},"firstperson_righthand":{"rotation":[0,45,0],"translation":[0.5,2,0.5],"scale":[0.4,0.4,0.4]},"ground":{"translation":[0,0.5,0]},"gui":{"rotation":[30,225,0],"translation":[0,-0.5,0],"scale":[0.8,0.8,0.8]},"head":{"translation":[0,6.4,0],"scale":[1.6,1.6,1.6]},"fixed":{"rotation":[-90,0,0],"translation":[0,0,-7],"scale":[2,2,2]}},"gui_light":"front"}