{"credit":"Created By Yassou","texture_size":[64,64],"textures":{"0":"cosmetics:hats/lawyer_hat_tint","particle":"cosmetics:hats/lawyer_hat_tint"},"elements":[{"from":[3,0,3],"to":[13,5,13],"faces":{"north":{"uv":[6.25,0,8.75,1.25],"texture":"#0"},"east":{"uv":[6.25,0,8.75,1.25],"texture":"#0"},"south":{"uv":[6.25,0,8.75,1.25],"texture":"#0"},"west":{"uv":[6.25,0,8.75,1.25],"texture":"#0"},"up":{"uv":[6.25,2.5,3.75,0],"texture":"#0"},"down":{"uv":[6.25,2.5,3.75,5],"texture":"#0"}}},{"from":[0.70711,5,1],"to":[15.70711,6,16],"rotation":{"angle":-45,"axis":"y","origin":[8.70711,5.5,8]},"faces":{"north":{"uv":[6.25,3.75,10,4],"texture":"#0"},"east":{"uv":[6.25,3.75,10,4],"texture":"#0"},"south":{"uv":[6.25,3.75,10,4],"texture":"#0"},"west":{"uv":[6.25,3.75,10,4],"texture":"#0"},"up":{"uv":[3.75,3.75,0,0],"texture":"#0"},"down":{"uv":[3.75,3.75,0,0],"texture":"#0"}}},{"from":[-0.29289,6.3,8],"to":[7.70711,6.3,9],"rotation":{"angle":-45,"axis":"y","origin":[8.70711,5.5,8]},"faces":{"north":{"uv":[6.25,3.75,10,4],"texture":"#0"},"east":{"uv":[6.25,3.75,10,4],"texture":"#0"},"south":{"uv":[6.25,3.75,10,4],"texture":"#0"},"west":{"uv":[6.25,3.75,10,4],"texture":"#0"},"up":{"uv":[2,0.25,0,0],"texture":"#0"},"down":{"uv":[2,0.25,0,0],"texture":"#0"}}},{"from":[-0.29289,4.3,8],"to":[-0.29289,6.3,9],"rotation":{"angle":-45,"axis":"y","origin":[8.70711,5.5,8]},"faces":{"north":{"uv":[6.25,3.75,10,4],"texture":"#0"},"east":{"uv":[6,3,6.25,3.5],"texture":"#0"},"south":{"uv":[6.25,3.75,10,4],"texture":"#0"},"west":{"uv":[6,3,6.25,3.5],"texture":"#0"},"up":{"uv":[3.75,3.75,0,0],"texture":"#0"},"down":{"uv":[3.75,3.75,0,0],"texture":"#0"}}},{"from":[-0.79289,3.3,8],"to":[0.20711,4.3,9],"rotation":{"angle":-45,"axis":"y","origin":[8.70711,5.5,8]},"faces":{"north":{"uv":[6.25,3.75,6.5,4],"texture":"#0"},"east":{"uv":[6.25,3.75,6.5,4],"texture":"#0"},"south":{"uv":[6.25,3.75,6.5,4],"texture":"#0"},"west":{"uv":[6.25,3.75,6.5,4],"texture":"#0"},"up":{"uv":[0.25,0.25,0,0],"texture":"#0"},"down":{"uv":[0.25,0.25,0,0],"texture":"#0"}}},{"from":[-0.09289,-0.5,7.6],"to":[-0.09289,3.5,9.6],"rotation":{"angle":-45,"axis":"y","origin":[8.70711,5.5,8]},"faces":{"north":{"uv":[6.25,3.75,10,4],"texture":"#0","tintindex":0},"east":{"uv":[6.75,4.75,6.25,5.75],"texture":"#0","tintindex":0},"south":{"uv":[6.25,3.75,10,4],"texture":"#0","tintindex":0},"west":{"uv":[6.25,4.75,6.75,5.75],"texture":"#0","tintindex":0},"up":{"uv":[3.75,3.75,0,0],"texture":"#0","tintindex":0},"down":{"uv":[3.75,3.75,0,0],"texture":"#0","tintindex":0}}},{"from":[7.70711,6,8],"to":[8.70711,7,9],"rotation":{"angle":-45,"axis":"y","origin":[8.70711,5.5,8]},"faces":{"north":{"uv":[6.25,3.75,6.5,4],"texture":"#0"},"east":{"uv":[6.25,3.75,6.5,4],"texture":"#0"},"south":{"uv":[6.25,3.75,6.5,4],"texture":"#0"},"west":{"uv":[6.25,3.75,6.5,4],"texture":"#0"},"up":{"uv":[0.25,0.25,0,0],"texture":"#0"},"down":{"uv":[0.25,0.25,0,0],"texture":"#0"}}}],"display":{"thirdperson_righthand":{"rotation":[75,45,0],"translation":[0,2.5,0],"scale":[0.375,0.375,0.375]},"thirdperson_lefthand":{"rotation":[75,45,0],"translation":[0,2.5,0],"scale":[0.375,0.375,0.375]},"firstperson_righthand":{"rotation":[-4.25,45,0],"translation":[0,3.5,0],"scale":[0.375,0.375,0.375]},"firstperson_lefthand":{"rotation":[-176.08,39.35,174.55],"translation":[0,3.5,0],"scale":[0.375,0.375,0.375]},"ground":{"translation":[0,4.25,0],"scale":[0.70898,0.70898,0.70898]},"gui":{"rotation":[-158.25,0.89,-178.08],"translation":[0,1,0],"scale":[0.6582,0.6582,0.6582]},"head":{"translation":[0,12,0],"scale":[1.44531,1.44531,1.44531]},"fixed":{"rotation":[-90,180,0],"translation":[0,0,-13.75],"scale":[1.69141,1.69141,1.69141]}},"gui_light":"front"}