{"textures":{"particle":"cosmetics:hats/gfx_leprechaun_hat"},"elements":[{"from":[3.5,5,1.5],"to":[12.5,6,14.5],"rotation":{"angle":0,"axis":"y","origin":[11.5,13,11.5]},"faces":{"north":{"uv":[1.5,7,6,7.5],"texture":"#particle"},"south":{"uv":[1.5,7,6,7.5],"texture":"#particle"},"up":{"uv":[6,7,1.5,0.5],"texture":"#particle"},"down":{"uv":[6,14,1.5,7.5],"texture":"#particle"}}},{"from":[1.50104,4.00523,1.5],"to":[3.50104,5.00523,14.5],"rotation":{"angle":-22.5,"axis":"z","origin":[6.00104,4.50523,8]},"faces":{"north":{"uv":[6,7,7,7.5],"texture":"#particle"},"south":{"uv":[0.5,7,1.5,7.5],"texture":"#particle"},"west":{"uv":[0.5,7,7,7.5],"texture":"#particle"},"up":{"uv":[7,7,6,0.5],"texture":"#particle"},"down":{"uv":[7,14,6,7.5],"texture":"#particle"}}},{"from":[11.96612,6.68402,1.5],"to":[13.96612,7.68402,14.5],"rotation":{"angle":22.5,"axis":"z","origin":[16.46612,7.18402,8]},"faces":{"north":{"uv":[0.5,7,1.5,7.5],"texture":"#particle"},"east":{"uv":[0.5,7,7,7.5],"texture":"#particle"},"south":{"uv":[6,7,7,7.5],"texture":"#particle"},"up":{"uv":[1.5,7,0.5,0.5],"texture":"#particle"},"down":{"uv":[1.5,14,0.5,7.5],"texture":"#particle"}}},{"from":[3.5,6,3.5],"to":[12.5,10,12.5],"rotation":{"angle":0,"axis":"y","origin":[11.5,14,11.5]},"faces":{"north":{"uv":[8,13.5,12.5,15.5],"texture":"#particle"},"east":{"uv":[8,13.5,12.5,15.5],"texture":"#particle"},"south":{"uv":[8,13.5,12.5,15.5],"texture":"#particle"},"west":{"uv":[8,13.5,12.5,15.5],"texture":"#particle"}}},{"from":[6,6,2.5],"to":[7,8,3.5],"rotation":{"angle":0,"axis":"y","origin":[9,14,10.5]},"faces":{"north":{"uv":[14.5,2.5,15,3.5],"texture":"#particle"},"east":{"uv":[14,2.5,14.5,3.5],"texture":"#particle"},"west":{"uv":[15,2.5,15.5,3.5],"texture":"#particle"}}},{"from":[9,6,2.5],"to":[10,8,3.5],"rotation":{"angle":0,"axis":"y","origin":[12,14,10.5]},"faces":{"north":{"uv":[14.5,0.5,15,1.5],"texture":"#particle"},"east":{"uv":[14,0.5,14.5,1.5],"texture":"#particle"},"west":{"uv":[15,0.5,15.5,1.5],"texture":"#particle"}}},{"from":[6,8,2.5],"to":[10,9,3.5],"rotation":{"angle":0,"axis":"y","origin":[10,16,10.5]},"faces":{"north":{"uv":[13.5,14,15.5,14.5],"texture":"#particle"},"east":{"uv":[14,4.5,14.5,5],"texture":"#particle"},"west":{"uv":[14,6,14.5,6.5],"texture":"#particle"},"up":{"uv":[15.5,14,13.5,13.5],"texture":"#particle"},"down":{"uv":[15.5,15,13.5,14.5],"texture":"#particle"}}},{"from":[3,10,3],"to":[13,14,13],"rotation":{"angle":0,"axis":"y","origin":[12,16,12]},"faces":{"north":{"uv":[8,5.5,13,7.5],"texture":"#particle"},"east":{"uv":[8,5.5,13,7.5],"texture":"#particle"},"south":{"uv":[8,5.5,13,7.5],"texture":"#particle"},"west":{"uv":[8,5.5,13,7.5],"texture":"#particle"},"up":{"uv":[13,5.5,8,0.5],"texture":"#particle"},"down":{"uv":[13,12.5,8,7.5],"texture":"#particle"}}}],"display":{"thirdperson_righthand":{"rotation":[75,45,0],"translation":[0,2.5,-0.5],"scale":[0.55,0.55,0.55]},"thirdperson_lefthand":{"rotation":[75,45,0],"translation":[0,2.5,-0.5],"scale":[0.55,0.55,0.55]},"firstperson_righthand":{"rotation":[0,135,0],"translation":[0,2.5,0.5],"scale":[0.4,0.4,0.4]},"firstperson_lefthand":{"rotation":[0,135,0],"translation":[0,2.5,0.5],"scale":[0.4,0.4,0.4]},"ground":{"translation":[0,1,0]},"gui":{"rotation":[30,225,0],"translation":[0,-1,0],"scale":[0.8,0.8,0.8]},"head":{"translation":[0,6.4,0],"scale":[1.61,1.61,1.61]},"fixed":{"rotation":[-90,0,0],"translation":[0,0,-6],"scale":[2,2,2]}},"gui_light":"front"}