{"textures":{"particle":"cosmetics:hats/gfx_lion_hat"},"elements":[{"from":[3,5,3],"to":[13,11,12],"rotation":{"angle":0,"axis":"y","origin":[12,13,11]},"faces":{"north":{"uv":[0.33333,3.33333,3.66667,5.33333],"texture":"#particle"},"east":{"uv":[6.66667,3.33333,3.66667,5.33333],"texture":"#particle"},"west":{"uv":[3.66667,3.33333,6.66667,5.33333],"texture":"#particle"},"up":{"uv":[3.66667,3.33333,0.33333,0.33333],"texture":"#particle"},"down":{"uv":[3.66667,8.33333,0.33333,5.33333],"texture":"#particle"}}},{"from":[5.5,5,0],"to":[10.5,9,3],"rotation":{"angle":0,"axis":"y","origin":[11.5,13,9]},"faces":{"north":{"uv":[6.33333,13.33333,8,14.66667],"texture":"#particle"},"east":{"uv":[9,13.33333,8,14.66667],"texture":"#particle"},"west":{"uv":[8,13.33333,9,14.66667],"texture":"#particle"},"up":{"uv":[8,13.33333,6.33333,12.33333],"texture":"#particle"},"down":{"uv":[8,15.66667,6.33333,14.66667],"texture":"#particle"}}},{"from":[6.5,7.5,-0.5],"to":[9.5,9.5,1.5],"rotation":{"angle":0,"axis":"y","origin":[12,6.5,0.5]},"faces":{"north":{"uv":[10.33333,13,11.33333,13.66667],"texture":"#particle"},"east":{"uv":[9.66667,13,10.33333,13.66667],"texture":"#particle"},"south":{"uv":[12,13,13,13.66667],"texture":"#particle"},"west":{"uv":[11.33333,13,12,13.66667],"texture":"#particle"},"up":{"uv":[11.33333,13,10.33333,12.33333],"texture":"#particle"},"down":{"uv":[11.33333,14.33333,10.33333,13.66667],"texture":"#particle"}}},{"from":[3,13,8],"to":[7,16,9],"rotation":{"angle":22.5,"axis":"z","origin":[7,11,8.5]},"faces":{"north":{"uv":[2.66667,12.66667,4,13.66667],"texture":"#particle"},"east":{"uv":[2.33333,12.66667,2.66667,13.66667],"texture":"#particle"},"south":{"uv":[4.33333,12.66667,5.66667,13.66667],"texture":"#particle"},"west":{"uv":[4,12.66667,4.33333,13.66667],"texture":"#particle"},"up":{"uv":[4,12.66667,2.66667,12.33333],"texture":"#particle"}}},{"from":[9,13,8],"to":[13,16,9],"rotation":{"angle":-22.5,"axis":"z","origin":[9,11,8.5]},"faces":{"north":{"uv":[4,12.66667,2.66667,13.66667],"texture":"#particle"},"east":{"uv":[4.33333,12.66667,4,13.66667],"texture":"#particle"},"south":{"uv":[5.66667,12.66667,4.33333,13.66667],"texture":"#particle"},"west":{"uv":[2.66667,12.66667,2.33333,13.66667],"texture":"#particle"},"up":{"uv":[2.66667,12.66667,4,12.33333],"texture":"#particle"}}},{"from":[3,1,5],"to":[4,5,11],"rotation":{"angle":0,"axis":"y","origin":[12,13,11]},"faces":{"north":{"uv":[6.33333,9.33333,6.66667,10.66667],"texture":"#particle"},"east":{"uv":[4.33333,9.33333,6.33333,10.66667],"texture":"#particle"},"south":{"uv":[8.66667,9.33333,9,10.66667],"texture":"#particle"},"west":{"uv":[6.66667,9.33333,8.66667,10.66667],"texture":"#particle"},"down":{"uv":[13,11.66667,12.66667,9.66667],"texture":"#particle"}}},{"from":[12,1,5],"to":[13,5,11],"rotation":{"angle":0,"axis":"y","origin":[4,13,11]},"faces":{"north":{"uv":[6.66667,9.33333,6.33333,10.66667],"texture":"#particle"},"east":{"uv":[8.66667,9.33333,6.66667,10.66667],"texture":"#particle"},"south":{"uv":[9,9.33333,8.66667,10.66667],"texture":"#particle"},"west":{"uv":[6.33333,9.33333,4.33333,10.66667],"texture":"#particle"},"down":{"uv":[12.66667,11.66667,13,9.66667],"texture":"#particle"}}},{"from":[4,11,4],"to":[12,12,6],"rotation":{"angle":0,"axis":"y","origin":[12,17,11]},"faces":{"north":{"uv":[4.33333,1,7,1.33333],"texture":"#particle"},"east":{"uv":[5,2,4.33333,2.33333],"texture":"#particle"},"west":{"uv":[4.33333,2,5,2.33333],"texture":"#particle"},"up":{"uv":[7,1,4.33333,0.33333],"texture":"#particle"}}},{"from":[3,12,6],"to":[13,13,13],"rotation":{"angle":0,"axis":"y","origin":[12,18,11]},"faces":{"north":{"uv":[0.33333,11.33333,3.66667,11.66667],"texture":"#particle"},"east":{"uv":[6,11.33333,3.66667,11.66667],"texture":"#particle"},"south":{"uv":[6,11.33333,9.33333,11.66667],"texture":"#particle"},"west":{"uv":[3.66667,11.33333,6,11.66667],"texture":"#particle"},"up":{"uv":[3.66667,11.33333,0.33333,9],"texture":"#particle"}}},{"from":[2,4,6],"to":[4,12,12],"rotation":{"angle":0,"axis":"x","origin":[12,8,10]},"faces":{"north":{"uv":[6.33333,6,7,8.66667],"texture":"#particle"},"east":{"uv":[4.33333,6,6.33333,8.66667],"texture":"#particle"},"south":{"uv":[9,6,9.66667,8.66667],"texture":"#particle"},"west":{"uv":[7,6,9,8.66667],"texture":"#particle"},"up":{"uv":[10.66667,11.66667,10,9.66667],"texture":"#particle"},"down":{"uv":[12,11.66667,11.33333,9.66667],"texture":"#particle"}}},{"from":[12,4,6],"to":[14,12,12],"rotation":{"angle":0,"axis":"x","origin":[4,8,10]},"faces":{"north":{"uv":[7,6,6.33333,8.66667],"texture":"#particle"},"east":{"uv":[9,6,7,8.66667],"texture":"#particle"},"south":{"uv":[9.66667,6,9,8.66667],"texture":"#particle"},"west":{"uv":[6.33333,6,4.33333,8.66667],"texture":"#particle"},"up":{"uv":[10,11.66667,10.66667,9.66667],"texture":"#particle"},"down":{"uv":[11.33333,11.66667,12,9.66667],"texture":"#particle"}}},{"from":[2,5,12],"to":[14,11,13],"rotation":{"angle":0,"axis":"x","origin":[12,8,10]},"faces":{"east":{"uv":[10.66667,6.33333,10.33333,8.33333],"texture":"#particle"},"south":{"uv":[10.66667,6.33333,14.66667,8.33333],"texture":"#particle"},"west":{"uv":[10.33333,6.33333,10.66667,8.33333],"texture":"#particle"},"up":{"uv":[10.66667,6,14.66667,6.33333],"texture":"#particle"},"down":{"uv":[10.66667,8.33333,14.66667,8.66667],"texture":"#particle"}}},{"from":[3,4,12],"to":[13,12,14],"rotation":{"angle":0,"axis":"x","origin":[20,8,10]},"faces":{"north":{"uv":[7.66667,1,11,3.66667],"texture":"#particle"},"east":{"uv":[11.66667,1,11,3.66667],"texture":"#particle"},"south":{"uv":[11.66667,1,15,3.66667],"texture":"#particle"},"west":{"uv":[11,1,11.66667,3.66667],"texture":"#particle"},"up":{"uv":[11,1,7.66667,0.33333],"texture":"#particle"},"down":{"uv":[11,4.33333,7.66667,3.66667],"texture":"#particle"}}},{"from":[6,12,5],"to":[10,14,12],"rotation":{"angle":0,"axis":"x","origin":[8,12,5]},"faces":{"north":{"uv":[0.33333,14.66667,1.66667,15.33333],"texture":"#particle"},"east":{"uv":[4,14.66667,1.66667,15.33333],"texture":"#particle"},"south":{"uv":[4,14.66667,5.33333,15.33333],"texture":"#particle"},"west":{"uv":[1.66667,14.66667,4,15.33333],"texture":"#particle"},"up":{"uv":[1.66667,14.66667,0.33333,12.33333],"texture":"#particle"}}}],"display":{"thirdperson_righthand":{"rotation":[75,45,0],"translation":[0,2.5,-0.25],"scale":[0.55,0.55,0.55]},"firstperson_righthand":{"rotation":[0,45,0],"translation":[1,2,0.5],"scale":[0.4,0.4,0.4]},"ground":{"translation":[0,3.5,0]},"gui":{"rotation":[30,225,0],"translation":[0,0.5,0],"scale":[0.8,0.8,0.8]},"head":{"translation":[0,6.4,0],"scale":[1.6,1.6,1.6]},"fixed":{"rotation":[-90,0,0],"translation":[0,1.75,-14],"scale":[2,2,2]}},"gui_light":"front"}