{"textures":{"particle":"cosmetics:hats/gfx_masquerade_mask"},"elements":[{"from":[4,5,3],"to":[7,6,4],"rotation":{"angle":0,"axis":"y","origin":[7,13,11]},"faces":{"north":{"uv":[2,2,5,3],"texture":"#particle"},"east":{"uv":[1,2,2,3],"texture":"#particle"},"south":{"uv":[5,5,2,4],"texture":"#particle"},"up":{"uv":[5,2,2,1],"texture":"#particle"},"down":{"uv":[5,4,2,3],"texture":"#particle"}}},{"from":[9,5,3],"to":[12,6,4],"rotation":{"angle":0,"axis":"y","origin":[9,13,11]},"faces":{"north":{"uv":[5,2,2,3],"texture":"#particle"},"south":{"uv":[2,5,5,4],"texture":"#particle"},"west":{"uv":[2,2,1,3],"texture":"#particle"},"up":{"uv":[2,2,5,1],"texture":"#particle"},"down":{"uv":[2,4,5,3],"texture":"#particle"}}},{"from":[7,3,3],"to":[9,5,4],"rotation":{"angle":0,"axis":"y","origin":[9,12,11]},"faces":{"north":{"uv":[8,8,10,10],"texture":"#particle"},"east":{"uv":[7,8,8,10],"texture":"#particle"},"south":{"uv":[11,8,13,10],"texture":"#particle"},"west":{"uv":[10,8,11,10],"texture":"#particle"},"up":{"uv":[10,8,8,7],"texture":"#particle"},"down":{"uv":[10,11,8,10],"texture":"#particle"}}},{"from":[3,3,3],"to":[4,7,4],"rotation":{"angle":0,"axis":"y","origin":[3.5,5,3.5]},"faces":{"north":{"uv":[2,8,3,12],"texture":"#particle"},"east":{"uv":[1,8,2,12],"texture":"#particle"},"south":{"uv":[4,8,5,12],"texture":"#particle"},"west":{"uv":[3,8,4,12],"texture":"#particle"},"up":{"uv":[3,8,2,7],"texture":"#particle"},"down":{"uv":[3,13,2,12],"texture":"#particle"}}},{"from":[12,3,3],"to":[13,7,4],"rotation":{"angle":0,"axis":"y","origin":[12.5,5,3.5]},"faces":{"north":{"uv":[3,8,2,12],"texture":"#particle"},"east":{"uv":[4,8,3,12],"texture":"#particle"},"south":{"uv":[5,8,4,12],"texture":"#particle"},"west":{"uv":[2,8,1,12],"texture":"#particle"},"up":{"uv":[2,8,3,7],"texture":"#particle"},"down":{"uv":[2,13,3,12],"texture":"#particle"}}},{"from":[4,2,3],"to":[7,3,4],"rotation":{"angle":0,"axis":"y","origin":[7,10,11]},"faces":{"north":{"uv":[8,2,11,3],"texture":"#particle"},"east":{"uv":[7,2,8,3],"texture":"#particle"},"south":{"uv":[11,5,8,4],"texture":"#particle"},"west":{"uv":[11,2,12,3],"texture":"#particle"},"up":{"uv":[11,2,8,1],"texture":"#particle"},"down":{"uv":[11,4,8,3],"texture":"#particle"}}},{"from":[9,2,3],"to":[12,3,4],"rotation":{"angle":0,"axis":"y","origin":[9,10,11]},"faces":{"north":{"uv":[11,2,8,3],"texture":"#particle"},"east":{"uv":[12,2,11,3],"texture":"#particle"},"south":{"uv":[8,5,11,4],"texture":"#particle"},"west":{"uv":[8,2,7,3],"texture":"#particle"},"up":{"uv":[8,2,11,1],"texture":"#particle"},"down":{"uv":[8,4,11,3],"texture":"#particle"}}}],"display":{"thirdperson_righthand":{"rotation":[75,45,0],"translation":[0.5,-0.5,1.5],"scale":[0.55,0.55,0.55]},"firstperson_righthand":{"rotation":[0,120,0],"translation":[1,4.5,0.5],"scale":[0.4,0.4,0.4]},"ground":{"translation":[0,3,4.5]},"gui":{"rotation":[30,225,0],"translation":[-4.5,6,0],"scale":[1.25,1.25,1.25]},"head":{"translation":[0,4.4,0],"scale":[1.6,1.6,1.6]},"fixed":{"translation":[0,8.25,8],"scale":[2,2,2]}},"gui_light":"front"}