{"textures":{"particle":"cosmetics:hats/gfx_miner_helmet"},"elements":[{"from":[3,6,3],"to":[13,10,13],"rotation":{"angle":0,"axis":"y","origin":[12,14,11]},"faces":{"north":{"uv":[0.66667,4,4,5.33333],"texture":"#particle"},"east":{"uv":[7.33333,4,4,5.33333],"texture":"#particle"},"south":{"uv":[7.33333,4,10.66667,5.33333],"texture":"#particle"},"west":{"uv":[4,4,7.33333,5.33333],"texture":"#particle"},"up":{"uv":[4,4,0.66667,0.66667],"texture":"#particle"}}},{"from":[2,5,1],"to":[14,6,14],"rotation":{"angle":0,"axis":"y","origin":[12,13,11]},"faces":{"north":{"uv":[0.66667,10.66667,4.66667,11],"texture":"#particle"},"east":{"uv":[9,10.66667,4.66667,11],"texture":"#particle"},"south":{"uv":[9,10.66667,13,11],"texture":"#particle"},"west":{"uv":[4.66667,10.66667,9,11],"texture":"#particle"},"up":{"uv":[4.66667,10.66667,0.66667,6.33333],"texture":"#particle"},"down":{"uv":[4.66667,15.33333,0.66667,11],"texture":"#particle"}}},{"from":[3,5,0],"to":[13,6,1],"rotation":{"angle":0,"axis":"y","origin":[12,13,10]},"faces":{"north":{"uv":[5.66667,12.33333,9,12.66667],"texture":"#particle"},"east":{"uv":[9.33333,12.33333,9,12.66667],"texture":"#particle"},"west":{"uv":[9,12.33333,9.33333,12.66667],"texture":"#particle"},"up":{"uv":[9,12.33333,5.66667,12],"texture":"#particle"},"down":{"uv":[9,13,5.66667,12.66667],"texture":"#particle"}}},{"from":[6,6,1],"to":[10,10,3],"rotation":{"angle":0,"axis":"y","origin":[12,13,10]},"faces":{"north":{"uv":[8,7,9.33333,8.33333],"texture":"#particle"},"east":{"uv":[10,7,9.33333,8.33333],"texture":"#particle"},"west":{"uv":[9.33333,7,10,8.33333],"texture":"#particle"},"up":{"uv":[9.33333,7,8,6.33333],"texture":"#particle"}}},{"from":[6,10,3],"to":[10,11,12],"rotation":{"angle":0,"axis":"y","origin":[12,14,10]},"faces":{"north":{"uv":[5.66667,9.33333,7,9.66667],"texture":"#particle"},"east":{"uv":[10,9.33333,7,9.66667],"texture":"#particle"},"south":{"uv":[10,9.33333,11.33333,9.66667],"texture":"#particle"},"west":{"uv":[7,9.33333,10,9.66667],"texture":"#particle"},"up":{"uv":[7,9.33333,5.66667,6.33333],"texture":"#particle"}}}],"display":{"thirdperson_righthand":{"rotation":[75,45,0],"translation":[0,2.5,-0.25],"scale":[0.55,0.55,0.55]},"firstperson_righthand":{"rotation":[0,45,0],"translation":[1,2,0.5],"scale":[0.4,0.4,0.4]},"ground":{"translation":[0,-0.5,0]},"gui":{"rotation":[30,225,0],"translation":[-0.5,0.5,0],"scale":[0.8,0.8,0.8]},"head":{"translation":[0,6.4,0],"scale":[1.6,1.6,1.6]},"fixed":{"rotation":[-90,0,0],"translation":[0,1.25,-6],"scale":[2,2,2]}},"gui_light":"front"}