{"credit":"Made with Blockbench","texture_size":[64,64],"textures":{"1":"cosmetics:hats/moonwalk","particle":"#1"},"elements":[{"from":[3,0,3],"to":[13,10,13],"rotation":{"angle":0,"axis":"y","origin":[7,8,8]},"faces":{"north":{"uv":[2.5,2.5,5,5],"texture":"#1"},"east":{"uv":[0,2.5,2.5,5],"texture":"#1"},"south":{"uv":[7.5,2.5,10,5],"texture":"#1"},"west":{"uv":[5,2.5,7.5,5],"texture":"#1"},"up":{"uv":[5,2.5,2.5,0],"texture":"#1"},"down":{"uv":[7.5,0,5,2.5],"texture":"#1"}}},{"from":[7,10,6],"to":[15,22,6],"rotation":{"angle":-22.5,"axis":"z","origin":[7,8,8]},"faces":{"north":{"uv":[0,5,2,8],"texture":"#1"},"east":{"uv":[0,5,0,8],"texture":"#1"},"south":{"uv":[2,5,4,8],"texture":"#1"},"west":{"uv":[2,5,2,8],"texture":"#1"},"up":{"uv":[2,5,0,5],"texture":"#1"},"down":{"uv":[4,5,2,5],"texture":"#1"}}},{"from":[-2.35757,13.06569,5],"to":[2.64243,17.06569,10],"rotation":{"angle":22.5,"axis":"z","origin":[-2,16,8]},"faces":{"north":{"uv":[8.75,1.5,10,2.5],"texture":"#1"},"east":{"uv":[7.5,1.5,8.75,2.5],"texture":"#1"},"south":{"uv":[11.25,1.5,12.5,2.5],"texture":"#1"},"west":{"uv":[10,1.5,11.25,2.5],"texture":"#1"},"up":{"uv":[10,1.5,8.75,0.25],"texture":"#1"},"down":{"uv":[11.25,0.25,10,1.5],"texture":"#1"}}},{"from":[-1.35757,9.06569,6],"to":[1.64243,13.06569,9],"rotation":{"angle":22.5,"axis":"z","origin":[-2,16,8]},"faces":{"north":{"uv":[1,9.75,1.75,10.75],"texture":"#1"},"east":{"uv":[0.25,9.75,1,10.75],"texture":"#1"},"south":{"uv":[2.5,9.75,3.25,10.75],"texture":"#1"},"west":{"uv":[1.75,9.75,2.5,10.75],"texture":"#1"},"up":{"uv":[1.75,9.75,1,9],"texture":"#1"},"down":{"uv":[2.5,9,1.75,9.75],"texture":"#1"}}},{"from":[-4.35757,14.06569,3],"to":[4.64243,15.06569,12],"rotation":{"angle":22.5,"axis":"z","origin":[-2,16,8]},"faces":{"north":{"uv":[2.25,15.5,4.5,15.75],"texture":"#1"},"east":{"uv":[0,15.5,2.25,15.75],"texture":"#1"},"south":{"uv":[6.75,15.5,9,15.75],"texture":"#1"},"west":{"uv":[4.5,15.5,6.75,15.75],"texture":"#1"},"up":{"uv":[4.5,15.5,2.25,13.25],"texture":"#1"},"down":{"uv":[6.75,13.25,4.5,15.5],"texture":"#1"}}}],"display":{"thirdperson_righthand":{"scale":[0.5,0.5,0.5]},"thirdperson_lefthand":{"scale":[0.5,0.5,0.5]},"firstperson_righthand":{"translation":[6.75,0,0]},"firstperson_lefthand":{"translation":[4.25,0,0]},"gui":{"rotation":[19,-180,2],"translation":[-1,-0.75,0],"scale":[0.8,0.8,0.8]},"head":{"translation":[0,5,0],"scale":[1.6,1.6,1.6]},"fixed":{"translation":[1.25,-1.25,0]}},"gui_light":"front"}