{"credit":"Created By Yassou","texture_size":[128,128],"textures":{"4":"cosmetics:hats/champi_hat_tinted","particle":"#4"},"elements":[{"from":[2,0,2],"to":[14,4,14],"faces":{"north":{"uv":[0,6,1.5,6.5],"texture":"#4"},"east":{"uv":[6,1,7.5,1.5],"texture":"#4"},"south":{"uv":[4.5,6.5,6,7],"texture":"#4"},"west":{"uv":[6,6.5,7.5,7],"texture":"#4"},"up":{"uv":[1.5,6,0,4.5],"texture":"#4"},"down":{"uv":[6,0,4.5,1.5],"texture":"#4"}}},{"from":[-1,4,-1],"to":[17,12,17],"rotation":{"angle":0,"axis":"z","origin":[8,8,8]},"faces":{"north":{"uv":[1.5,4.5,3.75,5.5],"texture":"#4","tintindex":0},"east":{"uv":[4.5,1.5,6.75,2.5],"texture":"#4","tintindex":0},"south":{"uv":[4.5,2.5,6.75,3.5],"texture":"#4","tintindex":0},"west":{"uv":[4.5,3.5,6.75,4.5],"texture":"#4","tintindex":0},"up":{"uv":[2.25,2.25,0,0],"texture":"#4","tintindex":0},"down":{"uv":[2.25,2.25,0,4.5],"texture":"#4"}}},{"from":[-1,12.01,-1],"to":[17,12.01,17],"rotation":{"angle":0,"axis":"z","origin":[8,8,8]},"faces":{"north":{"uv":[0,0,2.25,0],"texture":"#4"},"east":{"uv":[0,0,2.25,0],"texture":"#4"},"south":{"uv":[0,0,2.25,0],"texture":"#4"},"west":{"uv":[0,0,2.25,0],"texture":"#4"},"up":{"uv":[4.5,2.25,2.25,0],"texture":"#4"},"down":{"uv":[4.5,2.25,2.25,4.5],"texture":"#4"}}},{"from":[-1,4,17.01],"to":[17,12,17.01],"rotation":{"angle":0,"axis":"z","origin":[8,8,8]},"faces":{"north":{"uv":[0,6.5,2.25,7.5],"texture":"#4"},"east":{"uv":[0,0,0,1],"texture":"#4"},"south":{"uv":[2.25,6.5,4.5,7.5],"texture":"#4"},"west":{"uv":[0,0,0,1],"texture":"#4"},"up":{"uv":[2.25,0,0,0],"texture":"#4"},"down":{"uv":[2.25,0,0,0],"texture":"#4"}}},{"from":[-1.01,4,-1],"to":[-1.01,12,17],"rotation":{"angle":0,"axis":"z","origin":[8,8,8]},"faces":{"north":{"uv":[0,0,0,1],"texture":"#4"},"east":{"uv":[6,4.5,8.25,5.5],"texture":"#4"},"south":{"uv":[0,0,0,1],"texture":"#4"},"west":{"uv":[6,5.5,8.25,6.5],"texture":"#4"},"up":{"uv":[0,2.25,0,0],"texture":"#4"},"down":{"uv":[0,0,0,2.25],"texture":"#4"}}},{"from":[17.01,4,-1],"to":[17.01,12,17],"rotation":{"angle":0,"axis":"z","origin":[8,8,8]},"faces":{"north":{"uv":[0,0,0,1],"texture":"#4"},"east":{"uv":[3.75,5.5,6,6.5],"texture":"#4"},"south":{"uv":[0,0,0,1],"texture":"#4"},"west":{"uv":[6,0,8.25,1],"texture":"#4"},"up":{"uv":[0,2.25,0,0],"texture":"#4"},"down":{"uv":[0,0,0,2.25],"texture":"#4"}}},{"from":[-1,4,-1.01],"to":[17,12,-1.01],"rotation":{"angle":0,"axis":"z","origin":[8,8,8]},"faces":{"north":{"uv":[3.75,4.5,6,5.5],"texture":"#4"},"east":{"uv":[0,0,0,1],"texture":"#4"},"south":{"uv":[1.5,5.5,3.75,6.5],"texture":"#4"},"west":{"uv":[0,0,0,1],"texture":"#4"},"up":{"uv":[2.25,0,0,0],"texture":"#4"},"down":{"uv":[2.25,0,0,0],"texture":"#4"}}}],"display":{"thirdperson_righthand":{"rotation":[75,45,0],"translation":[0,2.5,0],"scale":[0.375,0.375,0.375]},"thirdperson_lefthand":{"rotation":[75,45,0],"translation":[0,2.5,0],"scale":[0.375,0.375,0.375]},"firstperson_righthand":{"translation":[2.25,2.5,0],"scale":[0.15234,0.15234,0.15234]},"firstperson_lefthand":{"translation":[2.25,2.5,0],"scale":[0.15234,0.15234,0.15234]},"ground":{"translation":[0,2,0],"scale":[0.70703,0.70703,0.70703]},"gui":{"rotation":[30,225,0],"scale":[0.55469,0.55469,0.55469]},"head":{"translation":[0,11.5,0],"scale":[1.29687,1.29687,1.29687]},"fixed":{"rotation":[-90,0,0],"translation":[0,0,-12.5],"scale":[1.58008,1.58008,1.58008]}},"gui_light":"front"}