{"credit":"Created By Yassou","texture_size":[64,64],"textures":{"6":"cosmetics:hats/texture_nenuphar_1","particle":"#6"},"elements":[{"from":[0,0.4,0],"to":[16,0.4,16],"rotation":{"angle":-22.5,"axis":"y","origin":[8,0.4,8]},"faces":{"north":{"uv":[0,0,4,0],"texture":"#6"},"east":{"uv":[0,0,4,0],"texture":"#6"},"south":{"uv":[0,0,4,0],"texture":"#6"},"west":{"uv":[0,0,4,0],"texture":"#6"},"up":{"uv":[4,4,0,0],"texture":"#6"},"down":{"uv":[4,4,0,8],"texture":"#6"}}},{"from":[0,0.1,0],"to":[16,0.1,16],"rotation":{"angle":-22.5,"axis":"y","origin":[8,0.4,8]},"faces":{"north":{"uv":[0,0,4,0],"texture":"#6"},"east":{"uv":[0,0,4,0],"texture":"#6"},"south":{"uv":[0,0,4,0],"texture":"#6"},"west":{"uv":[0,0,4,0],"texture":"#6"},"up":{"uv":[8,4,4,0],"texture":"#6"},"down":{"uv":[8,4,4,8],"texture":"#6"}}},{"from":[4,0.68198,7.76777],"to":[12,4.68198,7.76777],"rotation":{"angle":45,"axis":"x","origin":[8,0.56066,7.06066]},"faces":{"north":{"uv":[8,1,10,2],"texture":"#6"},"east":{"uv":[0,0,0,1],"texture":"#6"},"south":{"uv":[2,8,4,9],"texture":"#6"},"west":{"uv":[0,0,0,1],"texture":"#6"},"up":{"uv":[2,0,0,0],"texture":"#6"},"down":{"uv":[2,0,0,0],"texture":"#6"}}},{"from":[7.82843,0.68198,4.06066],"to":[7.82843,4.68198,12.06066],"rotation":{"angle":-45,"axis":"z","origin":[7.12132,0.56066,8.06066]},"faces":{"north":{"uv":[0,0,0,1],"texture":"#6"},"east":{"uv":[8,2,10,3],"texture":"#6"},"south":{"uv":[0,0,0,1],"texture":"#6"},"west":{"uv":[8,3,10,4],"texture":"#6"},"up":{"uv":[0,2,0,0],"texture":"#6"},"down":{"uv":[0,0,0,2],"texture":"#6"}}},{"from":[4,0.68198,8.23223],"to":[12,4.68198,8.23223],"rotation":{"angle":-45,"axis":"x","origin":[8,0.56066,8.93934]},"faces":{"north":{"uv":[0,8,2,9],"texture":"#6"},"east":{"uv":[0,0,0,1],"texture":"#6"},"south":{"uv":[8,0,10,1],"texture":"#6"},"west":{"uv":[0,0,0,1],"texture":"#6"},"up":{"uv":[2,0,0,0],"texture":"#6"},"down":{"uv":[2,0,0,0],"texture":"#6"}}},{"from":[8.29289,0.68198,4.06066],"to":[8.29289,4.68198,12.06066],"rotation":{"angle":45,"axis":"z","origin":[9,0.56066,8.06066]},"faces":{"north":{"uv":[0,0,0,1],"texture":"#6"},"east":{"uv":[4,8,6,9],"texture":"#6"},"south":{"uv":[0,0,0,1],"texture":"#6"},"west":{"uv":[8,4,10,5],"texture":"#6"},"up":{"uv":[0,2,0,0],"texture":"#6"},"down":{"uv":[0,0,0,2],"texture":"#6"}}},{"from":[4,0.2483,7.19744],"to":[12,0.2483,11.19744],"rotation":{"angle":-22.5,"axis":"x","origin":[8,0.71917,8.06066]},"faces":{"north":{"uv":[0,0,2,0],"texture":"#6"},"east":{"uv":[0,0,1,0],"texture":"#6"},"south":{"uv":[0,0,2,0],"texture":"#6"},"west":{"uv":[0,0,1,0],"texture":"#6"},"up":{"uv":[6,10,4,9],"texture":"#6"},"down":{"uv":[11,5,9,6],"texture":"#6"}}},{"from":[4.76956,0.71917,4.06066],"to":[8.76956,0.71917,12.06066],"rotation":{"angle":-22.5,"axis":"z","origin":[6.76956,0.71917,8.06066]},"faces":{"north":{"uv":[0,0,1,0],"texture":"#6"},"east":{"uv":[0,0,2,0],"texture":"#6"},"south":{"uv":[0,0,1,0],"texture":"#6"},"west":{"uv":[0,0,2,0],"texture":"#6"},"up":{"uv":[9,7,8,5],"texture":"#6"},"down":{"uv":[7,8,6,10],"texture":"#6"}}},{"from":[4,0.2483,4.92388],"to":[12,0.2483,8.92388],"rotation":{"angle":22.5,"axis":"x","origin":[8,0.71917,8.06066]},"faces":{"north":{"uv":[0,0,2,0],"texture":"#6"},"east":{"uv":[0,0,1,0],"texture":"#6"},"south":{"uv":[0,0,2,0],"texture":"#6"},"west":{"uv":[0,0,1,0],"texture":"#6"},"up":{"uv":[2,10,0,9],"texture":"#6"},"down":{"uv":[4,9,2,10],"texture":"#6"}}},{"from":[7.23044,0.71917,4.06066],"to":[11.23044,0.71917,12.06066],"rotation":{"angle":22.5,"axis":"z","origin":[9.23044,0.71917,8.06066]},"faces":{"north":{"uv":[0,0,1,0],"texture":"#6"},"east":{"uv":[0,0,2,0],"texture":"#6"},"south":{"uv":[0,0,1,0],"texture":"#6"},"west":{"uv":[0,0,2,0],"texture":"#6"},"up":{"uv":[8,10,7,8],"texture":"#6"},"down":{"uv":[9,7,8,9],"texture":"#6"}}},{"from":[7,0,8],"to":[9,4,8],"rotation":{"angle":0,"axis":"y","origin":[8,1,8]},"faces":{"north":{"uv":[9,6,9.5,7],"texture":"#6"},"east":{"uv":[0,0,0,1],"texture":"#6"},"south":{"uv":[9,7,9.5,8],"texture":"#6"},"west":{"uv":[0,0,0,1],"texture":"#6"},"up":{"uv":[0.5,0,0,0],"texture":"#6"},"down":{"uv":[0.5,0,0,0],"texture":"#6"}}},{"from":[8,0,7],"to":[8,4,9],"rotation":{"angle":0,"axis":"y","origin":[8,1,8]},"faces":{"north":{"uv":[0,0,0,1],"texture":"#6"},"east":{"uv":[8,9,8.5,10],"texture":"#6"},"south":{"uv":[0,0,0,1],"texture":"#6"},"west":{"uv":[9,8,9.5,9],"texture":"#6"},"up":{"uv":[0,0.5,0,0],"texture":"#6"},"down":{"uv":[0,0,0,0.5],"texture":"#6"}}},{"from":[8,0,7],"to":[8,4,9],"rotation":{"angle":-45,"axis":"y","origin":[8,1,8]},"faces":{"north":{"uv":[0,0,0,1],"texture":"#6"},"east":{"uv":[8.5,9,9,10],"texture":"#6"},"south":{"uv":[0,0,0,1],"texture":"#6"},"west":{"uv":[9,9,9.5,10],"texture":"#6"},"up":{"uv":[0,0.5,0,0],"texture":"#6"},"down":{"uv":[0,0,0,0.5],"texture":"#6"}}},{"from":[8,0,7],"to":[8,4,9],"rotation":{"angle":45,"axis":"y","origin":[8,1,8]},"faces":{"north":{"uv":[0,0,0,1],"texture":"#6"},"east":{"uv":[9.5,6,10,7],"texture":"#6"},"south":{"uv":[0,0,0,1],"texture":"#6"},"west":{"uv":[9.5,7,10,8],"texture":"#6"},"up":{"uv":[0,0.5,0,0],"texture":"#6"},"down":{"uv":[0,0,0,0.5],"texture":"#6"}}}],"display":{"thirdperson_righthand":{"rotation":[75,45,0],"translation":[0,2.5,2.75],"scale":[0.375,0.375,0.375]},"thirdperson_lefthand":{"rotation":[75,45,0],"translation":[0,2.5,2.75],"scale":[0.375,0.375,0.375]},"firstperson_righthand":{"rotation":[0,45,0],"scale":[0.4,0.4,0.4]},"firstperson_lefthand":{"rotation":[0,225,0],"scale":[0.4,0.4,0.4]},"ground":{"translation":[0,3,0],"scale":[0.25,0.25,0.25]},"gui":{"rotation":[-136.62,-62.43,179.11],"translation":[0,4,0],"scale":[0.87109,0.87109,0.87109]},"head":{"translation":[0,-30.4,0],"scale":[1.6,1.6,1.6]},"fixed":{"rotation":[-90,180,0],"translation":[0,0,-16],"scale":[2,2,2]}},"gui_light":"front"}