{"textures":{"particle":"cosmetics:hats/gfx_new_years_headband"},"elements":[{"from":[3,3,7],"to":[4,8,9],"rotation":{"angle":0,"axis":"y","origin":[11,8,15]},"faces":{"north":{"uv":[1.5,4.5,2,7],"texture":"#particle"},"east":{"uv":[0.5,4.5,1.5,7],"texture":"#particle"},"south":{"uv":[3,4.5,3.5,7],"texture":"#particle"},"west":{"uv":[2,4.5,3,7],"texture":"#particle"},"down":{"uv":[2,8,1.5,7],"texture":"#particle"}}},{"from":[12,3,7],"to":[13,8,9],"rotation":{"angle":0,"axis":"y","origin":[5,8,15]},"faces":{"north":{"uv":[2,4.5,1.5,7],"texture":"#particle"},"east":{"uv":[3,4.5,2,7],"texture":"#particle"},"south":{"uv":[3.5,4.5,3,7],"texture":"#particle"},"west":{"uv":[1.5,4.5,0.5,7],"texture":"#particle"},"down":{"uv":[1.5,8,2,7],"texture":"#particle"}}},{"from":[3,8,7],"to":[13,9,9],"rotation":{"angle":0,"axis":"y","origin":[20,9,15]},"faces":{"north":{"uv":[0.5,1.5,5.5,2],"texture":"#particle"},"east":{"uv":[6.5,1.5,5.5,2],"texture":"#particle"},"south":{"uv":[5.5,3.5,0.5,3],"texture":"#particle"},"west":{"uv":[5.5,1.5,6.5,2],"texture":"#particle"},"up":{"uv":[5.5,1.5,0.5,0.5],"texture":"#particle"},"down":{"uv":[5.5,3,0.5,2],"texture":"#particle"}}},{"from":[13.3015,7.81493,8],"to":[14.3015,10.81493,8.01],"rotation":{"angle":-22.5,"axis":"z","origin":[11.739,10.81493,7.5]},"faces":{"north":{"uv":[4.5,4.5,5,6],"texture":"#particle"},"south":{"uv":[4.5,4.5,5,6],"texture":"#particle"}}},{"from":[5.76576,7.79101,8],"to":[6.76576,10.79101,8.01],"rotation":{"angle":22.5,"axis":"z","origin":[4.20326,10.79101,7.5]},"faces":{"north":{"uv":[4.5,4.5,5,6],"texture":"#particle"},"south":{"uv":[4.5,4.5,5,6],"texture":"#particle"}}},{"from":[2.0125,6.23636,8],"to":[3.0125,9.23636,8.01],"rotation":{"angle":22.5,"axis":"z","origin":[0.45,9.23636,7.5]},"faces":{"north":{"uv":[4.5,4.5,5,6],"texture":"#particle"},"south":{"uv":[4.5,4.5,5,6],"texture":"#particle"}}},{"from":[9.54824,9.36958,8],"to":[10.54824,12.36958,8.01],"rotation":{"angle":-22.5,"axis":"z","origin":[7.98574,12.36958,7.5]},"faces":{"north":{"uv":[4.5,4.5,5,6],"texture":"#particle"},"south":{"uv":[4.5,4.5,5,6],"texture":"#particle"}}},{"from":[8.239,14.81493,7.5],"to":[11.239,15.81493,8.5],"rotation":{"angle":-22.5,"axis":"z","origin":[11.739,10.81493,7.5]},"faces":{"north":{"uv":[4.5,9.5,6,10],"texture":"#particle"},"east":{"uv":[4,9.5,4.5,10],"texture":"#particle"},"south":{"uv":[6,9.5,4.5,10],"texture":"#particle"},"west":{"uv":[6,9.5,6.5,10],"texture":"#particle"},"up":{"uv":[6,9.5,4.5,9],"texture":"#particle"},"down":{"uv":[6,10.5,4.5,10],"texture":"#particle"}}},{"from":[8.239,10.81493,7.5],"to":[11.239,11.81493,8.5],"rotation":{"angle":-22.5,"axis":"z","origin":[11.739,10.81493,7.5]},"faces":{"north":{"uv":[4.5,12,6,12.5],"texture":"#particle"},"east":{"uv":[4,12,4.5,12.5],"texture":"#particle"},"south":{"uv":[6,12,4.5,12.5],"texture":"#particle"},"west":{"uv":[6,12,6.5,12.5],"texture":"#particle"},"up":{"uv":[6,12,4.5,11.5],"texture":"#particle"},"down":{"uv":[6,13,4.5,12.5],"texture":"#particle"}}},{"from":[12.3015,14.81493,7.5],"to":[15.3015,15.81493,8.5],"rotation":{"angle":-22.5,"axis":"z","origin":[11.739,10.81493,7.5]},"faces":{"north":{"uv":[1,9.5,2.5,10],"texture":"#particle"},"east":{"uv":[0.5,9.5,1,10],"texture":"#particle"},"south":{"uv":[2.5,9.5,1,10],"texture":"#particle"},"west":{"uv":[2.5,9.5,3,10],"texture":"#particle"},"up":{"uv":[2.5,9.5,1,9],"texture":"#particle"},"down":{"uv":[2.5,10.5,1,10],"texture":"#particle"}}},{"from":[4.76576,14.79101,7.5],"to":[7.76576,15.79101,8.5],"rotation":{"angle":22.5,"axis":"z","origin":[4.20326,10.79101,7.5]},"faces":{"north":{"uv":[1,9.5,2.5,10],"texture":"#particle"},"east":{"uv":[0.5,9.5,1,10],"texture":"#particle"},"south":{"uv":[2.5,9.5,1,10],"texture":"#particle"},"west":{"uv":[2.5,9.5,3,10],"texture":"#particle"},"up":{"uv":[2.5,9.5,1,9],"texture":"#particle"},"down":{"uv":[2.5,10.5,1,10],"texture":"#particle"}}},{"from":[1.0125,13.23636,7.5],"to":[4.0125,14.23636,8.5],"rotation":{"angle":22.5,"axis":"z","origin":[0.45,9.23636,7.5]},"faces":{"north":{"uv":[1,9.5,2.5,10],"texture":"#particle"},"east":{"uv":[0.5,9.5,1,10],"texture":"#particle"},"south":{"uv":[2.5,9.5,1,10],"texture":"#particle"},"west":{"uv":[2.5,9.5,3,10],"texture":"#particle"},"up":{"uv":[2.5,9.5,1,9],"texture":"#particle"},"down":{"uv":[2.5,10.5,1,10],"texture":"#particle"}}},{"from":[12.3015,12.81493,7.5],"to":[15.3015,13.81493,8.5],"rotation":{"angle":-22.5,"axis":"z","origin":[11.739,10.81493,7.5]},"faces":{"north":{"uv":[1,12,2.5,12.5],"texture":"#particle"},"east":{"uv":[0.5,12,1,12.5],"texture":"#particle"},"south":{"uv":[2.5,12,1,12.5],"texture":"#particle"},"west":{"uv":[2.5,12,3,12.5],"texture":"#particle"},"up":{"uv":[2.5,12,1,11.5],"texture":"#particle"},"down":{"uv":[2.5,13,1,12.5],"texture":"#particle"}}},{"from":[4.76576,12.79101,7.5],"to":[7.76576,13.79101,8.5],"rotation":{"angle":22.5,"axis":"z","origin":[4.20326,10.79101,7.5]},"faces":{"north":{"uv":[1,12,2.5,12.5],"texture":"#particle"},"east":{"uv":[0.5,12,1,12.5],"texture":"#particle"},"south":{"uv":[2.5,12,1,12.5],"texture":"#particle"},"west":{"uv":[2.5,12,3,12.5],"texture":"#particle"},"up":{"uv":[2.5,12,1,11.5],"texture":"#particle"},"down":{"uv":[2.5,13,1,12.5],"texture":"#particle"}}},{"from":[1.0125,11.23636,7.5],"to":[4.0125,12.23636,8.5],"rotation":{"angle":22.5,"axis":"z","origin":[0.45,9.23636,7.5]},"faces":{"north":{"uv":[1,12,2.5,12.5],"texture":"#particle"},"east":{"uv":[0.5,12,1,12.5],"texture":"#particle"},"south":{"uv":[2.5,12,1,12.5],"texture":"#particle"},"west":{"uv":[2.5,12,3,12.5],"texture":"#particle"},"up":{"uv":[2.5,12,1,11.5],"texture":"#particle"},"down":{"uv":[2.5,13,1,12.5],"texture":"#particle"}}},{"from":[12.3015,10.81493,7.5],"to":[15.3015,11.81493,8.5],"rotation":{"angle":-22.5,"axis":"z","origin":[11.739,10.81493,7.5]},"faces":{"north":{"uv":[1,14.5,2.5,15],"texture":"#particle"},"east":{"uv":[0.5,14.5,1,15],"texture":"#particle"},"south":{"uv":[2.5,14.5,1,15],"texture":"#particle"},"west":{"uv":[2.5,14.5,3,15],"texture":"#particle"},"up":{"uv":[2.5,14.5,1,14],"texture":"#particle"},"down":{"uv":[2.5,15.5,1,15],"texture":"#particle"}}},{"from":[4.76576,10.79101,7.5],"to":[7.76576,11.79101,8.5],"rotation":{"angle":22.5,"axis":"z","origin":[4.20326,10.79101,7.5]},"faces":{"north":{"uv":[1,14.5,2.5,15],"texture":"#particle"},"east":{"uv":[0.5,14.5,1,15],"texture":"#particle"},"south":{"uv":[2.5,14.5,1,15],"texture":"#particle"},"west":{"uv":[2.5,14.5,3,15],"texture":"#particle"},"up":{"uv":[2.5,14.5,1,14],"texture":"#particle"},"down":{"uv":[2.5,15.5,1,15],"texture":"#particle"}}},{"from":[1.0125,9.23636,7.5],"to":[4.0125,10.23636,8.5],"rotation":{"angle":22.5,"axis":"z","origin":[0.45,9.23636,7.5]},"faces":{"north":{"uv":[1,14.5,2.5,15],"texture":"#particle"},"east":{"uv":[0.5,14.5,1,15],"texture":"#particle"},"south":{"uv":[2.5,14.5,1,15],"texture":"#particle"},"west":{"uv":[2.5,14.5,3,15],"texture":"#particle"},"up":{"uv":[2.5,14.5,1,14],"texture":"#particle"},"down":{"uv":[2.5,15.5,1,15],"texture":"#particle"}}},{"from":[10.239,11.81493,7.5],"to":[11.239,14.81493,8.5],"rotation":{"angle":-22.5,"axis":"z","origin":[11.739,10.81493,7.5]},"faces":{"north":{"uv":[8,3.5,8.5,5],"texture":"#particle"},"east":{"uv":[7.5,3.5,8,5],"texture":"#particle"},"south":{"uv":[9,3.5,9.5,5],"texture":"#particle"},"west":{"uv":[8.5,3.5,9,5],"texture":"#particle"}}},{"from":[8.239,11.81493,7.5],"to":[9.239,14.81493,8.5],"rotation":{"angle":-22.5,"axis":"z","origin":[11.739,10.81493,7.5]},"faces":{"north":{"uv":[8,6,8.5,7.5],"texture":"#particle"},"east":{"uv":[7.5,6,8,7.5],"texture":"#particle"},"south":{"uv":[9,6,9.5,7.5],"texture":"#particle"},"west":{"uv":[8.5,6,9,7.5],"texture":"#particle"}}},{"from":[12.3015,13.81493,7.5],"to":[13.3015,14.81493,8.5],"rotation":{"angle":-22.5,"axis":"z","origin":[11.739,10.81493,7.5]},"faces":{"north":{"uv":[8,0.5,8.5,1],"texture":"#particle"},"east":{"uv":[7.5,0.5,8,1],"texture":"#particle"},"south":{"uv":[9,0.5,9.5,1],"texture":"#particle"},"west":{"uv":[8.5,0.5,9,1],"texture":"#particle"}}},{"from":[4.76576,13.79101,7.5],"to":[5.76576,14.79101,8.5],"rotation":{"angle":22.5,"axis":"z","origin":[4.20326,10.79101,7.5]},"faces":{"north":{"uv":[8,0.5,8.5,1],"texture":"#particle"},"east":{"uv":[7.5,0.5,8,1],"texture":"#particle"},"south":{"uv":[9,0.5,9.5,1],"texture":"#particle"},"west":{"uv":[8.5,0.5,9,1],"texture":"#particle"}}},{"from":[1.0125,12.23636,7.5],"to":[2.0125,13.23636,8.5],"rotation":{"angle":22.5,"axis":"z","origin":[0.45,9.23636,7.5]},"faces":{"north":{"uv":[8,0.5,8.5,1],"texture":"#particle"},"east":{"uv":[7.5,0.5,8,1],"texture":"#particle"},"south":{"uv":[9,0.5,9.5,1],"texture":"#particle"},"west":{"uv":[8.5,0.5,9,1],"texture":"#particle"}}},{"from":[14.3015,11.81493,7.5],"to":[15.3015,12.81493,8.5],"rotation":{"angle":-22.5,"axis":"z","origin":[11.739,10.81493,7.5]},"faces":{"north":{"uv":[8,2,8.5,2.5],"texture":"#particle"},"east":{"uv":[7.5,2,8,2.5],"texture":"#particle"},"south":{"uv":[9,2,9.5,2.5],"texture":"#particle"},"west":{"uv":[8.5,2,9,2.5],"texture":"#particle"}}},{"from":[6.76576,11.79101,7.5],"to":[7.76576,12.79101,8.5],"rotation":{"angle":22.5,"axis":"z","origin":[4.20326,10.79101,7.5]},"faces":{"north":{"uv":[8,2,8.5,2.5],"texture":"#particle"},"east":{"uv":[7.5,2,8,2.5],"texture":"#particle"},"south":{"uv":[9,2,9.5,2.5],"texture":"#particle"},"west":{"uv":[8.5,2,9,2.5],"texture":"#particle"}}},{"from":[3.0125,10.23636,7.5],"to":[4.0125,11.23636,8.5],"rotation":{"angle":22.5,"axis":"z","origin":[0.45,9.23636,7.5]},"faces":{"north":{"uv":[8,2,8.5,2.5],"texture":"#particle"},"east":{"uv":[7.5,2,8,2.5],"texture":"#particle"},"south":{"uv":[9,2,9.5,2.5],"texture":"#particle"},"west":{"uv":[8.5,2,9,2.5],"texture":"#particle"}}}],"display":{"thirdperson_righthand":{"rotation":[75,45,0],"translation":[0,2.5,-0.25],"scale":[0.55,0.55,0.55]},"firstperson_righthand":{"rotation":[0,135,0],"translation":[0,2.5,0.5],"scale":[0.4,0.4,0.4]},"ground":{"translation":[0,3,0]},"gui":{"rotation":[30,225,0],"translation":[0,-1,0],"scale":[0.8,0.8,0.8]},"head":{"translation":[0,6.4,0],"scale":[1.6,1.6,1.6]},"fixed":{"rotation":[-90,0,0],"translation":[0,0,-10],"scale":[2,2,2]}},"gui_light":"front"}