{"credit":"Made with Blockbench","texture_size":[32,32],"textures":{"0":"cosmetics:hats/panda","particle":"cosmetics:hats/panda"},"elements":[{"from":[4,0,4],"to":[12,7,12],"faces":{"north":{"uv":[4,0,8,3.5],"texture":"#0"},"east":{"uv":[4,3.5,8,7],"texture":"#0"},"south":{"uv":[4,7,8,10.5],"texture":"#0"},"west":{"uv":[0,8,4,11.5],"texture":"#0"},"up":{"uv":[4,4,0,0],"texture":"#0"},"down":{"uv":[4,4,0,8],"texture":"#0"}}},{"from":[6,0,3],"to":[10,3,4],"rotation":{"angle":0,"axis":"y","origin":[6,4,9.75]},"faces":{"north":{"uv":[8,1.5,10,3],"texture":"#0"},"east":{"uv":[8.5,6,9,7.5],"texture":"#0"},"south":{"uv":[8,0,10,1.5],"texture":"#0"},"west":{"uv":[8.5,7.5,9,9],"texture":"#0"},"up":{"uv":[8.5,8,8,6],"rotation":90,"texture":"#0"},"down":{"uv":[8.5,8,8,10],"rotation":270,"texture":"#0"}}},{"from":[2,5,7],"to":[5,8,8],"rotation":{"angle":0,"axis":"y","origin":[6,4,9.75]},"faces":{"north":{"uv":[8,4.5,9.5,6],"texture":"#0"},"east":{"uv":[9,6,9.5,7.5],"texture":"#0"},"south":{"uv":[8,3,9.5,4.5],"texture":"#0"},"west":{"uv":[9,7.5,9.5,9],"texture":"#0"},"up":{"uv":[9,10.5,8.5,9],"rotation":90,"texture":"#0"},"down":{"uv":[9.5,9,9,10.5],"rotation":270,"texture":"#0"}}},{"from":[11,5,7],"to":[14,8,8],"rotation":{"angle":0,"axis":"y","origin":[10,4,9.75]},"faces":{"north":{"uv":[9.5,4.5,8,6],"texture":"#0"},"east":{"uv":[9.5,7.5,9,9],"texture":"#0"},"south":{"uv":[9.5,3,8,4.5],"texture":"#0"},"west":{"uv":[9.5,6,9,7.5],"texture":"#0"},"up":{"uv":[9,9,8.5,10.5],"rotation":90,"texture":"#0"},"down":{"uv":[9.5,10.5,9,9],"rotation":270,"texture":"#0"}}}],"gui_light":"front","display":{"thirdperson_righthand":{"translation":[0,4,0],"scale":[0.5,0.5,0.5]},"thirdperson_lefthand":{"translation":[0,4,0],"scale":[0.5,0.5,0.5]},"firstperson_righthand":{"rotation":[-180,51.75,-180],"translation":[0,8.5,0],"scale":[0.8,0.8,0.8]},"firstperson_lefthand":{"rotation":[-180,51.75,-180],"translation":[0,8.5,0],"scale":[0.8,0.8,0.8]},"ground":{"translation":[0,6.5,0]},"gui":{"rotation":[-155.25,29,180],"translation":[0,6,0],"scale":[1.3,1.3,1.3]},"head":{"translation":[0,14,0],"scale":[2,2,2]},"fixed":{"translation":[0,10,0.5],"scale":[2,2,2]}}}