{"textures":{"particle":"cosmetics:hats/gfx_pharaoh_headdress"},"elements":[{"from":[3,5,3],"to":[13,9,13],"rotation":{"angle":0,"axis":"y","origin":[12,11,11]},"faces":{"north":{"uv":[0.33333,3.66667,3.66667,5],"texture":"#particle"},"east":{"uv":[7,3.66667,3.66667,5],"texture":"#particle"},"south":{"uv":[7,3.66667,10.33333,5],"texture":"#particle"},"west":{"uv":[3.66667,3.66667,7,5],"texture":"#particle"},"up":{"uv":[3.66667,3.66667,0.33333,0.33333],"texture":"#particle"},"down":{"uv":[3.66667,8.33333,0.33333,5],"texture":"#particle"}}},{"from":[7,6.2685,2.34985],"to":[9,9.2685,4.34985],"rotation":{"angle":-22.5,"axis":"x","origin":[8,7.7685,3.34985]},"faces":{"north":{"uv":[4,12,4.66667,13],"texture":"#particle"},"east":{"uv":[3.33333,12,4,13],"texture":"#particle"},"south":{"uv":[5.33333,12,6,13],"texture":"#particle"},"west":{"uv":[4.66667,12,5.33333,13],"texture":"#particle"},"up":{"uv":[4.66667,12,4,11.33333],"texture":"#particle"}}},{"from":[4,0,12],"to":[12,5,13],"rotation":{"angle":0,"axis":"y","origin":[12,6,11]},"faces":{"north":{"uv":[8.33333,5.66667,11,7.33333],"texture":"#particle"},"south":{"uv":[11,9.33333,8.33333,7.66667],"texture":"#particle"},"down":{"uv":[11,7.66667,8.33333,7.33333],"texture":"#particle"}}},{"from":[3,0,8],"to":[4,5,13],"rotation":{"angle":0,"axis":"y","origin":[12,10,16]},"faces":{"north":{"uv":[2,9,2.33333,10.66667],"texture":"#particle"},"east":{"uv":[0.33333,9,2,10.66667],"texture":"#particle"},"south":{"uv":[4,9,4.33333,10.66667],"texture":"#particle"},"west":{"uv":[2.33333,9,4,10.66667],"texture":"#particle"},"down":{"uv":[5.33333,10.66667,5,9],"texture":"#particle"}}},{"from":[12,0,8],"to":[13,5,13],"rotation":{"angle":0,"axis":"y","origin":[4,10,16]},"faces":{"north":{"uv":[2.33333,9,2,10.66667],"texture":"#particle"},"east":{"uv":[4,9,2.33333,10.66667],"texture":"#particle"},"south":{"uv":[4.33333,9,4,10.66667],"texture":"#particle"},"west":{"uv":[2,9,0.33333,10.66667],"texture":"#particle"},"down":{"uv":[5,10.66667,5.33333,9],"texture":"#particle"}}},{"from":[4,9,4],"to":[12,10,12],"rotation":{"angle":0,"axis":"x","origin":[12,11,11]},"faces":{"north":{"uv":[7.66667,0.33333,10.33333,0.66667],"texture":"#particle"},"east":{"uv":[10.33333,1.33333,7.66667,1.66667],"texture":"#particle"},"south":{"uv":[7.66667,2.33333,10.33333,2.66667],"texture":"#particle"},"west":{"uv":[7.66667,1.33333,10.33333,1.66667],"texture":"#particle"},"up":{"uv":[7,3,4.33333,0.33333],"texture":"#particle"}}},{"from":[0,-3,7.5],"to":[5,4,8.5],"rotation":{"angle":22.5,"axis":"x","origin":[3,3,8]},"faces":{"north":{"uv":[0.66667,11.33333,2.33333,13.66667],"texture":"#particle"},"east":{"uv":[0.33333,11.33333,0.66667,13.66667],"texture":"#particle"},"south":{"uv":[2.33333,11.33333,0.66667,13.66667],"texture":"#particle"},"west":{"uv":[2.33333,11.33333,2.66667,13.66667],"texture":"#particle"},"down":{"uv":[2.33333,14,0.66667,13.66667],"texture":"#particle"}}},{"from":[11,-3,7.5],"to":[16,4,8.5],"rotation":{"angle":22.5,"axis":"x","origin":[13,3,8]},"faces":{"north":{"uv":[2.33333,11.33333,0.66667,13.66667],"texture":"#particle"},"east":{"uv":[2.66667,11.33333,2.33333,13.66667],"texture":"#particle"},"south":{"uv":[0.66667,11.33333,2.33333,13.66667],"texture":"#particle"},"west":{"uv":[0.66667,11.33333,0.33333,13.66667],"texture":"#particle"},"down":{"uv":[0.66667,14,2.33333,13.66667],"texture":"#particle"}}},{"from":[3,3,7],"to":[8,9,9],"rotation":{"angle":-45,"axis":"z","origin":[3,9,8]},"faces":{"north":{"uv":[5,5.66667,6.66667,7.66667],"texture":"#particle"},"east":{"uv":[4.33333,5.66667,5,7.66667],"texture":"#particle"},"south":{"uv":[6.66667,5.66667,5,7.66667],"texture":"#particle"},"west":{"uv":[6.66667,5.66667,7.33333,7.66667],"texture":"#particle"},"down":{"uv":[6.66667,8.33333,5,7.66667],"texture":"#particle"}}},{"from":[8,3,7],"to":[13,9,9],"rotation":{"angle":45,"axis":"z","origin":[13,9,8]},"faces":{"north":{"uv":[6.66667,5.66667,5,7.66667],"texture":"#particle"},"east":{"uv":[7.33333,5.66667,6.66667,7.66667],"texture":"#particle"},"south":{"uv":[5,5.66667,6.66667,7.66667],"texture":"#particle"},"west":{"uv":[5,5.66667,4.33333,7.66667],"texture":"#particle"},"down":{"uv":[5,8.33333,6.66667,7.66667],"texture":"#particle"}}}],"display":{"thirdperson_righthand":{"rotation":[75,45,0],"translation":[0,2.5,-0.25],"scale":[0.55,0.55,0.55]},"firstperson_righthand":{"rotation":[0,45,0],"translation":[1,3,0.5],"scale":[0.4,0.4,0.4]},"ground":{"translation":[0,7,0]},"gui":{"rotation":[30,225,0],"translation":[0,3,0],"scale":[0.8,0.8,0.8]},"head":{"translation":[0,6.4,0],"scale":[1.6,1.6,1.6]},"fixed":{"rotation":[-65.75,0,0],"translation":[0,4,-18],"scale":[2,2,2]}},"gui_light":"front"}