{"textures":{"particle":"cosmetics:hats/gfx_pinwheel_hat"},"elements":[{"from":[3,5,3],"to":[13,10,13],"faces":{"north":{"uv":[2.75,0.25,5.25,1.5],"texture":"#particle"},"east":{"uv":[0.25,0.25,2.75,1.5],"texture":"#particle"},"south":{"uv":[7.75,0.25,10.25,1.5],"texture":"#particle"},"west":{"uv":[5.25,0.25,7.75,1.5],"texture":"#particle"},"up":{"uv":[2.75,4.5,0.25,2],"texture":"#particle"},"down":{"uv":[5.75,4.5,3.25,2],"texture":"#particle"}}},{"from":[7,10,7],"to":[9,14,9],"faces":{"north":{"uv":[6.25,2.5,6.75,3.5],"texture":"#particle"},"east":{"uv":[6.25,2.5,6.75,3.5],"texture":"#particle"},"south":{"uv":[6.25,2.5,6.75,3.5],"texture":"#particle"},"west":{"uv":[6.25,2.5,6.75,3.5],"texture":"#particle"},"up":{"uv":[6.75,2.5,6.25,2],"texture":"#particle"}}},{"from":[5,11,5],"to":[11,13,11],"faces":{"north":{"uv":[1.75,5,3.25,5.5],"texture":"#particle"},"east":{"uv":[0.25,5,1.75,5.5],"texture":"#particle"},"south":{"uv":[4.75,5,6.25,5.5],"texture":"#particle"},"west":{"uv":[3.25,5,4.75,5.5],"texture":"#particle"},"up":{"uv":[1.75,7.5,0.25,6],"texture":"#particle"},"down":{"uv":[3.75,7.5,2.25,6],"texture":"#particle"}}},{"from":[5,12,3],"to":[7,13,5],"faces":{"north":{"uv":[11.25,1,11.75,1.25],"texture":"#particle"},"east":{"uv":[10.75,1,11.25,1.25],"texture":"#particle"},"west":{"uv":[11.75,1,12.25,1.25],"texture":"#particle"},"up":{"uv":[13.25,1.5,12.75,1],"texture":"#particle"},"down":{"uv":[13.25,2.25,12.75,1.75],"texture":"#particle"}}},{"from":[9,12,11],"to":[11,13,13],"faces":{"east":{"uv":[11.75,1,12.25,1.25],"texture":"#particle"},"south":{"uv":[11.25,1,11.75,1.25],"texture":"#particle"},"west":{"uv":[10.75,1,11.25,1.25],"texture":"#particle"},"up":{"uv":[13.25,1.5,12.75,1],"rotation":180,"texture":"#particle"},"down":{"uv":[13.25,2.25,12.75,1.75],"rotation":180,"texture":"#particle"}}},{"from":[6,11,1],"to":[8,12,5],"faces":{"north":{"uv":[11.75,0.25,12.25,0.5],"texture":"#particle"},"east":{"uv":[10.75,0.25,11.75,0.5],"texture":"#particle"},"west":{"uv":[12.25,0.25,13.25,0.5],"texture":"#particle"},"up":{"uv":[15.25,1.25,14.75,0.25],"texture":"#particle"},"down":{"uv":[14.25,1.25,13.75,0.25],"texture":"#particle"}}},{"from":[8,11,11],"to":[10,12,15],"faces":{"east":{"uv":[12.25,0.25,13.25,0.5],"texture":"#particle"},"south":{"uv":[11.75,0.25,12.25,0.5],"texture":"#particle"},"west":{"uv":[10.75,0.25,11.75,0.5],"texture":"#particle"},"up":{"uv":[15.25,1.25,14.75,0.25],"rotation":180,"texture":"#particle"},"down":{"uv":[14.25,1.25,13.75,0.25],"rotation":180,"texture":"#particle"}}},{"from":[3,12,9],"to":[5,13,11],"faces":{"north":{"uv":[13.25,3.25,13.75,3.5],"texture":"#particle"},"south":{"uv":[14.25,3.25,14.75,3.5],"texture":"#particle"},"west":{"uv":[13.75,3.25,14.25,3.5],"texture":"#particle"},"up":{"uv":[13.75,3.25,13.25,2.75],"texture":"#particle"},"down":{"uv":[13.75,4,13.25,3.5],"texture":"#particle"}}},{"from":[11,12,5],"to":[13,13,7],"faces":{"north":{"uv":[14.25,3.25,14.75,3.5],"texture":"#particle"},"east":{"uv":[13.75,3.25,14.25,3.5],"texture":"#particle"},"south":{"uv":[13.25,3.25,13.75,3.5],"texture":"#particle"},"up":{"uv":[13.75,3.25,13.25,2.75],"rotation":180,"texture":"#particle"},"down":{"uv":[13.75,4,13.25,3.5],"rotation":180,"texture":"#particle"}}},{"from":[1,11,8],"to":[5,12,10],"faces":{"north":{"uv":[10.25,3.25,11.25,3.5],"texture":"#particle"},"south":{"uv":[11.75,3.25,12.75,3.5],"texture":"#particle"},"west":{"uv":[11.25,3.25,11.75,3.5],"texture":"#particle"},"up":{"uv":[11.25,3.25,10.25,2.75],"texture":"#particle"},"down":{"uv":[11.25,4,10.25,3.5],"texture":"#particle"}}},{"from":[11,11,6],"to":[15,12,8],"faces":{"north":{"uv":[11.75,3.25,12.75,3.5],"texture":"#particle"},"east":{"uv":[11.25,3.25,11.75,3.5],"texture":"#particle"},"south":{"uv":[10.25,3.25,11.25,3.5],"texture":"#particle"},"up":{"uv":[11.25,3.25,10.25,2.75],"rotation":180,"texture":"#particle"},"down":{"uv":[11.25,4,10.25,3.5],"rotation":180,"texture":"#particle"}}},{"from":[3,5,-1],"to":[13,6,3],"faces":{"north":{"uv":[8.25,2,10.75,2.25],"texture":"#particle"},"east":{"uv":[7.25,2,8.25,2.25],"texture":"#particle"},"west":{"uv":[10.75,2,11.75,2.25],"texture":"#particle"},"up":{"uv":[9.75,3.75,7.25,2.75],"texture":"#particle"},"down":{"uv":[9.75,5.25,7.25,4.25],"texture":"#particle"}}}],"display":{"thirdperson_righthand":{"rotation":[75,45,0],"translation":[0,2.5,-0.25],"scale":[0.55,0.55,0.55]},"thirdperson_lefthand":{"rotation":[75,45,0],"translation":[0,2.5,-0.25],"scale":[0.55,0.55,0.55]},"firstperson_righthand":{"rotation":[0,45,0],"translation":[0,2,0.5],"scale":[0.4,0.4,0.4]},"firstperson_lefthand":{"rotation":[0,45,0],"translation":[0,2,0.5],"scale":[0.4,0.4,0.4]},"gui":{"rotation":[30,225,0],"translation":[-1,0,0],"scale":[0.8,0.8,0.8]},"head":{"translation":[0,6.4,0],"scale":[1.6,1.6,1.6]},"fixed":{"rotation":[-90,0,0],"translation":[0,0,-5],"scale":[2,2,2]}},"gui_light":"front"}