{"textures":{"particle":"cosmetics:hats/gfx_pirate_hat"},"elements":[{"from":[3,5,4],"to":[13,9,12],"rotation":{"angle":0,"axis":"y","origin":[8,7,8]},"faces":{"north":{"uv":[0.33333,3,3.66667,4.33333],"texture":"#particle"},"east":{"uv":[3.66667,3,6.33333,4.33333],"texture":"#particle"},"south":{"uv":[0.33333,3,3.66667,4.33333],"texture":"#particle"},"west":{"uv":[3.66667,3,6.33333,4.33333],"texture":"#particle"},"up":{"uv":[0.33333,0.33333,3.66667,3],"texture":"#particle"},"down":{"uv":[0.33333,4.33333,3.66667,7],"texture":"#particle"}}},{"from":[1,5,5],"to":[3,9,6],"rotation":{"angle":0,"axis":"y","origin":[8,7,8]},"faces":{"north":{"uv":[4.33333,5.33333,5,6.66667],"texture":"#particle"},"south":{"uv":[5.66667,5,6.33333,6.33333],"texture":"#particle"},"up":{"uv":[5,5.33333,4.33333,5],"texture":"#particle"},"down":{"uv":[5,7,4.33333,6.66667],"texture":"#particle"}}},{"from":[1,5,10],"to":[3,9,11],"rotation":{"angle":0,"axis":"y","origin":[8,7,8]},"faces":{"north":{"uv":[6.33333,5,5.66667,6.33333],"texture":"#particle"},"south":{"uv":[5,5.33333,4.33333,6.66667],"texture":"#particle"},"up":{"uv":[5,5,4.33333,5.33333],"texture":"#particle"},"down":{"uv":[5,6.66667,4.33333,7],"texture":"#particle"}}},{"from":[13,5,5],"to":[15,9,6],"rotation":{"angle":0,"axis":"y","origin":[8,7,8]},"faces":{"north":{"uv":[5,5.33333,4.33333,6.66667],"texture":"#particle"},"south":{"uv":[6.33333,5,5.66667,6.33333],"texture":"#particle"},"up":{"uv":[4.33333,5.33333,5,5],"texture":"#particle"},"down":{"uv":[4.33333,7,5,6.66667],"texture":"#particle"}}},{"from":[13,5,10],"to":[15,9,11],"rotation":{"angle":0,"axis":"y","origin":[8,7,8]},"faces":{"north":{"uv":[5.66667,5,6.33333,6.33333],"texture":"#particle"},"south":{"uv":[4.33333,5.33333,5,6.66667],"texture":"#particle"},"up":{"uv":[4.33333,5,5,5.33333],"texture":"#particle"},"down":{"uv":[4.33333,6.66667,5,7],"texture":"#particle"}}},{"from":[0,5,6],"to":[16,6,10],"rotation":{"angle":0,"axis":"y","origin":[8,7,8]},"faces":{"east":{"uv":[6.33333,7.66667,7.66667,8],"texture":"#particle"},"west":{"uv":[6.33333,7.66667,7.66667,8],"texture":"#particle"},"up":{"uv":[5.66667,9,0.33333,7.66667],"texture":"#particle"},"down":{"uv":[5.66667,11,0.33333,9.66667],"texture":"#particle"}}},{"from":[2,5,4],"to":[3,9,5],"rotation":{"angle":0,"axis":"y","origin":[8,7,8]},"faces":{"north":{"uv":[7,2.66667,7.33333,4],"texture":"#particle"},"west":{"uv":[7.33333,2.66667,7.66667,4],"texture":"#particle"},"down":{"uv":[7.33333,4.33333,7,4],"texture":"#particle"}}},{"from":[2,5,11],"to":[3,9,12],"rotation":{"angle":0,"axis":"y","origin":[8,7,8]},"faces":{"south":{"uv":[7.33333,2.66667,7,4],"texture":"#particle"},"west":{"uv":[7.66667,2.66667,7.33333,4],"texture":"#particle"},"down":{"uv":[7.33333,4,7,4.33333],"texture":"#particle"}}},{"from":[13,5,4],"to":[14,9,5],"rotation":{"angle":0,"axis":"y","origin":[8,7,8]},"faces":{"north":{"uv":[7.33333,2.66667,7,4],"texture":"#particle"},"east":{"uv":[7.66667,2.66667,7.33333,4],"texture":"#particle"},"down":{"uv":[7,4.33333,7.33333,4],"texture":"#particle"}}},{"from":[13,5,11],"to":[14,9,12],"rotation":{"angle":0,"axis":"y","origin":[8,7,8]},"faces":{"east":{"uv":[7.33333,2.66667,7.66667,4],"texture":"#particle"},"south":{"uv":[7,2.66667,7.33333,4],"texture":"#particle"},"down":{"uv":[7,4,7.33333,4.33333],"texture":"#particle"}}},{"from":[0,5,5],"to":[1,8,6],"rotation":{"angle":0,"axis":"y","origin":[8,7,8]},"faces":{"north":{"uv":[7,5,7.33333,6],"texture":"#particle"},"south":{"uv":[7.66667,5,8,6],"texture":"#particle"},"west":{"uv":[7.33333,5,7.66667,6],"texture":"#particle"},"down":{"uv":[7.33333,6.33333,7,6],"texture":"#particle"}}},{"from":[0,5,10],"to":[1,8,11],"rotation":{"angle":0,"axis":"y","origin":[8,7,8]},"faces":{"north":{"uv":[8,5,7.66667,6],"texture":"#particle"},"south":{"uv":[7.33333,5,7,6],"texture":"#particle"},"west":{"uv":[7.66667,5,7.33333,6],"texture":"#particle"},"down":{"uv":[7.33333,6,7,6.33333],"texture":"#particle"}}},{"from":[15,5,5],"to":[16,8,6],"rotation":{"angle":0,"axis":"y","origin":[8,7,8]},"faces":{"north":{"uv":[7.33333,5,7,6],"texture":"#particle"},"east":{"uv":[7.66667,5,7.33333,6],"texture":"#particle"},"south":{"uv":[8,5,7.66667,6],"texture":"#particle"},"down":{"uv":[7,6.33333,7.33333,6],"texture":"#particle"}}},{"from":[15,5,10],"to":[16,8,11],"rotation":{"angle":0,"axis":"y","origin":[8,7,8]},"faces":{"north":{"uv":[7.66667,5,8,6],"texture":"#particle"},"east":{"uv":[7.33333,5,7.66667,6],"texture":"#particle"},"south":{"uv":[7,5,7.33333,6],"texture":"#particle"},"down":{"uv":[7,6,7.33333,6.33333],"texture":"#particle"}}},{"from":[4,10,4],"to":[12,11,5],"rotation":{"angle":0,"axis":"y","origin":[8,7,8]},"faces":{"north":{"uv":[12.66667,2,15.33333,2.33333],"texture":"#particle"},"south":{"uv":[12.66667,3,15.33333,3.33333],"texture":"#particle"}}},{"from":[4,10,11],"to":[12,11,12],"rotation":{"angle":0,"axis":"y","origin":[8,7,8]},"faces":{"north":{"uv":[15.33333,3,12.66667,3.33333],"texture":"#particle"},"south":{"uv":[15.33333,2,12.66667,2.33333],"texture":"#particle"}}},{"from":[3,9,4],"to":[13,10,5],"rotation":{"angle":0,"axis":"y","origin":[8,7,8]},"faces":{"north":{"uv":[8.66667,2,12,2.33333],"texture":"#particle"},"south":{"uv":[8.66667,3,12,3.33333],"texture":"#particle"}}},{"from":[3,9,11],"to":[13,10,12],"rotation":{"angle":0,"axis":"y","origin":[8,7,8]},"faces":{"north":{"uv":[12,3,8.66667,3.33333],"texture":"#particle"},"south":{"uv":[12,2,8.66667,2.33333],"texture":"#particle"}}},{"from":[4,7,3],"to":[12,9,4],"rotation":{"angle":0,"axis":"y","origin":[8,7,8]},"faces":{"north":{"uv":[8.66667,0.66667,11.33333,1.33333],"texture":"#particle"},"east":{"uv":[11.66667,0.66667,11.33333,1.33333],"texture":"#particle"},"west":{"uv":[11.33333,0.66667,11.66667,1.33333],"texture":"#particle"},"up":{"uv":[11.33333,0.66667,8.66667,0.33333],"texture":"#particle"}}},{"from":[4,7,12],"to":[12,9,13],"rotation":{"angle":0,"axis":"y","origin":[8,7,8]},"faces":{"east":{"uv":[11.33333,0.66667,11.66667,1.33333],"texture":"#particle"},"south":{"uv":[8.66667,0.66667,11.33333,1.33333],"texture":"#particle"},"west":{"uv":[11.66667,0.66667,11.33333,1.33333],"texture":"#particle"},"up":{"uv":[8.66667,0.33333,11.33333,0.66667],"texture":"#particle"}}},{"from":[3,5,3],"to":[13,7,4],"rotation":{"angle":0,"axis":"y","origin":[8,7,8]},"faces":{"north":{"uv":[4.33333,0.66667,7.66667,1.33333],"texture":"#particle"},"east":{"uv":[8,0.66667,7.66667,1.33333],"texture":"#particle"},"west":{"uv":[7.66667,0.66667,8,1.33333],"texture":"#particle"},"up":{"uv":[4.33333,0.33333,7.66667,0.66667],"texture":"#particle"},"down":{"uv":[4.33333,1.33333,7.66667,1.66667],"texture":"#particle"}}},{"from":[3,5,12],"to":[13,7,13],"rotation":{"angle":0,"axis":"y","origin":[8,7,8]},"faces":{"east":{"uv":[7.66667,0.66667,8,1.33333],"texture":"#particle"},"south":{"uv":[4.33333,0.66667,7.66667,1.33333],"texture":"#particle"},"west":{"uv":[8,0.66667,7.66667,1.33333],"texture":"#particle"},"up":{"uv":[4.33333,0.33333,7.66667,0.66667],"texture":"#particle"},"down":{"uv":[4.33333,1.66667,7.66667,1.33333],"texture":"#particle"}}},{"from":[5,9,3],"to":[11,10,4],"rotation":{"angle":0,"axis":"y","origin":[8,6,8]},"faces":{"north":{"uv":[12.33333,0.66667,14.33333,1],"texture":"#particle"},"up":{"uv":[14.33333,0.66667,12.33333,0.33333],"texture":"#particle"}}},{"from":[5,9,12],"to":[11,10,13],"rotation":{"angle":0,"axis":"y","origin":[8,6,8]},"faces":{"south":{"uv":[12.33333,0.66667,14.33333,1],"texture":"#particle"},"up":{"uv":[14.33333,0.33333,12.33333,0.66667],"texture":"#particle"}}},{"from":[5,11,4],"to":[11,12,5],"rotation":{"angle":0,"axis":"y","origin":[8,8,9]},"faces":{"north":{"uv":[8.66667,4.66667,10.66667,5],"texture":"#particle"},"south":{"uv":[10.66667,4.33333,8.66667,4],"texture":"#particle"},"up":{"uv":[10.66667,4.66667,8.66667,4.33333],"texture":"#particle"}}},{"from":[5,11,11],"to":[11,12,12],"rotation":{"angle":0,"axis":"y","origin":[8,8,7]},"faces":{"north":{"uv":[8.66667,4.33333,10.66667,4],"texture":"#particle"},"south":{"uv":[10.66667,4.66667,8.66667,5],"texture":"#particle"},"up":{"uv":[10.66667,4.33333,8.66667,4.66667],"texture":"#particle"}}},{"from":[1.25625,10.79289,3.99375],"to":[5.5,11.79289,5.00625],"rotation":{"angle":45,"axis":"z","origin":[5,11.29289,4.5]},"faces":{"north":{"uv":[11.33333,4.66667,12.66667,5],"texture":"#particle"},"south":{"uv":[12.66667,4.33333,11.33333,4],"texture":"#particle"},"up":{"uv":[12.66667,4.66667,11.33333,4.33333],"texture":"#particle"}}},{"from":[1.25625,10.79289,10.99375],"to":[5.5,11.79289,12.00625],"rotation":{"angle":45,"axis":"z","origin":[5,11.29289,11.5]},"faces":{"north":{"uv":[11.33333,4.33333,12.66667,4],"texture":"#particle"},"south":{"uv":[12.66667,4.66667,11.33333,5],"texture":"#particle"},"up":{"uv":[12.66667,4.33333,11.33333,4.66667],"texture":"#particle"}}},{"from":[10.5,10.79289,3.99375],"to":[14.74375,11.79289,5.00625],"rotation":{"angle":-45,"axis":"z","origin":[11,11.29289,4.5]},"faces":{"north":{"uv":[12.66667,4.66667,11.33333,5],"texture":"#particle"},"south":{"uv":[11.33333,4.33333,12.66667,4],"texture":"#particle"},"up":{"uv":[11.33333,4.66667,12.66667,4.33333],"texture":"#particle"}}},{"from":[10.5,10.79289,10.99375],"to":[14.74375,11.79289,12.00625],"rotation":{"angle":-45,"axis":"z","origin":[11,11.29289,11.5]},"faces":{"north":{"uv":[12.66667,4.33333,11.33333,4],"texture":"#particle"},"south":{"uv":[11.33333,4.66667,12.66667,5],"texture":"#particle"},"up":{"uv":[11.33333,4.33333,12.66667,4.66667],"texture":"#particle"}}},{"from":[0.08438,7.79289,4.99375],"to":[1.5,8.79289,6.00625],"rotation":{"angle":45,"axis":"z","origin":[1,8.29289,4.5]},"faces":{"north":{"uv":[13.33333,4.66667,13.66667,5],"texture":"#particle"},"south":{"uv":[13.66667,4.33333,13.33333,4],"texture":"#particle"},"up":{"uv":[13.66667,4.66667,13.33333,4.33333],"texture":"#particle"}}},{"from":[0.08438,7.79289,9.99375],"to":[1.5,8.79289,11.00625],"rotation":{"angle":45,"axis":"z","origin":[1,8.29289,11.5]},"faces":{"north":{"uv":[13.33333,4.33333,13.66667,4],"texture":"#particle"},"south":{"uv":[13.66667,4.66667,13.33333,5],"texture":"#particle"},"up":{"uv":[13.66667,4.33333,13.33333,4.66667],"texture":"#particle"}}},{"from":[14.5,7.79289,4.99375],"to":[15.91563,8.79289,6.00625],"rotation":{"angle":-45,"axis":"z","origin":[15,8.29289,4.5]},"faces":{"north":{"uv":[13.66667,4.66667,13.33333,5],"texture":"#particle"},"south":{"uv":[13.33333,4.33333,13.66667,4],"texture":"#particle"},"up":{"uv":[13.33333,4.66667,13.66667,4.33333],"texture":"#particle"}}},{"from":[14.5,7.79289,9.99375],"to":[15.91563,8.79289,11.00625],"rotation":{"angle":-45,"axis":"z","origin":[15,8.29289,11.5]},"faces":{"north":{"uv":[13.66667,4.33333,13.33333,4],"texture":"#particle"},"south":{"uv":[13.33333,4.66667,13.66667,5],"texture":"#particle"},"up":{"uv":[13.33333,4.33333,13.66667,4.66667],"texture":"#particle"}}},{"from":[4.08438,8.79289,3.00624],"to":[5.50001,9.79289,4.00624],"rotation":{"angle":45,"axis":"z","origin":[5.00001,9.29289,3.50312]},"faces":{"north":{"uv":[14.33333,4.33333,14.66667,4.66667],"texture":"#particle"},"up":{"uv":[14.66667,4.33333,14.33333,4],"texture":"#particle"}}},{"from":[4.08438,8.79289,11.99377],"to":[5.50001,9.79289,12.99377],"rotation":{"angle":45,"axis":"z","origin":[5.00001,9.29289,12.49689]},"faces":{"south":{"uv":[14.66667,4.33333,14.33333,4.66667],"texture":"#particle"},"up":{"uv":[14.66667,4,14.33333,4.33333],"texture":"#particle"}}},{"from":[10.49999,8.79289,3.00624],"to":[11.91562,9.79289,4.00624],"rotation":{"angle":-45,"axis":"z","origin":[10.99999,9.29289,3.50312]},"faces":{"north":{"uv":[14.66667,4.33333,14.33333,4.66667],"texture":"#particle"},"up":{"uv":[14.33333,4.33333,14.66667,4],"texture":"#particle"}}},{"from":[10.49999,8.79289,11.99377],"to":[11.91562,9.79289,12.99377],"rotation":{"angle":-45,"axis":"z","origin":[10.99999,9.29289,12.49689]},"faces":{"south":{"uv":[14.33333,4.33333,14.66667,4.66667],"texture":"#particle"},"up":{"uv":[14.33333,4,14.66667,4.33333],"texture":"#particle"}}},{"from":[3.08438,6.79289,3.00626],"to":[4.5,7.79289,4.00625],"rotation":{"angle":45,"axis":"z","origin":[4,7.29289,3.50313]},"faces":{"north":{"uv":[15.33333,4.33333,15.66667,4.66667],"texture":"#particle"},"up":{"uv":[15.66667,4.33333,15.33333,4],"texture":"#particle"}}},{"from":[3.08438,6.79289,11.99375],"to":[4.5,7.79289,12.99375],"rotation":{"angle":45,"axis":"z","origin":[4,7.29289,12.49688]},"faces":{"south":{"uv":[15.66667,4.33333,15.33333,4.66667],"texture":"#particle"},"up":{"uv":[15.66667,4,15.33333,4.33333],"texture":"#particle"}}},{"from":[11.5,6.79289,3.00626],"to":[12.91563,7.79289,4.00625],"rotation":{"angle":-45,"axis":"z","origin":[12,7.29289,3.50313]},"faces":{"north":{"uv":[15.66667,4.33333,15.33333,4.66667],"texture":"#particle"},"up":{"uv":[15.33333,4.33333,15.66667,4],"texture":"#particle"}}},{"from":[11.5,6.79289,11.99375],"to":[12.91563,7.79289,12.99375],"rotation":{"angle":-45,"axis":"z","origin":[12,7.29289,12.49688]},"faces":{"south":{"uv":[15.33333,4.33333,15.66667,4.66667],"texture":"#particle"},"up":{"uv":[15.33333,4,15.66667,4.33333],"texture":"#particle"}}}],"display":{"thirdperson_righthand":{"rotation":[75,45,0],"translation":[0,2.5,-0.25],"scale":[0.55,0.55,0.55]},"firstperson_righthand":{"rotation":[0,45,0],"translation":[1,3,0.5],"scale":[0.4,0.4,0.4]},"gui":{"rotation":[30,225,0],"translation":[0,0.5,0],"scale":[0.8,0.8,0.8]},"head":{"translation":[0,6.4,0],"scale":[1.6,1.6,1.6]},"fixed":{"rotation":[-90,90,0],"translation":[0,0,-6],"scale":[2,2,2]}},"gui_light":"front"}