{"textures":{"particle":"cosmetics:hats/gfx_potter_glasses"},"elements":[{"from":[3,5,3],"to":[7,6,4],"rotation":{"angle":0,"axis":"y","origin":[14,13,11]},"faces":{"north":{"uv":[5.33333,1.33333,8,2],"texture":"#particle"},"east":{"uv":[4.66667,1.33333,5.33333,2],"texture":"#particle"},"south":{"uv":[8,3.33333,5.33333,2.66667],"texture":"#particle"},"west":{"uv":[8,1.33333,8.66667,2],"texture":"#particle"},"up":{"uv":[8,1.33333,5.33333,0.66667],"texture":"#particle"},"down":{"uv":[8,2.66667,5.33333,2],"texture":"#particle"}}},{"from":[9,5,3],"to":[13,6,4],"rotation":{"angle":0,"axis":"y","origin":[20,13,11]},"faces":{"north":{"uv":[5.33333,1.33333,8,2],"texture":"#particle"},"east":{"uv":[4.66667,1.33333,5.33333,2],"texture":"#particle"},"south":{"uv":[8,3.33333,5.33333,2.66667],"texture":"#particle"},"west":{"uv":[8,1.33333,8.66667,2],"texture":"#particle"},"up":{"uv":[8,1.33333,5.33333,0.66667],"texture":"#particle"},"down":{"uv":[8,2.66667,5.33333,2],"texture":"#particle"}}},{"from":[3,2,3],"to":[7,3,4],"rotation":{"angle":0,"axis":"y","origin":[14,10,11]},"faces":{"north":{"uv":[10.66667,1.33333,13.33333,2],"texture":"#particle"},"east":{"uv":[10,1.33333,10.66667,2],"texture":"#particle"},"south":{"uv":[13.33333,3.33333,10.66667,2.66667],"texture":"#particle"},"west":{"uv":[13.33333,1.33333,14,2],"texture":"#particle"},"up":{"uv":[13.33333,1.33333,10.66667,0.66667],"texture":"#particle"},"down":{"uv":[13.33333,2.66667,10.66667,2],"texture":"#particle"}}},{"from":[9,2,3],"to":[13,3,4],"rotation":{"angle":0,"axis":"y","origin":[20,10,11]},"faces":{"north":{"uv":[10.66667,1.33333,13.33333,2],"texture":"#particle"},"east":{"uv":[10,1.33333,10.66667,2],"texture":"#particle"},"south":{"uv":[13.33333,3.33333,10.66667,2.66667],"texture":"#particle"},"west":{"uv":[13.33333,1.33333,14,2],"texture":"#particle"},"up":{"uv":[13.33333,1.33333,10.66667,0.66667],"texture":"#particle"},"down":{"uv":[13.33333,2.66667,10.66667,2],"texture":"#particle"}}},{"from":[3,4,4],"to":[4,5,11],"rotation":{"angle":0,"axis":"y","origin":[3.5,4.5,7.5]},"faces":{"east":{"uv":[9.33333,7.33333,4.66667,6.66667],"texture":"#particle"},"south":{"uv":[9.33333,5.33333,10,6],"texture":"#particle"},"west":{"uv":[4.66667,5.33333,9.33333,6],"texture":"#particle"},"up":{"uv":[9.33333,5.33333,4.66667,4.66667],"rotation":270,"texture":"#particle"},"down":{"uv":[9.33333,6.66667,4.66667,6],"rotation":90,"texture":"#particle"}}},{"from":[12,4,4],"to":[13,5,11],"rotation":{"angle":0,"axis":"y","origin":[12.5,4.5,7.5]},"faces":{"east":{"uv":[9.33333,5.33333,4.66667,6],"texture":"#particle"},"south":{"uv":[10,5.33333,9.33333,6],"texture":"#particle"},"west":{"uv":[4.66667,7.33333,9.33333,6.66667],"texture":"#particle"},"up":{"uv":[9.33333,4.66667,4.66667,5.33333],"rotation":270,"texture":"#particle"},"down":{"uv":[9.33333,6,4.66667,6.66667],"rotation":90,"texture":"#particle"}}},{"from":[6,3,3],"to":[7,5,4],"rotation":{"angle":0,"axis":"y","origin":[14,11,11]},"faces":{"north":{"uv":[1.33333,0.66667,2,2],"texture":"#particle"},"east":{"uv":[0.66667,0.66667,1.33333,2],"texture":"#particle"},"south":{"uv":[2.66667,0.66667,3.33333,2],"texture":"#particle"},"west":{"uv":[2,0.66667,2.66667,2],"texture":"#particle"}}},{"from":[12,3,3],"to":[13,5,4],"rotation":{"angle":0,"axis":"y","origin":[20,11,11]},"faces":{"north":{"uv":[1.33333,0.66667,2,2],"texture":"#particle"},"east":{"uv":[0.66667,0.66667,1.33333,2],"texture":"#particle"},"south":{"uv":[2.66667,0.66667,3.33333,2],"texture":"#particle"},"west":{"uv":[2,0.66667,2.66667,2],"texture":"#particle"}}},{"from":[7,4,3],"to":[9,5,4],"rotation":{"angle":0,"axis":"y","origin":[15,12,11]},"faces":{"north":{"uv":[0.66667,6.66667,2,7.33333],"texture":"#particle"},"south":{"uv":[2,8.66667,0.66667,8],"texture":"#particle"},"up":{"uv":[2,6.66667,0.66667,6],"texture":"#particle"},"down":{"uv":[2,8,0.66667,7.33333],"texture":"#particle"}}},{"from":[3,3,3],"to":[4,5,4],"rotation":{"angle":0,"axis":"y","origin":[11,11,11]},"faces":{"north":{"uv":[1.33333,3.33333,2,4.66667],"texture":"#particle"},"east":{"uv":[0.66667,3.33333,1.33333,4.66667],"texture":"#particle"},"south":{"uv":[2.66667,3.33333,3.33333,4.66667],"texture":"#particle"},"west":{"uv":[2,3.33333,2.66667,4.66667],"texture":"#particle"}}},{"from":[9,3,3],"to":[10,5,4],"rotation":{"angle":0,"axis":"y","origin":[17,11,11]},"faces":{"north":{"uv":[1.33333,3.33333,2,4.66667],"texture":"#particle"},"east":{"uv":[0.66667,3.33333,1.33333,4.66667],"texture":"#particle"},"south":{"uv":[2.66667,3.33333,3.33333,4.66667],"texture":"#particle"},"west":{"uv":[2,3.33333,2.66667,4.66667],"texture":"#particle"}}},{"from":[3,3,10],"to":[4,4,11],"rotation":{"angle":0,"axis":"y","origin":[11,10,13]},"faces":{"north":{"uv":[12,4.66667,12.66667,5.33333],"texture":"#particle"},"east":{"uv":[11.33333,4.66667,12,5.33333],"texture":"#particle"},"south":{"uv":[13.33333,4.66667,14,5.33333],"texture":"#particle"},"west":{"uv":[12.66667,4.66667,13.33333,5.33333],"texture":"#particle"},"down":{"uv":[12.66667,6,12,5.33333],"texture":"#particle"}}},{"from":[12,3,10],"to":[13,4,11],"rotation":{"angle":0,"axis":"y","origin":[5,10,13]},"faces":{"north":{"uv":[12.66667,4.66667,12,5.33333],"texture":"#particle"},"east":{"uv":[13.33333,4.66667,12.66667,5.33333],"texture":"#particle"},"south":{"uv":[14,4.66667,13.33333,5.33333],"texture":"#particle"},"west":{"uv":[12,4.66667,11.33333,5.33333],"texture":"#particle"},"down":{"uv":[12,6,12.66667,5.33333],"texture":"#particle"}}},{"from":[4,3,3.46875],"to":[6,5,3.47875],"rotation":{"angle":0,"axis":"y","origin":[5,4,3.46875]},"faces":{"north":{"uv":[0.66667,10,2,11.33333],"texture":"#particle"},"south":{"uv":[2,10,0.66667,11.33333],"texture":"#particle"}}},{"from":[10,3,3.46875],"to":[12,5,3.47875],"rotation":{"angle":0,"axis":"y","origin":[11,4,3.46875]},"faces":{"north":{"uv":[0.66667,10,2,11.33333],"texture":"#particle"},"south":{"uv":[2,10,0.66667,11.33333],"texture":"#particle"}}}],"display":{"thirdperson_righthand":{"rotation":[75,45,0],"translation":[0,2.5,1.5],"scale":[0.55,0.55,0.55]},"firstperson_righthand":{"rotation":[0,90,0],"translation":[1,4,0.5],"scale":[0.4,0.4,0.4]},"ground":{"translation":[0,3,0]},"gui":{"rotation":[30,225,0],"translation":[-0.75,4,0]},"head":{"translation":[0,6.4,0],"scale":[1.6,1.6,1.6]},"fixed":{"rotation":[-81.5,0,0],"translation":[0,3,-10],"scale":[2,2,2]}},"gui_light":"front"}