{"credit":"Made with Blockbench","ambientocclusion":false,"texture_size":[64,64],"textures":{"0":"cosmetics:hats/r2d2","particle":"cosmetics:hats/r2d2"},"elements":[{"name":"head","from":[3,4,3],"to":[13,9,13],"shade":false,"rotation":{"angle":0,"axis":"y","origin":[0,1,0]},"faces":{"north":{"uv":[2.5,2.5,5,3.75],"texture":"#0"},"east":{"uv":[0,2.5,2.5,3.75],"texture":"#0"},"south":{"uv":[7.5,2.5,10,3.75],"texture":"#0"},"west":{"uv":[5,2.5,7.5,3.75],"texture":"#0"},"up":{"uv":[5,2.5,2.5,0],"texture":"#0"},"down":{"uv":[7.5,0,5,2.5],"texture":"#0"}}},{"name":"head","from":[3,4.5,2.875],"to":[14,10.5,2.875],"shade":false,"rotation":{"angle":0,"axis":"y","origin":[0,1,0]},"faces":{"north":{"uv":[8.5,0.25,11.25,1.75],"texture":"#0"},"east":{"uv":[8.5,0.25,8.5,1.75],"texture":"#0"},"south":{"uv":[11.25,0.25,14,1.75],"texture":"#0"},"west":{"uv":[11.25,0.25,11.25,1.75],"texture":"#0"},"up":{"uv":[11.25,0.25,8.5,0.25],"texture":"#0"},"down":{"uv":[14,0.25,11.25,0.25],"texture":"#0"}}},{"name":"head","from":[4.5,9,4.5],"to":[11.5,11,11.5],"shade":false,"rotation":{"angle":0,"axis":"y","origin":[-0.5,1,0.5]},"faces":{"north":{"uv":[1.75,5.5,3.5,6],"texture":"#0"},"east":{"uv":[0,5.5,1.75,6],"texture":"#0"},"south":{"uv":[5.25,5.5,7,6],"texture":"#0"},"west":{"uv":[3.5,5.5,5.25,6],"texture":"#0"},"up":{"uv":[3.5,5.5,1.75,3.75],"texture":"#0"},"down":{"uv":[5.25,3.75,3.5,5.5],"texture":"#0"}}}],"display":{"thirdperson_righthand":{"translation":[0,2.25,0.5],"scale":[0.5,0.5,0.5]},"thirdperson_lefthand":{"translation":[0,2.25,0.75],"scale":[0.5,0.5,0.5]},"ground":{"scale":[0.5,0.5,0.5]},"gui":{"rotation":[14,-145,0],"translation":[0,2.25,0],"scale":[0.9,0.9,0.9]},"head":{"translation":[0,6.25,0],"scale":[1.6,1.6,1.6]}},"gui_light":"front"}