{"credit":"Created By Yassou","texture_size":[32,32],"textures":{"2":"cosmetics:hats/rabbit_headphone_tint","particle":"cosmetics:hats/rabbit_headphone_tint"},"elements":[{"from":[3.5,1,7],"to":[12.5,8,9],"rotation":{"angle":0,"axis":"y","origin":[4.5,0,4]},"faces":{"north":{"uv":[0,0,4.5,3.5],"texture":"#2"},"east":{"uv":[4,9,5,12.5],"texture":"#2"},"south":{"uv":[0,3.5,4.5,7],"texture":"#2"},"west":{"uv":[5,9,6,12.5],"texture":"#2"},"up":{"uv":[9,7,4.5,6],"texture":"#2"},"down":{"uv":[4.5,7,0,8],"texture":"#2"}}},{"from":[2.5,0.9,6],"to":[4.5,4.9,10],"rotation":{"angle":0,"axis":"y","origin":[4,0,4]},"faces":{"north":{"uv":[10,4,11,6],"texture":"#2","tintindex":0},"east":{"uv":[4.5,7,6.5,9],"texture":"#2","tintindex":0},"south":{"uv":[6,10,7,12],"texture":"#2","tintindex":0},"west":{"uv":[6.5,7,8.5,9],"texture":"#2","tintindex":0},"up":{"uv":[8,12,7,10],"texture":"#2","tintindex":0},"down":{"uv":[9,10,8,12],"texture":"#2","tintindex":0}}},{"from":[2.4,1.9,7],"to":[2.4,3.9,9],"rotation":{"angle":0,"axis":"y","origin":[4,0,4]},"faces":{"north":{"uv":[0,0,0,1],"texture":"#2"},"east":{"uv":[12.5,3,13.5,4],"texture":"#2"},"south":{"uv":[0,0,0,1],"texture":"#2"},"west":{"uv":[4,12.5,5,13.5],"texture":"#2"},"up":{"uv":[0,1,0,0],"texture":"#2"},"down":{"uv":[0,0,0,1],"texture":"#2"}}},{"from":[3.6,0.8,5.9],"to":[4.6,5,10.1],"rotation":{"angle":0,"axis":"y","origin":[4,0,4]},"faces":{"north":{"uv":[9,10,9.5,12],"texture":"#2"},"east":{"uv":[0,8,2,10],"texture":"#2"},"south":{"uv":[5,12.5,5.5,14.5],"texture":"#2"},"west":{"uv":[8,0,10,2],"texture":"#2"},"up":{"uv":[6,14.5,5.5,12.5],"texture":"#2"},"down":{"uv":[13,6,12.5,8],"texture":"#2"}}},{"from":[11.5,0.9,6],"to":[13.5,4.9,10],"rotation":{"angle":0,"axis":"y","origin":[12,0,4]},"faces":{"north":{"uv":[10.5,7,11.5,9],"texture":"#2","tintindex":0},"east":{"uv":[2,8,4,10],"texture":"#2","tintindex":0},"south":{"uv":[10.5,9,11.5,11],"texture":"#2","tintindex":0},"west":{"uv":[8,2,10,4],"texture":"#2","tintindex":0},"up":{"uv":[12,6,11,4],"texture":"#2","tintindex":0},"down":{"uv":[11.5,11,10.5,13],"texture":"#2","tintindex":0}}},{"from":[13.6,1.9,7],"to":[13.6,3.9,9],"rotation":{"angle":0,"axis":"y","origin":[12,0,4]},"faces":{"north":{"uv":[0,0,0,1],"texture":"#2"},"east":{"uv":[12.5,8,13.5,9],"texture":"#2"},"south":{"uv":[0,0,0,1],"texture":"#2"},"west":{"uv":[12.5,9,13.5,10],"texture":"#2"},"up":{"uv":[0,1,0,0],"texture":"#2"},"down":{"uv":[0,0,0,1],"texture":"#2"}}},{"from":[11.4,0.8,5.9],"to":[12.4,5,10.1],"rotation":{"angle":0,"axis":"y","origin":[12,0,4]},"faces":{"north":{"uv":[0,13,0.5,15],"texture":"#2"},"east":{"uv":[8,4,10,6],"texture":"#2"},"south":{"uv":[0.5,13,1,15],"texture":"#2"},"west":{"uv":[8.5,7,10.5,9],"texture":"#2"},"up":{"uv":[1.5,15,1,13],"texture":"#2"},"down":{"uv":[2,13,1.5,15],"texture":"#2"}}},{"name":"cube_outline","from":[11.5,7,9],"to":[4.5,1,7],"rotation":{"angle":0,"axis":"y","origin":[4.5,0,4]},"faces":{"north":{"uv":[4.5,0,8,3],"texture":"#2"},"east":{"uv":[9.5,9,10.5,12],"texture":"#2"},"south":{"uv":[4.5,3,8,6],"texture":"#2"},"west":{"uv":[0,10,1,13],"texture":"#2"},"up":{"uv":[9.5,10,6,9],"texture":"#2"},"down":{"uv":[12.5,6,9,7],"texture":"#2"}}},{"from":[4.4,8,7],"to":[7.4,10,9],"rotation":{"angle":0,"axis":"y","origin":[4.4,1,4]},"faces":{"north":{"uv":[12,5,13.5,6],"texture":"#2"},"east":{"uv":[12.5,10,13.5,11],"texture":"#2"},"south":{"uv":[6,12,7.5,13],"texture":"#2"},"west":{"uv":[2,13,3,14],"texture":"#2"},"up":{"uv":[9,13,7.5,12],"texture":"#2"},"down":{"uv":[10.5,12,9,13],"texture":"#2"}}},{"from":[5.4,8,6.99],"to":[6.4,10,6.99],"rotation":{"angle":0,"axis":"y","origin":[4.4,1,4]},"faces":{"north":{"uv":[10.5,5,11,6],"texture":"#2","tintindex":0},"east":{"uv":[12.5,10,13.5,11],"texture":"#2","tintindex":0},"south":{"uv":[6,12,7.5,13],"texture":"#2","tintindex":0},"west":{"uv":[2,13,3,14],"texture":"#2","tintindex":0},"up":{"uv":[9,13,7.5,12],"texture":"#2","tintindex":0},"down":{"uv":[10.5,12,9,13],"texture":"#2","tintindex":0}}},{"from":[4.41,10.92969,5.63359],"to":[7.39,14.90969,7.61359],"rotation":{"angle":-22.5,"axis":"x","origin":[5.9,13.91969,10.62359]},"faces":{"north":{"uv":[10,0,11.5,2],"texture":"#2"},"east":{"uv":[11.5,0,12.5,2],"texture":"#2"},"south":{"uv":[1,10,2.5,12],"texture":"#2"},"west":{"uv":[11.5,2,12.5,4],"texture":"#2"},"up":{"uv":[13,12,11.5,11],"texture":"#2"},"down":{"uv":[2.5,12,1,13],"texture":"#2"}}},{"from":[5.41,10.92969,5.6],"to":[6.39,13.90969,5.6],"rotation":{"angle":-22.5,"axis":"x","origin":[5.9,13.91969,10.62359]},"faces":{"north":{"uv":[10.5,4,10.99,5.49],"texture":"#2","tintindex":0},"east":{"uv":[11.5,0,12.5,2],"texture":"#2","tintindex":0},"south":{"uv":[1,10,2.5,12],"texture":"#2","tintindex":0},"west":{"uv":[11.5,2,12.5,4],"texture":"#2","tintindex":0},"up":{"uv":[13,12,11.5,11],"texture":"#2","tintindex":0},"down":{"uv":[2.5,12,1,13],"texture":"#2","tintindex":0}}},{"from":[8.61,10.92969,5.63359],"to":[11.59,14.90969,7.61359],"rotation":{"angle":-22.5,"axis":"x","origin":[10.1,13.91969,10.62359]},"faces":{"north":{"uv":[11.5,0,10,2],"texture":"#2"},"east":{"uv":[12.5,2,11.5,4],"texture":"#2"},"south":{"uv":[2.5,10,1,12],"texture":"#2"},"west":{"uv":[12.5,0,11.5,2],"texture":"#2"},"up":{"uv":[11.5,12,13,11],"texture":"#2"},"down":{"uv":[1,12,2.5,13],"texture":"#2"}}},{"from":[8.6,8,7],"to":[11.6,10,9],"rotation":{"angle":0,"axis":"y","origin":[11.6,1,4]},"faces":{"north":{"uv":[13.5,5,12,6],"texture":"#2"},"east":{"uv":[3,13,2,14],"texture":"#2"},"south":{"uv":[7.5,12,6,13],"texture":"#2"},"west":{"uv":[13.5,10,12.5,11],"texture":"#2"},"up":{"uv":[7.5,13,9,12],"texture":"#2"},"down":{"uv":[9,12,10.5,13],"texture":"#2"}}},{"from":[9.61,10.92969,5.6],"to":[10.59,13.90969,5.6],"rotation":{"angle":-22.5,"axis":"x","origin":[10.1,13.91969,10.62359]},"faces":{"north":{"uv":[10.99,4,10.5,5.49],"texture":"#2","tintindex":0},"east":{"uv":[12.5,2,11.5,4],"texture":"#2","tintindex":0},"south":{"uv":[2.5,10,1,12],"texture":"#2","tintindex":0},"west":{"uv":[12.5,0,11.5,2],"texture":"#2","tintindex":0},"up":{"uv":[11.5,12,13,11],"texture":"#2","tintindex":0},"down":{"uv":[1,12,2.5,13],"texture":"#2","tintindex":0}}},{"from":[9.6,8,6.99],"to":[10.6,10,6.99],"rotation":{"angle":0,"axis":"y","origin":[11.6,1,4]},"faces":{"north":{"uv":[11,5,10.5,6],"texture":"#2","tintindex":0},"east":{"uv":[3,13,2,14],"texture":"#2","tintindex":0},"south":{"uv":[7.5,12,6,13],"texture":"#2","tintindex":0},"west":{"uv":[13.5,10,12.5,11],"texture":"#2","tintindex":0},"up":{"uv":[7.5,13,9,12],"texture":"#2","tintindex":0},"down":{"uv":[9,12,10.5,13],"texture":"#2","tintindex":0}}}],"display":{"thirdperson_righthand":{"rotation":[75,45,0],"translation":[0,2.5,1.5],"scale":[0.375,0.375,0.375]},"thirdperson_lefthand":{"rotation":[75,45,0],"translation":[0,2.5,1.5],"scale":[0.375,0.375,0.375]},"firstperson_righthand":{"rotation":[180,67.75,180],"translation":[1.25,3.75,0],"scale":[0.4,0.4,0.4]},"firstperson_lefthand":{"rotation":[180,67.75,180],"translation":[1.25,3.75,0],"scale":[0.4,0.4,0.4]},"ground":{"translation":[0,5.75,0],"scale":[0.81641,0.81641,0.81641]},"gui":{"rotation":[30,225,0],"translation":[-0.5,2.5,0],"scale":[0.9043,0.9043,0.9043]},"head":{"translation":[0,8.75,0],"scale":[1.93359,1.93359,1.93359]},"fixed":{"rotation":[0,0,13.25],"translation":[-1.5,5,-4.25],"scale":[2.13477,2.13477,2.13477]}},"gui_light":"front"}