{"textures":{"1":"cosmetics:hats/gfx_rainbow_headband","particle":"#1"},"elements":[{"from":[3,4.5,3],"to":[12,6.5,4],"rotation":{"angle":0,"axis":"y","origin":[7.5,6,3.5]},"faces":{"north":{"uv":[1.33333,7.33333,7.33333,8.66667],"texture":"#1"},"south":{"uv":[1.33333,7.33333,7.33333,8.66667],"rotation":180,"texture":"#1"},"west":{"uv":[7.33333,7.33333,7.93333,8.63333],"texture":"#1"},"up":{"uv":[1.33333,8,7.33333,8.66667],"rotation":180,"texture":"#1"},"down":{"uv":[1.33333,7.33333,7.33333,8],"rotation":180,"texture":"#1"}}},{"from":[12,4.5,3],"to":[13,6.5,12],"rotation":{"angle":0,"axis":"y","origin":[12.5,6,7.5]},"faces":{"north":{"uv":[8.66667,7.33333,9.26667,8.63333],"texture":"#1"},"east":{"uv":[8,7.33333,14,8.66667],"texture":"#1"},"west":{"uv":[8,7.33333,14,8.66667],"rotation":180,"texture":"#1"},"up":{"uv":[8,8,14,8.66667],"rotation":270,"texture":"#1"},"down":{"uv":[8,7.33333,14,7.93333],"rotation":90,"texture":"#1"}}},{"from":[4,4.5,12],"to":[13,6.5,13],"rotation":{"angle":0,"axis":"y","origin":[8.5,6,12.5]},"faces":{"north":{"uv":[1.33333,7.33333,7.33333,8.66667],"rotation":180,"texture":"#1"},"east":{"uv":[7.33333,7.33333,7.93333,8.63333],"texture":"#1"},"south":{"uv":[1.33333,7.33333,7.33333,8.66667],"texture":"#1"},"up":{"uv":[1.33333,8,7.33333,8.66667],"texture":"#1"},"down":{"uv":[1.33333,7.33333,7.33333,7.93333],"texture":"#1"}}},{"from":[3,4.5,4],"to":[4,6.5,13],"rotation":{"angle":0,"axis":"y","origin":[3.5,6,8.5]},"faces":{"east":{"uv":[8,7.33333,14,8.63333],"rotation":180,"texture":"#1"},"south":{"uv":[8.66667,7.33333,9.26667,8.63333],"texture":"#1"},"west":{"uv":[8,7.33333,14,8.66667],"texture":"#1"},"up":{"uv":[8,8.66667,14,9.33333],"rotation":90,"texture":"#1"},"down":{"uv":[8,7.33333,14,8],"rotation":270,"texture":"#1"}}}],"display":{"thirdperson_righthand":{"rotation":[75,45,0],"translation":[0,2.5,-0.25],"scale":[0.55,0.55,0.55]},"firstperson_righthand":{"rotation":[0,45,0],"translation":[1,3,0.5],"scale":[0.4,0.4,0.4]},"ground":{"translation":[0,1,0]},"gui":{"rotation":[30,225,0],"translation":[0,1,0],"scale":[0.8,0.8,0.8]},"head":{"translation":[0,6.5,0],"scale":[1.6,1.6,1.6]},"fixed":{"rotation":[-90,90,0],"translation":[0,0,-7],"scale":[2,2,2]}},"gui_light":"front"}