{"textures":{"particle":"cosmetics:hats/gfx_ram_hat"},"elements":[{"from":[3,5,3],"to":[13,9,13],"rotation":{"angle":0,"axis":"y","origin":[12,15,11]},"faces":{"north":{"uv":[0.5,5.5,5.5,7.5],"texture":"#particle"},"east":{"uv":[10.5,5.5,5.5,7.5],"texture":"#particle"},"south":{"uv":[10.5,5.5,15.5,7.5],"texture":"#particle"},"west":{"uv":[5.5,5.5,10.5,7.5],"texture":"#particle"},"up":{"uv":[5.5,5.5,0.5,0.5],"texture":"#particle"},"down":{"uv":[5.5,12.5,0.5,7.5],"texture":"#particle"}}},{"from":[3,1,5],"to":[4,5,13],"rotation":{"angle":0,"axis":"y","origin":[12,11,11]},"faces":{"north":{"uv":[4.5,13.5,5,15.5],"texture":"#particle"},"east":{"uv":[0.5,13.5,4.5,15.5],"texture":"#particle"},"south":{"uv":[9,13.5,9.5,15.5],"texture":"#particle"},"west":{"uv":[5,13.5,9,15.5],"texture":"#particle"},"down":{"uv":[5.5,12.5,5,8.5],"texture":"#particle"}}},{"from":[12,1,5],"to":[13,5,13],"rotation":{"angle":0,"axis":"y","origin":[4,11,11]},"faces":{"north":{"uv":[5,13.5,4.5,15.5],"texture":"#particle"},"east":{"uv":[9,13.5,5,15.5],"texture":"#particle"},"south":{"uv":[9.5,13.5,9,15.5],"texture":"#particle"},"west":{"uv":[4.5,13.5,0.5,15.5],"texture":"#particle"},"down":{"uv":[5,12.5,5.5,8.5],"texture":"#particle"}}},{"from":[4,1,12],"to":[12,5,13],"rotation":{"angle":0,"axis":"y","origin":[13,11,11]},"faces":{"north":{"uv":[10.5,10,14.5,12],"texture":"#particle"},"south":{"uv":[14.5,14.5,10.5,12.5],"texture":"#particle"},"down":{"uv":[14.5,12.5,10.5,12],"texture":"#particle"}}},{"from":[4,9,4],"to":[12,10,12],"rotation":{"angle":0,"axis":"y","origin":[12,15,11]},"faces":{"north":{"uv":[10.5,8.5,14.5,9],"texture":"#particle"},"east":{"uv":[10.5,8.5,14.5,9],"texture":"#particle"},"south":{"uv":[10.5,8.5,14.5,9],"texture":"#particle"},"west":{"uv":[10.5,8.5,14.5,9],"texture":"#particle"},"up":{"uv":[5,5,1,1],"texture":"#particle"}}},{"from":[5,10,6],"to":[7,16,8],"rotation":{"angle":22.5,"axis":"x","origin":[6,10,6]},"faces":{"north":{"uv":[6.5,9.5,7.5,12.5],"texture":"#particle"},"east":{"uv":[8.5,9.5,9.5,12.5],"texture":"#particle"},"south":{"uv":[8.5,9.5,9.5,12.5],"texture":"#particle"},"west":{"uv":[7.5,9.5,8.5,12.5],"texture":"#particle"},"up":{"uv":[7.5,9.5,6.5,8.5],"texture":"#particle"}}},{"from":[9,10,6],"to":[11,16,8],"rotation":{"angle":22.5,"axis":"x","origin":[10,10,6]},"faces":{"north":{"uv":[7.5,9.5,6.5,12.5],"texture":"#particle"},"east":{"uv":[8.5,9.5,7.5,12.5],"texture":"#particle"},"south":{"uv":[9.5,9.5,8.5,12.5],"texture":"#particle"},"west":{"uv":[9.5,9.5,8.5,12.5],"texture":"#particle"},"up":{"uv":[6.5,9.5,7.5,8.5],"texture":"#particle"}}},{"from":[0.61732,6.07612,8],"to":[4.61732,10.07612,10],"rotation":{"angle":-22.5,"axis":"z","origin":[4.61732,9.07612,8.5]},"faces":{"north":{"uv":[6.5,1.5,8.5,3.5],"texture":"#particle"},"south":{"uv":[9.5,1.5,11.5,3.5],"texture":"#particle"},"west":{"uv":[8.5,1.5,9.5,3.5],"texture":"#particle"},"up":{"uv":[8.5,1.5,6.5,0.5],"texture":"#particle"},"down":{"uv":[8.5,4.5,6.5,3.5],"texture":"#particle"}}},{"from":[11.38268,6.07612,8],"to":[15.38268,10.07612,10],"rotation":{"angle":22.5,"axis":"z","origin":[11.38268,9.07612,8.5]},"faces":{"north":{"uv":[8.5,1.5,6.5,3.5],"texture":"#particle"},"east":{"uv":[9.5,1.5,8.5,3.5],"texture":"#particle"},"south":{"uv":[11.5,1.5,9.5,3.5],"texture":"#particle"},"up":{"uv":[6.5,1.5,8.5,0.5],"texture":"#particle"},"down":{"uv":[6.5,4.5,8.5,3.5],"texture":"#particle"}}},{"from":[-0.38268,7.07612,8],"to":[0.61732,10.07612,10],"rotation":{"angle":-22.5,"axis":"z","origin":[4.61732,9.07612,8.5]},"faces":{"north":{"uv":[12.5,1.5,13,3],"texture":"#particle"},"south":{"uv":[14,1.5,14.5,3],"texture":"#particle"},"west":{"uv":[13,1.5,14,3],"texture":"#particle"},"up":{"uv":[13,1.5,12.5,0.5],"texture":"#particle"},"down":{"uv":[13,4,12.5,3],"texture":"#particle"}}},{"from":[15.38268,7.07612,8],"to":[16.38268,10.07612,10],"rotation":{"angle":22.5,"axis":"z","origin":[11.38268,9.07612,8.5]},"faces":{"north":{"uv":[13,1.5,12.5,3],"texture":"#particle"},"east":{"uv":[14,1.5,13,3],"texture":"#particle"},"south":{"uv":[14.5,1.5,14,3],"texture":"#particle"},"up":{"uv":[12.5,1.5,13,0.5],"texture":"#particle"},"down":{"uv":[12.5,4,13,3],"texture":"#particle"}}}],"display":{"thirdperson_righthand":{"rotation":[75,45,0],"translation":[0,2.5,-0.25],"scale":[0.55,0.55,0.55]},"firstperson_righthand":{"rotation":[0,45,0],"translation":[0.5,3,0.5],"scale":[0.4,0.4,0.4]},"ground":{"translation":[0,5,0]},"gui":{"rotation":[30,225,0],"translation":[0,0.5,0],"scale":[0.8,0.8,0.8]},"head":{"translation":[0,6.4,0],"scale":[1.6,1.6,1.6]},"fixed":{"rotation":[-90,0,0],"translation":[0,0,-14],"scale":[2,2,2]}},"gui_light":"front"}