{"textures":{"particle":"cosmetics:hats/gfx_rhino_hat"},"elements":[{"from":[3,5,3],"to":[13,10,13],"rotation":{"angle":0,"axis":"y","origin":[12,16,12]},"faces":{"north":{"uv":[0.5,5.5,5.5,8],"texture":"#particle"},"east":{"uv":[10.5,5.5,5.5,8],"texture":"#particle"},"south":{"uv":[10.5,5.5,15.5,8],"texture":"#particle"},"west":{"uv":[5.5,5.5,10.5,8],"texture":"#particle"},"up":{"uv":[5.5,5.5,0.5,0.5],"texture":"#particle"},"down":{"uv":[5.5,13,0.5,8],"texture":"#particle"}}},{"from":[3,2,5],"to":[4,5,11],"rotation":{"angle":0,"axis":"y","origin":[12,14,12]},"faces":{"north":{"uv":[3.5,14,4,15.5],"texture":"#particle"},"east":{"uv":[0.5,14,3.5,15.5],"texture":"#particle"},"south":{"uv":[7,14,7.5,15.5],"texture":"#particle"},"west":{"uv":[4,14,7,15.5],"texture":"#particle"},"down":{"uv":[15.5,12,15,9],"texture":"#particle"}}},{"from":[12,2,5],"to":[13,5,11],"rotation":{"angle":0,"axis":"y","origin":[4,14,12]},"faces":{"north":{"uv":[4,14,3.5,15.5],"texture":"#particle"},"east":{"uv":[7,14,4,15.5],"texture":"#particle"},"south":{"uv":[7.5,14,7,15.5],"texture":"#particle"},"west":{"uv":[3.5,14,0.5,15.5],"texture":"#particle"},"down":{"uv":[15,12,15.5,9],"texture":"#particle"}}},{"from":[4,10,4],"to":[12,11,12],"rotation":{"angle":0,"axis":"y","origin":[12,18,12]},"faces":{"north":{"uv":[11.5,0.5,15.5,1],"texture":"#particle"},"east":{"uv":[11.5,0.5,15.5,1],"texture":"#particle"},"south":{"uv":[11.5,0.5,15.5,1],"texture":"#particle"},"west":{"uv":[11.5,0.5,15.5,1],"texture":"#particle"},"up":{"uv":[10.5,4.5,6.5,0.5],"texture":"#particle"}}},{"from":[2.31283,10.45461,9],"to":[6.31283,14.45461,11],"rotation":{"angle":22.5,"axis":"z","origin":[6.31283,11.45461,10]},"faces":{"north":{"uv":[7.5,9,9.5,11],"texture":"#particle"},"east":{"uv":[6.5,9,7.5,11],"texture":"#particle"},"south":{"uv":[10.5,9,12.5,11],"texture":"#particle"},"west":{"uv":[9.5,9,10.5,11],"texture":"#particle"},"up":{"uv":[15.5,3,13.5,2],"texture":"#particle"}}},{"from":[9.68717,10.45461,9],"to":[13.68717,14.45461,11],"rotation":{"angle":-22.5,"axis":"z","origin":[9.68717,11.45461,10]},"faces":{"north":{"uv":[9.5,9,7.5,11],"texture":"#particle"},"east":{"uv":[10.5,9,9.5,11],"texture":"#particle"},"south":{"uv":[12.5,9,10.5,11],"texture":"#particle"},"west":{"uv":[7.5,9,6.5,11],"texture":"#particle"},"up":{"uv":[13.5,3,15.5,2],"texture":"#particle"}}},{"from":[6.5,9.4525,3.67043],"to":[9.5,12.4525,6.67043],"rotation":{"angle":22.5,"axis":"x","origin":[16.5,17.4525,-1.32957]},"faces":{"north":{"uv":[10,13.5,8.5,12],"rotation":180,"texture":"#particle"},"east":{"uv":[8.5,13.5,10,15],"rotation":90,"texture":"#particle"},"west":{"uv":[8.5,13.5,10,15],"rotation":270,"texture":"#particle"},"up":{"uv":[8.5,13.5,10,15],"texture":"#particle"},"down":{"uv":[8.5,13.5,10,15],"rotation":180,"texture":"#particle"}}},{"from":[7,11.9237,-7.5803],"to":[9,14.9237,-5.5803],"rotation":{"angle":-45,"axis":"x","origin":[16,19.9237,0.4197]},"faces":{"north":{"uv":[11,13,12,14.5],"texture":"#particle"},"east":{"uv":[11,13,12,14.5],"texture":"#particle"},"south":{"uv":[11,13,12,14.5],"texture":"#particle"},"west":{"uv":[11,13,12,14.5],"texture":"#particle"},"up":{"uv":[12,13,11,12],"texture":"#particle"}}},{"from":[7,12.4525,1.32957],"to":[9,14.4525,3.32957],"rotation":{"angle":-22.5,"axis":"x","origin":[16,20.4525,9.32957]},"faces":{"north":{"uv":[11.5,3,12.5,4],"texture":"#particle"},"east":{"uv":[11.5,3,12.5,4],"texture":"#particle"},"south":{"uv":[11.5,3,12.5,4],"texture":"#particle"},"west":{"uv":[11.5,3,12.5,4],"texture":"#particle"},"up":{"uv":[12.5,3,11.5,2],"texture":"#particle"}}},{"from":[7.5,13.45917,-3.41164],"to":[8.5,16.45917,-2.41164],"rotation":{"angle":-22.5,"axis":"x","origin":[15.5,17.45917,3.58836]},"faces":{"north":{"uv":[13.5,9.5,14,11],"texture":"#particle"},"east":{"uv":[13.5,9.5,14,11],"texture":"#particle"},"south":{"uv":[13.5,9.5,14,11],"texture":"#particle"},"west":{"uv":[13.5,9.5,14,11],"texture":"#particle"},"up":{"uv":[14,9.5,13.5,9],"texture":"#particle"}}}],"display":{"thirdperson_righthand":{"rotation":[75,45,0],"translation":[0,2.5,-0.25],"scale":[0.55,0.55,0.55]},"firstperson_righthand":{"rotation":[0,45,0],"translation":[1,2,0.5],"scale":[0.4,0.4,0.4]},"ground":{"translation":[0,3,0]},"gui":{"rotation":[30,225,0],"scale":[0.8,0.8,0.8]},"head":{"translation":[0,6.4,0],"scale":[1.6,1.6,1.6]},"fixed":{"rotation":[-90,0,0],"translation":[0,0,-12],"scale":[2,2,2]}},"gui_light":"front"}