{"textures":{"particle":"cosmetics:hats/gfx_robot_goggles"},"elements":[{"from":[4.5,3,2.96875],"to":[6.5,5,2.97875],"rotation":{"angle":0,"axis":"y","origin":[13.5,8,10.96875]},"faces":{"north":{"uv":[11,3.5,12,4.5],"texture":"#particle"},"south":{"uv":[11,3.5,12,4.5],"texture":"#particle"}}},{"from":[9.5,3,2.96875],"to":[11.5,5,2.97875],"rotation":{"angle":0,"axis":"y","origin":[18.5,8,10.96875]},"faces":{"north":{"uv":[11,3.5,12,4.5],"texture":"#particle"},"south":{"uv":[11,3.5,12,4.5],"texture":"#particle"}}},{"from":[6.5,3,2],"to":[7.5,5,4],"rotation":{"angle":0,"axis":"y","origin":[14.5,8,11]},"faces":{"north":{"uv":[1.5,10.5,2,11.5],"texture":"#particle"},"east":{"uv":[0.5,10.5,1.5,11.5],"texture":"#particle"},"south":{"uv":[3,10.5,3.5,11.5],"texture":"#particle"},"west":{"uv":[2,10.5,3,11.5],"texture":"#particle"}}},{"from":[7.5,3,3],"to":[8.5,5,4],"rotation":{"angle":0,"axis":"y","origin":[15.5,8,11]},"faces":{"north":{"uv":[4.5,9,5,10],"texture":"#particle"},"south":{"uv":[5,11.5,4.5,10.5],"texture":"#particle"},"up":{"uv":[5,9,4.5,8.5],"texture":"#particle"},"down":{"uv":[5,10.5,4.5,10],"texture":"#particle"}}},{"from":[3.5,2,2],"to":[4.5,6,5],"rotation":{"angle":0,"axis":"y","origin":[11.5,8,12]},"faces":{"north":{"uv":[2,3.5,2.5,5.5],"texture":"#particle"},"east":{"uv":[0.5,3.5,2,5.5],"texture":"#particle"},"south":{"uv":[4,3.5,4.5,5.5],"texture":"#particle"},"west":{"uv":[2.5,3.5,4,5.5],"texture":"#particle"},"up":{"uv":[6,4.5,5.5,3],"texture":"#particle"},"down":{"uv":[7.5,4.5,7,3],"texture":"#particle"}}},{"from":[11.5,2,2],"to":[12.5,6,5],"rotation":{"angle":0,"axis":"y","origin":[19.5,8,12]},"faces":{"north":{"uv":[2,0.5,2.5,2.5],"texture":"#particle"},"east":{"uv":[0.5,0.5,2,2.5],"texture":"#particle"},"south":{"uv":[4,0.5,4.5,2.5],"texture":"#particle"},"west":{"uv":[2.5,0.5,4,2.5],"texture":"#particle"},"up":{"uv":[6,2,5.5,0.5],"texture":"#particle"},"down":{"uv":[7.5,2,7,0.5],"texture":"#particle"}}},{"from":[3,3,3],"to":[4,5,6],"rotation":{"angle":0,"axis":"y","origin":[11,8,12]},"faces":{"north":{"uv":[2,6.5,2.5,7.5],"texture":"#particle"},"east":{"uv":[0.5,6.5,2,7.5],"texture":"#particle"},"south":{"uv":[4,6.5,4.5,7.5],"texture":"#particle"},"west":{"uv":[2.5,6.5,4,7.5],"texture":"#particle"},"up":{"uv":[6,7,5.5,5.5],"texture":"#particle"},"down":{"uv":[7.5,7,7,5.5],"texture":"#particle"}}},{"from":[12,3,3],"to":[13,5,6],"rotation":{"angle":0,"axis":"y","origin":[5,8,12]},"faces":{"north":{"uv":[2.5,6.5,2,7.5],"texture":"#particle"},"east":{"uv":[4,6.5,2.5,7.5],"texture":"#particle"},"south":{"uv":[4.5,6.5,4,7.5],"texture":"#particle"},"west":{"uv":[2,6.5,0.5,7.5],"texture":"#particle"},"up":{"uv":[5.5,7,6,5.5],"texture":"#particle"},"down":{"uv":[7,7,7.5,5.5],"texture":"#particle"}}},{"from":[3,4,6],"to":[4,5,11],"rotation":{"angle":0,"axis":"y","origin":[3.5,4.5,8.5]},"faces":{"east":{"uv":[3,14.5,0.5,14],"texture":"#particle"},"south":{"uv":[3,13,3.5,13.5],"texture":"#particle"},"west":{"uv":[0.5,13,3,13.5],"texture":"#particle"},"up":{"uv":[3,13,0.5,12.5],"rotation":270,"texture":"#particle"},"down":{"uv":[3,14,0.5,13.5],"rotation":90,"texture":"#particle"}}},{"from":[12,4,6],"to":[13,5,11],"rotation":{"angle":0,"axis":"y","origin":[12.5,4.5,8.5]},"faces":{"east":{"uv":[3,13,0.5,13.5],"texture":"#particle"},"south":{"uv":[3.5,13,3,13.5],"texture":"#particle"},"west":{"uv":[0.5,14.5,3,14],"texture":"#particle"},"up":{"uv":[3,12.5,0.5,13],"rotation":270,"texture":"#particle"},"down":{"uv":[3,13.5,0.5,14],"rotation":90,"texture":"#particle"}}},{"from":[3,3,10],"to":[4,4,11],"rotation":{"angle":0,"axis":"y","origin":[11,7,16]},"faces":{"north":{"uv":[6.5,8.5,7,9],"texture":"#particle"},"east":{"uv":[6,8.5,6.5,9],"texture":"#particle"},"south":{"uv":[7.5,8.5,8,9],"texture":"#particle"},"west":{"uv":[7,8.5,7.5,9],"texture":"#particle"},"down":{"uv":[7,9.5,6.5,9],"texture":"#particle"}}},{"from":[12,3,10],"to":[13,4,11],"rotation":{"angle":0,"axis":"y","origin":[5,7,16]},"faces":{"north":{"uv":[7,8.5,6.5,9],"texture":"#particle"},"east":{"uv":[7.5,8.5,7,9],"texture":"#particle"},"south":{"uv":[8,8.5,7.5,9],"texture":"#particle"},"west":{"uv":[6.5,8.5,6,9],"texture":"#particle"},"down":{"uv":[6.5,9.5,7,9],"texture":"#particle"}}},{"from":[8.5,3,2],"to":[9.5,5,4],"rotation":{"angle":0,"axis":"y","origin":[16.5,8,11]},"faces":{"north":{"uv":[1.5,8.5,2,9.5],"texture":"#particle"},"east":{"uv":[0.5,8.5,1.5,9.5],"texture":"#particle"},"south":{"uv":[3,8.5,3.5,9.5],"texture":"#particle"},"west":{"uv":[2,8.5,3,9.5],"texture":"#particle"}}},{"from":[4.5,5,2],"to":[7.5,6,4],"rotation":{"angle":0,"axis":"y","origin":[11.5,10,11]},"faces":{"north":{"uv":[13,1.5,14.5,2],"texture":"#particle"},"east":{"uv":[12,1.5,13,2],"texture":"#particle"},"south":{"uv":[14.5,3.5,13,3],"texture":"#particle"},"up":{"uv":[14.5,1.5,13,0.5],"texture":"#particle"},"down":{"uv":[14.5,3,13,2],"texture":"#particle"}}},{"from":[4.5,2,2],"to":[7.5,3,4],"rotation":{"angle":0,"axis":"y","origin":[11.5,7,11]},"faces":{"north":{"uv":[13,5.5,14.5,6],"texture":"#particle"},"east":{"uv":[12,5.5,13,6],"texture":"#particle"},"south":{"uv":[14.5,7.5,13,7],"texture":"#particle"},"up":{"uv":[14.5,5.5,13,4.5],"texture":"#particle"},"down":{"uv":[14.5,7,13,6],"texture":"#particle"}}},{"from":[8.5,5,2],"to":[11.5,6,4],"rotation":{"angle":0,"axis":"y","origin":[16.5,10,11]},"faces":{"north":{"uv":[8.5,1.5,10,2],"texture":"#particle"},"south":{"uv":[10,3.5,8.5,3],"texture":"#particle"},"west":{"uv":[10,1.5,11,2],"texture":"#particle"},"up":{"uv":[10,1.5,8.5,0.5],"texture":"#particle"},"down":{"uv":[10,3,8.5,2],"texture":"#particle"}}},{"from":[8.5,2,2],"to":[11.5,3,4],"rotation":{"angle":0,"axis":"y","origin":[16.5,7,11]},"faces":{"north":{"uv":[8.5,5.5,10,6],"texture":"#particle"},"south":{"uv":[10,7.5,8.5,7],"texture":"#particle"},"west":{"uv":[10,5.5,11,6],"texture":"#particle"},"up":{"uv":[10,5.5,8.5,4.5],"texture":"#particle"},"down":{"uv":[10,7,8.5,6],"texture":"#particle"}}}],"display":{"thirdperson_righthand":{"rotation":[75,45,0],"translation":[0,2.5,1.5],"scale":[0.55,0.55,0.55]},"firstperson_righthand":{"rotation":[0,45,0],"translation":[1,3.5,0.5],"scale":[0.4,0.4,0.4]},"ground":{"translation":[0,4,0]},"gui":{"rotation":[30,225,0],"translation":[-1,3.5,0],"scale":[0.8,0.8,0.8]},"head":{"translation":[0,6.45,0],"scale":[1.61,1.61,1.61]},"fixed":{"rotation":[-81.5,0,0],"translation":[0,4,-11],"scale":[2,2,2]}},"gui_light":"front"}