{"credit":"Created By Yassou","texture_size":[32,32],"textures":{"1":"cosmetics:hats/santa_hat","particle":"cosmetics:hats/santa_hat"},"elements":[{"from":[3,-1,3],"to":[13,3,13],"rotation":{"angle":0,"axis":"y","origin":[4,0,4]},"faces":{"north":{"uv":[5,7,10,9],"texture":"#1"},"east":{"uv":[8.5,0,13.5,2],"texture":"#1"},"south":{"uv":[8.5,2,13.5,4],"texture":"#1"},"west":{"uv":[8.5,4,13.5,6],"texture":"#1"},"up":{"uv":[5,5,0,0],"texture":"#1"},"down":{"uv":[5,5,0,10],"texture":"#1"}}},{"from":[4,-0.6,5.2],"to":[12,4.7,13.2],"rotation":{"angle":22.5,"axis":"x","origin":[8,4.79975,12.40458]},"faces":{"north":{"uv":[5,9,8.5,11],"texture":"#1"},"east":{"uv":[8.5,9,12,11],"texture":"#1"},"south":{"uv":[0,10,3.5,12],"texture":"#1"},"west":{"uv":[10,6,13.5,8],"texture":"#1"},"up":{"uv":[8.5,3.5,5,0],"texture":"#1"},"down":{"uv":[8.5,3.5,5,7],"texture":"#1"}}},{"from":[5,1.32901,6.71674],"to":[11,6.32901,12.71674],"rotation":{"angle":45,"axis":"x","origin":[8,4.79975,12.40458]},"faces":{"north":{"uv":[3.5,11,6,13.5],"texture":"#1"},"east":{"uv":[6,11,8.5,13.5],"texture":"#1"},"south":{"uv":[8.5,11,11,13.5],"texture":"#1"},"west":{"uv":[11,11,13.5,13.5],"texture":"#1"},"up":{"uv":[2.5,14.5,0,12],"texture":"#1"},"down":{"uv":[14.5,8,12,10.5],"texture":"#1"}}},{"from":[5.5,5.18169,9.77113],"to":[10.5,9.18169,13.77113],"rotation":{"angle":0,"axis":"x","origin":[8,4.79975,12.40458]},"faces":{"north":{"uv":[15.5,2,13.5,4],"rotation":180,"texture":"#1"},"east":{"uv":[13.5,4,15.5,5.5],"rotation":270,"texture":"#1"},"south":{"uv":[15.5,2,13.5,0],"texture":"#1"},"west":{"uv":[13.5,5.5,15.5,7],"rotation":90,"texture":"#1"},"up":{"uv":[2.5,13.5,4.5,15],"rotation":180,"texture":"#1"},"down":{"uv":[4.5,13.5,6.5,15],"texture":"#1"}}},{"from":[6.8,5.93516,10.75584],"to":[9.2,8.33516,14.35584],"rotation":{"angle":45,"axis":"x","origin":[8,4.79975,12.40458]},"faces":{"north":{"uv":[14.5,12,13.5,13],"rotation":180,"texture":"#1"},"east":{"uv":[9.5,13.5,10.5,15],"rotation":270,"texture":"#1"},"south":{"uv":[12.5,14.5,11.5,13.5],"texture":"#1"},"west":{"uv":[13.5,10.5,14.5,12],"rotation":90,"texture":"#1"},"up":{"uv":[2.5,12,3.5,13.5],"rotation":180,"texture":"#1"},"down":{"uv":[10.5,13.5,11.5,15],"texture":"#1"}}},{"from":[6.5,1.83261,13.91941],"to":[9.5,4.63261,16.81941],"rotation":{"angle":-22.5,"axis":"x","origin":[8,4.79975,12.40458]},"faces":{"north":{"uv":[10,8,11.5,9],"rotation":180,"texture":"#1"},"east":{"uv":[3.5,10,5,11],"rotation":180,"texture":"#1"},"south":{"uv":[8.5,6,10,7],"rotation":180,"texture":"#1"},"west":{"uv":[13.5,7,15,8],"rotation":180,"texture":"#1"},"up":{"uv":[9.5,13.5,8,15],"texture":"#1"},"down":{"uv":[8,15,6.5,13.5],"texture":"#1"}}}],"display":{"thirdperson_righthand":{"rotation":[72.84,5.21,4.83],"translation":[-0.25,2.5,1.5],"scale":[0.51758,0.51758,0.51758]},"thirdperson_lefthand":{"rotation":[72.84,5.21,4.83],"translation":[-0.25,2.5,1.5],"scale":[0.51758,0.51758,0.51758]},"firstperson_righthand":{"rotation":[180,67.75,180],"translation":[1.25,3.75,0.75],"scale":[0.4,0.4,0.4]},"firstperson_lefthand":{"rotation":[180,67.75,180],"translation":[1.25,3.75,0.75],"scale":[0.4,0.4,0.4]},"ground":{"translation":[0,5.75,0],"scale":[0.81641,0.81641,0.81641]},"gui":{"rotation":[30,225,0],"translation":[0,3.25,0],"scale":[0.89844,0.89844,0.89844]},"head":{"rotation":[3.5,0,0],"translation":[0,15.75,0.75],"scale":[1.61718,1.61718,1.61718]},"fixed":{"translation":[0,2.75,0]}},"gui_light":"front"}