{"textures":{"particle":"cosmetics:hats/gfx_serpent_king_helmet"},"elements":[{"from":[3,5,3],"to":[13,9,13],"rotation":{"angle":0,"axis":"y","origin":[8,7,8]},"faces":{"north":{"uv":[0.25,2.75,2.75,3.75],"texture":"#particle"},"east":{"uv":[5.25,2.75,2.75,3.75],"texture":"#particle"},"south":{"uv":[5.25,2.75,7.75,3.75],"texture":"#particle"},"west":{"uv":[2.75,2.75,5.25,3.75],"texture":"#particle"},"up":{"uv":[2.75,2.75,0.25,0.25],"texture":"#particle"},"down":{"uv":[2.75,6.25,0.25,3.75],"texture":"#particle"}}},{"from":[4,9,4],"to":[12,10,12],"rotation":{"angle":0,"axis":"y","origin":[11,17,14]},"faces":{"north":{"uv":[5.75,0.25,7.75,0.5],"texture":"#particle"},"east":{"uv":[5.75,0.25,7.75,0.5],"texture":"#particle"},"south":{"uv":[5.75,0.25,7.75,0.5],"texture":"#particle"},"west":{"uv":[5.75,0.25,7.75,0.5],"texture":"#particle"},"up":{"uv":[5.25,2.25,3.25,0.25],"texture":"#particle"}}},{"from":[7,10,7],"to":[9,16,9],"rotation":{"angle":22.5,"axis":"x","origin":[8,10,7]},"faces":{"north":{"uv":[0.75,7.25,1.25,8.75],"texture":"#particle"},"east":{"uv":[0.25,7.25,0.75,8.75],"texture":"#particle"},"south":{"uv":[1.75,7.25,2.25,8.75],"texture":"#particle"},"west":{"uv":[1.25,7.25,1.75,8.75],"texture":"#particle"},"up":{"uv":[1.25,7.25,0.75,6.75],"texture":"#particle"}}},{"from":[6,14,3],"to":[10,16,7],"rotation":{"angle":22.5,"axis":"x","origin":[8,10,7]},"faces":{"north":{"uv":[3.75,7.75,4.75,8.25],"texture":"#particle"},"east":{"uv":[2.75,7.75,3.75,8.25],"texture":"#particle"},"south":{"uv":[5.75,7.75,6.75,8.25],"texture":"#particle"},"west":{"uv":[4.75,7.75,5.75,8.25],"texture":"#particle"},"up":{"uv":[4.75,7.75,3.75,6.75],"texture":"#particle"},"down":{"uv":[4.75,9.25,3.75,8.25],"texture":"#particle"}}},{"from":[6.5,13.6194,4.91342],"to":[9.5,14.6194,8.91342],"rotation":{"angle":-22.5,"axis":"x","origin":[7.5,14.6194,8.91342]},"faces":{"north":{"uv":[7.25,7,8,7.25],"texture":"#particle"},"east":{"uv":[6.25,7,7.25,7.25],"texture":"#particle"},"south":{"uv":[9,7,9.75,7.25],"texture":"#particle"},"west":{"uv":[8,7,9,7.25],"texture":"#particle"},"up":{"uv":[8,7,7.25,6],"texture":"#particle"},"down":{"uv":[8,8.25,7.25,7.25],"texture":"#particle"}}},{"from":[7.5,14.08046,3.98954],"to":[8.5,14.09046,7.98954],"rotation":{"angle":0,"axis":"x","origin":[8,14.08046,7.98954]},"faces":{"up":{"uv":[13.25,2.75,13,1.75],"texture":"#particle"},"down":{"uv":[13.25,1.75,13,2.75],"texture":"#particle"}}},{"from":[4,0,12],"to":[12,5,13],"rotation":{"angle":0,"axis":"y","origin":[11,11,14]},"faces":{"north":{"uv":[8.25,0.25,10.25,1.5],"texture":"#particle"},"south":{"uv":[10.25,3,8.25,1.75],"texture":"#particle"},"down":{"uv":[10.25,1.75,8.25,1.5],"texture":"#particle"}}},{"from":[7,3,3],"to":[9,5,4],"rotation":{"angle":0,"axis":"y","origin":[11,12,14]},"faces":{"north":{"uv":[9.5,4.25,10,4.75],"texture":"#particle"},"east":{"uv":[9.25,4.25,9.5,4.75],"texture":"#particle"},"south":{"uv":[10.25,4.25,10.75,4.75],"texture":"#particle"},"west":{"uv":[10,4.25,10.25,4.75],"texture":"#particle"},"down":{"uv":[10,5,9.5,4.75],"texture":"#particle"}}},{"from":[4,7,2],"to":[7,12,3],"rotation":{"angle":0,"axis":"y","origin":[8,7,8]},"faces":{"north":{"uv":[6,1,6.75,2.25],"texture":"#particle"},"east":{"uv":[5.75,1,6,2.25],"texture":"#particle"},"south":{"uv":[7,1,7.75,2.25],"texture":"#particle"},"west":{"uv":[6.75,1,7,2.25],"texture":"#particle"},"up":{"uv":[9,3.75,8.25,3.5],"texture":"#particle"},"down":{"uv":[10.25,3.75,9.5,3.5],"texture":"#particle"}}},{"from":[13,7,4],"to":[14,12,7],"rotation":{"angle":0,"axis":"y","origin":[8,7,8]},"faces":{"north":{"uv":[6.75,1,7,2.25],"texture":"#particle"},"east":{"uv":[6,1,6.75,2.25],"texture":"#particle"},"south":{"uv":[5.75,1,6,2.25],"texture":"#particle"},"west":{"uv":[7,1,7.75,2.25],"texture":"#particle"},"up":{"uv":[9,3.75,8.25,3.5],"rotation":90,"texture":"#particle"},"down":{"uv":[10.25,3.75,9.5,3.5],"rotation":270,"texture":"#particle"}}},{"from":[9,7,13],"to":[12,12,14],"rotation":{"angle":0,"axis":"y","origin":[8,7,8]},"faces":{"north":{"uv":[7,1,7.75,2.25],"texture":"#particle"},"east":{"uv":[6.75,1,7,2.25],"texture":"#particle"},"south":{"uv":[6,1,6.75,2.25],"texture":"#particle"},"west":{"uv":[5.75,1,6,2.25],"texture":"#particle"},"up":{"uv":[9,3.75,8.25,3.5],"rotation":180,"texture":"#particle"},"down":{"uv":[10.25,3.75,9.5,3.5],"rotation":180,"texture":"#particle"}}},{"from":[2,7,9],"to":[3,12,12],"rotation":{"angle":0,"axis":"y","origin":[8,7,8]},"faces":{"north":{"uv":[5.75,1,6,2.25],"texture":"#particle"},"east":{"uv":[7,1,7.75,2.25],"texture":"#particle"},"south":{"uv":[6.75,1,7,2.25],"texture":"#particle"},"west":{"uv":[6,1,6.75,2.25],"texture":"#particle"},"up":{"uv":[9,3.75,8.25,3.5],"rotation":270,"texture":"#particle"},"down":{"uv":[10.25,3.75,9.5,3.5],"rotation":90,"texture":"#particle"}}},{"from":[9,7,2],"to":[12,12,3],"rotation":{"angle":0,"axis":"y","origin":[8,7,8]},"faces":{"north":{"uv":[6,1,6.75,2.25],"texture":"#particle"},"east":{"uv":[5.75,1,6,2.25],"texture":"#particle"},"south":{"uv":[7,1,7.75,2.25],"texture":"#particle"},"west":{"uv":[6.75,1,7,2.25],"texture":"#particle"},"up":{"uv":[9,3.75,8.25,3.5],"texture":"#particle"},"down":{"uv":[10.25,3.75,9.5,3.5],"texture":"#particle"}}},{"from":[13,7,9],"to":[14,12,12],"rotation":{"angle":0,"axis":"y","origin":[8,7,8]},"faces":{"north":{"uv":[6.75,1,7,2.25],"texture":"#particle"},"east":{"uv":[6,1,6.75,2.25],"texture":"#particle"},"south":{"uv":[5.75,1,6,2.25],"texture":"#particle"},"west":{"uv":[7,1,7.75,2.25],"texture":"#particle"},"up":{"uv":[9,3.75,8.25,3.5],"rotation":90,"texture":"#particle"},"down":{"uv":[10.25,3.75,9.5,3.5],"rotation":270,"texture":"#particle"}}},{"from":[4,7,13],"to":[7,12,14],"rotation":{"angle":0,"axis":"y","origin":[8,7,8]},"faces":{"north":{"uv":[7,1,7.75,2.25],"texture":"#particle"},"east":{"uv":[6.75,1,7,2.25],"texture":"#particle"},"south":{"uv":[6,1,6.75,2.25],"texture":"#particle"},"west":{"uv":[5.75,1,6,2.25],"texture":"#particle"},"up":{"uv":[9,3.75,8.25,3.5],"rotation":180,"texture":"#particle"},"down":{"uv":[10.25,3.75,9.5,3.5],"rotation":180,"texture":"#particle"}}},{"from":[2,7,4],"to":[3,12,7],"rotation":{"angle":0,"axis":"y","origin":[8,7,8]},"faces":{"north":{"uv":[5.75,1,6,2.25],"texture":"#particle"},"east":{"uv":[7,1,7.75,2.25],"texture":"#particle"},"south":{"uv":[6.75,1,7,2.25],"texture":"#particle"},"west":{"uv":[6,1,6.75,2.25],"texture":"#particle"},"up":{"uv":[9,3.75,8.25,3.5],"rotation":270,"texture":"#particle"},"down":{"uv":[10.25,3.75,9.5,3.5],"rotation":90,"texture":"#particle"}}},{"from":[3,0,3],"to":[4,5,13],"rotation":{"angle":0,"axis":"y","origin":[11,9,14]},"faces":{"north":{"uv":[5.75,4.25,6,5.5],"texture":"#particle"},"east":{"uv":[3.25,4.25,5.75,5.5],"texture":"#particle"},"south":{"uv":[8.5,4.25,8.75,5.5],"texture":"#particle"},"west":{"uv":[6,4.25,8.5,5.5],"texture":"#particle"},"down":{"uv":[11,2.75,10.75,0.25],"texture":"#particle"}}},{"from":[12,0,3],"to":[13,5,13],"rotation":{"angle":0,"axis":"y","origin":[5,9,14]},"faces":{"north":{"uv":[6,4.25,5.75,5.5],"texture":"#particle"},"east":{"uv":[6,4.25,8.5,5.5],"texture":"#particle"},"south":{"uv":[8.75,4.25,8.5,5.5],"texture":"#particle"},"west":{"uv":[5.75,4.25,3.25,5.5],"texture":"#particle"},"down":{"uv":[10.75,2.75,11,0.25],"texture":"#particle"}}},{"from":[2,0,3],"to":[3,1,13],"rotation":{"angle":0,"axis":"y","origin":[10,9,14]},"faces":{"north":{"uv":[3.25,6,3.5,6.25],"texture":"#particle"},"south":{"uv":[6,6,6.25,6.25],"texture":"#particle"},"west":{"uv":[3.5,6,6,6.25],"texture":"#particle"},"up":{"uv":[11.75,2.75,11.5,0.25],"texture":"#particle"},"down":{"uv":[12.5,2.75,12.25,0.25],"texture":"#particle"}}},{"from":[13,0,3],"to":[14,1,13],"rotation":{"angle":0,"axis":"y","origin":[6,9,14]},"faces":{"north":{"uv":[3.5,6,3.25,6.25],"texture":"#particle"},"east":{"uv":[6,6,3.5,6.25],"texture":"#particle"},"south":{"uv":[6.25,6,6,6.25],"texture":"#particle"},"up":{"uv":[11.5,2.75,11.75,0.25],"texture":"#particle"},"down":{"uv":[12.25,2.75,12.5,0.25],"texture":"#particle"}}},{"from":[3,0,13],"to":[13,1,14],"rotation":{"angle":0,"axis":"y","origin":[11,9,14]},"faces":{"east":{"uv":[13.25,0.5,13,0.75],"texture":"#particle"},"south":{"uv":[13.25,0.5,15.75,0.75],"texture":"#particle"},"west":{"uv":[13,0.5,13.25,0.75],"texture":"#particle"},"up":{"uv":[13.25,0.25,15.75,0.5],"texture":"#particle"},"down":{"uv":[13.25,0.75,15.75,1],"texture":"#particle"}}}],"display":{"thirdperson_righthand":{"rotation":[75,45,0],"translation":[0,2.5,-0.25],"scale":[0.55,0.55,0.55]},"firstperson_righthand":{"rotation":[0,45,0],"translation":[0.5,3,0.5],"scale":[0.4,0.4,0.4]},"ground":{"translation":[0,5,0]},"gui":{"rotation":[30,225,0],"translation":[0,1,0],"scale":[0.8,0.8,0.8]},"head":{"translation":[0,6.4,0],"scale":[1.6,1.6,1.6]},"fixed":{"rotation":[-90,0,0],"translation":[0,0,-16],"scale":[2,2,2]}},"gui_light":"front"}