{"textures":{"particle":"cosmetics:hats/gfx_shamrock_shades"},"elements":[{"from":[3.5,6,2.5],"to":[6.5,7,3.5],"rotation":{"angle":0,"axis":"y","origin":[13.5,14,10.5]},"faces":{"north":{"uv":[2,2,5,3],"texture":"#particle"},"east":{"uv":[1,2,2,3],"texture":"#particle"},"south":{"uv":[5,2,2,3],"texture":"#particle"},"west":{"uv":[5,2,6,3],"texture":"#particle"},"up":{"uv":[5,2,2,1],"texture":"#particle"}}},{"from":[9.5,6,2.5],"to":[12.5,7,3.5],"rotation":{"angle":0,"axis":"y","origin":[19.5,14,10.5]},"faces":{"north":{"uv":[2,2,5,3],"texture":"#particle"},"east":{"uv":[1,2,2,3],"texture":"#particle"},"south":{"uv":[5,2,2,3],"texture":"#particle"},"west":{"uv":[5,2,6,3],"texture":"#particle"},"up":{"uv":[5,2,2,1],"texture":"#particle"}}},{"from":[2.5,3,2.5],"to":[7.5,6,3.5],"rotation":{"angle":0,"axis":"y","origin":[13.5,13,10.5]},"faces":{"north":{"uv":[1,6,6,9],"texture":"#particle"},"east":{"uv":[1,12,2,15],"texture":"#particle"},"south":{"uv":[6,6,1,9],"texture":"#particle"},"west":{"uv":[4,12,5,15],"texture":"#particle"},"up":{"uv":[6,6,1,5],"texture":"#particle"},"down":{"uv":[6,10,1,9],"texture":"#particle"}}},{"from":[8.5,3,2.5],"to":[13.5,6,3.5],"rotation":{"angle":0,"axis":"y","origin":[19.5,13,10.5]},"faces":{"north":{"uv":[1,6,6,9],"texture":"#particle"},"east":{"uv":[1,12,2,15],"texture":"#particle"},"south":{"uv":[6,6,1,9],"texture":"#particle"},"west":{"uv":[4,12,5,15],"texture":"#particle"},"up":{"uv":[6,6,1,5],"texture":"#particle"},"down":{"uv":[6,10,1,9],"texture":"#particle"}}},{"from":[7,4,3],"to":[9,5,4],"rotation":{"angle":0,"axis":"y","origin":[15,13,11]},"faces":{"north":{"uv":[11,2,13,3],"texture":"#particle"},"east":{"uv":[14,2,13,3],"texture":"#particle"},"south":{"uv":[13,5,11,4],"texture":"#particle"},"west":{"uv":[13,2,14,3],"texture":"#particle"},"up":{"uv":[13,2,11,1],"texture":"#particle"},"down":{"uv":[13,4,11,3],"texture":"#particle"}}},{"from":[3,4,3],"to":[4,5,10],"rotation":{"angle":0,"axis":"y","origin":[11,13,-4]},"faces":{"east":{"uv":[15,11,8,10],"texture":"#particle"},"south":{"uv":[7,13,8,14],"texture":"#particle"},"west":{"uv":[8,8,15,9],"texture":"#particle"},"up":{"uv":[15,8,8,7],"rotation":270,"texture":"#particle"},"down":{"uv":[15,10,8,9],"rotation":90,"texture":"#particle"}}},{"from":[12,4,3],"to":[13,5,10],"rotation":{"angle":0,"axis":"y","origin":[5,13,-4]},"faces":{"east":{"uv":[15,8,8,9],"texture":"#particle"},"south":{"uv":[8,13,7,14],"texture":"#particle"},"west":{"uv":[8,11,15,10],"texture":"#particle"},"up":{"uv":[15,7,8,8],"rotation":270,"texture":"#particle"},"down":{"uv":[15,9,8,10],"rotation":90,"texture":"#particle"}}},{"from":[3,3,9],"to":[4,4,10],"rotation":{"angle":0,"axis":"y","origin":[11,12,11]},"faces":{"north":{"uv":[10,13,11,14],"texture":"#particle"},"east":{"uv":[10,13,11,14],"texture":"#particle"},"south":{"uv":[10,13,11,14],"texture":"#particle"},"west":{"uv":[10,13,11,14],"texture":"#particle"},"down":{"uv":[11,15,10,14],"texture":"#particle"}}},{"from":[12,3,9],"to":[13,4,10],"rotation":{"angle":0,"axis":"y","origin":[5,12,11]},"faces":{"north":{"uv":[11,13,10,14],"texture":"#particle"},"east":{"uv":[11,13,10,14],"texture":"#particle"},"south":{"uv":[11,13,10,14],"texture":"#particle"},"west":{"uv":[11,13,10,14],"texture":"#particle"},"down":{"uv":[10,15,11,14],"texture":"#particle"}}},{"from":[4.5,2,2.5],"to":[5.5,3,3.5],"rotation":{"angle":0,"axis":"y","origin":[13.5,12,10.5]},"faces":{"north":{"uv":[8,1,9,2],"texture":"#particle"},"east":{"uv":[8,1,9,2],"texture":"#particle"},"south":{"uv":[8,1,9,2],"texture":"#particle"},"west":{"uv":[8,1,9,2],"texture":"#particle"},"down":{"uv":[9,3,8,2],"texture":"#particle"}}},{"from":[10.5,2,2.5],"to":[11.5,3,3.5],"rotation":{"angle":0,"axis":"y","origin":[19.5,12,10.5]},"faces":{"north":{"uv":[8,1,9,2],"texture":"#particle"},"east":{"uv":[8,1,9,2],"texture":"#particle"},"south":{"uv":[8,1,9,2],"texture":"#particle"},"west":{"uv":[8,1,9,2],"texture":"#particle"},"down":{"uv":[9,3,8,2],"texture":"#particle"}}}],"display":{"thirdperson_righthand":{"rotation":[75,45,0],"translation":[0,2.5,1],"scale":[0.55,0.55,0.55]},"thirdperson_lefthand":{"rotation":[75,45,0],"translation":[0,2.5,1],"scale":[0.55,0.55,0.55]},"firstperson_righthand":{"rotation":[0,135,0],"translation":[0,4,0.5],"scale":[0.4,0.4,0.4]},"firstperson_lefthand":{"rotation":[0,135,0],"translation":[0,4,0.5],"scale":[0.4,0.4,0.4]},"ground":{"translation":[0,3,0]},"gui":{"rotation":[30,225,0],"translation":[-1.5,4,0]},"head":{"translation":[0,6.4,0],"scale":[1.6,1.6,1.6]},"fixed":{"rotation":[-82.25,0,0],"translation":[0,5,-10.5],"scale":[2,2,2]}},"gui_light":"front"}