{"textures":{"particle":"cosmetics:hats/gfx_skull_mask"},"elements":[{"from":[4,5,3],"to":[12,8,4],"rotation":{"angle":0,"axis":"y","origin":[8,6.5,3.5]},"faces":{"north":{"uv":[7.66667,4.66667,10.33333,5.66667],"texture":"#particle"},"down":{"uv":[10.33333,6,7.66667,5.66667],"texture":"#particle"}}},{"from":[4,2,3],"to":[12,3,4],"rotation":{"angle":0,"axis":"y","origin":[12,11,11]},"faces":{"north":{"uv":[7.66667,7,10.33333,7.33333],"texture":"#particle"},"up":{"uv":[10.33333,7,7.66667,6.66667],"texture":"#particle"},"down":{"uv":[10.33333,7.66667,7.66667,7.33333],"texture":"#particle"}}},{"from":[6,0,3],"to":[10,2,4],"rotation":{"angle":0,"axis":"y","origin":[12,10,11]},"faces":{"north":{"uv":[11.33333,6,12.66667,6.66667],"texture":"#particle"},"east":{"uv":[11,6,11.33333,6.66667],"texture":"#particle"},"west":{"uv":[12.66667,6,13,6.66667],"texture":"#particle"},"down":{"uv":[12.66667,7,11.33333,6.66667],"texture":"#particle"}}},{"from":[3,8,2],"to":[13,9,13],"rotation":{"angle":0,"axis":"y","origin":[12,17,11]},"faces":{"north":{"uv":[0.33333,4,3.66667,4.33333],"texture":"#particle"},"east":{"uv":[4,9,0.33333,9.33333],"texture":"#particle"},"south":{"uv":[3.66667,8.33333,0.33333,8],"texture":"#particle"},"west":{"uv":[0.33333,9,4,9.33333],"texture":"#particle"},"up":{"uv":[3.66667,4,0.33333,0.33333],"texture":"#particle"},"down":{"uv":[3.66667,8,0.33333,4.33333],"texture":"#particle"}}},{"from":[3,0,2],"to":[4,8,13],"rotation":{"angle":0,"axis":"y","origin":[12,16,11]},"faces":{"north":{"uv":[11.33333,0.33333,11.66667,3],"texture":"#particle"},"east":{"uv":[7.66667,0.33333,11.33333,3],"texture":"#particle"},"south":{"uv":[15.33333,0.33333,15.66667,3],"texture":"#particle"},"west":{"uv":[11.66667,0.33333,15.33333,3],"texture":"#particle"},"down":{"uv":[0.66667,13.66667,0.33333,10],"texture":"#particle"}}},{"from":[12,0,2],"to":[13,8,13],"rotation":{"angle":0,"axis":"y","origin":[4,16,11]},"faces":{"north":{"uv":[11.66667,0.33333,11.33333,3],"texture":"#particle"},"east":{"uv":[15.33333,0.33333,11.66667,3],"texture":"#particle"},"south":{"uv":[15.66667,0.33333,15.33333,3],"texture":"#particle"},"west":{"uv":[11.33333,0.33333,7.66667,3],"texture":"#particle"},"down":{"uv":[0.33333,13.66667,0.66667,10],"texture":"#particle"}}},{"from":[3,-1,3],"to":[4,0,13],"rotation":{"angle":0,"axis":"y","origin":[12,15,11]},"faces":{"north":{"uv":[11,3.66667,11.33333,4],"texture":"#particle"},"east":{"uv":[7.66667,3.66667,11,4],"texture":"#particle"},"south":{"uv":[14.66667,3.66667,15,4],"texture":"#particle"},"west":{"uv":[11.33333,3.66667,14.66667,4],"texture":"#particle"},"down":{"uv":[1.66667,13.33333,1.33333,10],"texture":"#particle"}}},{"from":[12,-1,3],"to":[13,0,13],"rotation":{"angle":0,"axis":"y","origin":[4,15,11]},"faces":{"north":{"uv":[11.33333,3.66667,11,4],"texture":"#particle"},"east":{"uv":[14.66667,3.66667,11.33333,4],"texture":"#particle"},"south":{"uv":[15,3.66667,14.66667,4],"texture":"#particle"},"west":{"uv":[11,3.66667,7.66667,4],"texture":"#particle"},"down":{"uv":[1.33333,13.33333,1.66667,10],"texture":"#particle"}}},{"from":[4,-1,12],"to":[12,8,13],"rotation":{"angle":0,"axis":"y","origin":[13,16,11]},"faces":{"north":{"uv":[4.33333,0.33333,7,3.33333],"texture":"#particle"},"south":{"uv":[7,6.66667,4.33333,3.66667],"texture":"#particle"},"down":{"uv":[7,3.33333,4.33333,3.66667],"texture":"#particle"}}},{"from":[7,3,3],"to":[9,5,4],"rotation":{"angle":0,"axis":"y","origin":[12,12,11]},"faces":{"north":{"uv":[11.33333,4.66667,12,5.33333],"texture":"#particle"},"east":{"uv":[11,4.66667,11.33333,5.33333],"texture":"#particle"},"west":{"uv":[12,4.66667,12.33333,5.33333],"texture":"#particle"}}},{"from":[4,3,3],"to":[5,5,4],"rotation":{"angle":0,"axis":"y","origin":[9,12,11]},"faces":{"north":{"uv":[13.33333,4.66667,13.66667,5.33333],"texture":"#particle"},"east":{"uv":[13,4.66667,13.33333,5.33333],"texture":"#particle"}}},{"from":[11,3,3],"to":[12,5,4],"rotation":{"angle":0,"axis":"y","origin":[7,12,11]},"faces":{"north":{"uv":[13.66667,4.66667,13.33333,5.33333],"texture":"#particle"},"west":{"uv":[13.33333,4.66667,13,5.33333],"texture":"#particle"}}}],"display":{"thirdperson_righthand":{"rotation":[75,45,0],"translation":[0,2.5,-0.25],"scale":[0.55,0.55,0.55]},"firstperson_righthand":{"rotation":[0,45,0],"translation":[1,3.5,0.5],"scale":[0.4,0.4,0.4]},"ground":{"translation":[0,6,0]},"gui":{"rotation":[30,225,0],"translation":[0,3,0],"scale":[0.8,0.8,0.8]},"head":{"translation":[0,6.4,0],"scale":[1.6,1.6,1.6]},"fixed":{"rotation":[-90,90,0],"translation":[0,0,-16],"scale":[2,2,2]}},"gui_light":"front"}