{"credit":"Created By Yassou","texture_size":[64,64],"textures":{"1":"cosmetics:hats/sombrero_tint","particle":"#1"},"elements":[{"from":[-3,0,-3],"to":[19,0,19],"faces":{"north":{"uv":[0,0,5.5,0],"texture":"#1"},"east":{"uv":[0,0,5.5,0],"texture":"#1"},"south":{"uv":[0,0,5.5,0],"texture":"#1"},"west":{"uv":[0,0,5.5,0],"texture":"#1"},"up":{"uv":[5.5,5.5,0,0],"texture":"#1"},"down":{"uv":[5.5,5.5,0,11],"texture":"#1"}}},{"from":[3,0,3],"to":[13,3,13],"faces":{"north":{"uv":[8,3.75,10.5,4.5],"texture":"#1"},"east":{"uv":[8,3.75,10.5,4.5],"texture":"#1"},"south":{"uv":[8,3.75,10.5,4.5],"texture":"#1"},"west":{"uv":[8,3.75,10.5,4.5],"texture":"#1"},"up":{"uv":[8,5,5.5,2.5],"texture":"#1"},"down":{"uv":[8,5,5.5,7.5],"texture":"#1"}}},{"from":[3,3,3],"to":[13,5,13],"faces":{"north":{"uv":[5.5,8.25,8,8.75],"texture":"#1","tintindex":0},"east":{"uv":[5.5,8.25,8,8.75],"texture":"#1","tintindex":0},"south":{"uv":[5.5,8.25,8,8.75],"texture":"#1","tintindex":0},"west":{"uv":[5.5,8.25,8,8.75],"texture":"#1","tintindex":0},"up":{"uv":[5.5,5,8,7.5],"texture":"#1","tintindex":0},"down":{"uv":[5.5,5,8,7.5],"texture":"#1","tintindex":0}}},{"from":[3,5,3],"to":[13,8,13],"faces":{"north":{"uv":[5.5,7.5,8,8.25],"texture":"#1"},"east":{"uv":[5.5,7.5,8,8.25],"texture":"#1"},"south":{"uv":[5.5,7.5,8,8.25],"texture":"#1"},"west":{"uv":[5.5,7.5,8,8.25],"texture":"#1"},"up":{"uv":[8,5,5.5,2.5],"texture":"#1"},"down":{"uv":[8,5,5.5,7.5],"texture":"#1"}}},{"from":[4,8,4],"to":[12,11,12],"faces":{"north":{"uv":[5.75,7.5,7.75,8.25],"texture":"#1"},"east":{"uv":[5.75,7.5,7.75,8.25],"texture":"#1"},"south":{"uv":[5.75,7.5,7.75,8.25],"texture":"#1"},"west":{"uv":[5.75,7.5,7.75,8.25],"texture":"#1"},"up":{"uv":[7.75,4.75,5.75,2.75],"texture":"#1"},"down":{"uv":[7.5,5,5.5,7],"texture":"#1"}}},{"from":[5,11,5],"to":[11,14,11],"faces":{"north":{"uv":[8.5,4.25,10,5.25],"texture":"#1"},"east":{"uv":[8.5,4.25,10,5.25],"texture":"#1"},"south":{"uv":[8.5,4.25,10,5.25],"texture":"#1"},"west":{"uv":[8.5,4.25,10,5],"texture":"#1"},"up":{"uv":[7.5,4.25,6.25,3],"texture":"#1"},"down":{"uv":[7,5,5.5,6.5],"texture":"#1"}}},{"from":[-3,0,19],"to":[19,2,19],"rotation":{"angle":0,"axis":"y","origin":[8,0.5,8]},"faces":{"north":{"uv":[11,1.5,5.5,2],"texture":"#1"},"east":{"uv":[0,0,0,1.25],"texture":"#1"},"south":{"uv":[5.5,1.5,11,2],"texture":"#1"},"west":{"uv":[0,0,0,1.25],"texture":"#1"},"up":{"uv":[5.5,0,0,0],"texture":"#1"},"down":{"uv":[5.5,0,0,0],"texture":"#1"}}},{"from":[-3,-2,19],"to":[19,0,19],"rotation":{"angle":0,"axis":"y","origin":[8,0.5,8]},"faces":{"north":{"uv":[11,2,5.5,2.5],"texture":"#1","tintindex":0},"east":{"uv":[0,0,0,1.25],"texture":"#1","tintindex":0},"south":{"uv":[5.5,2,11,2.5],"texture":"#1","tintindex":0},"west":{"uv":[0,0,0,1.25],"texture":"#1","tintindex":0},"up":{"uv":[5.5,0,0,0],"texture":"#1","tintindex":0},"down":{"uv":[5.5,0,0,0],"texture":"#1","tintindex":0}}},{"from":[-3,2,19],"to":[19,3,19],"rotation":{"angle":0,"axis":"y","origin":[8,0.5,8]},"faces":{"north":{"uv":[11,1.25,5.5,1.5],"texture":"#1","tintindex":0},"east":{"uv":[0,0,0,1.25],"texture":"#1","tintindex":0},"south":{"uv":[5.5,1.25,11,1.5],"texture":"#1","tintindex":0},"west":{"uv":[0,0,0,1.25],"texture":"#1","tintindex":0},"up":{"uv":[5.5,0,0,0],"texture":"#1","tintindex":0},"down":{"uv":[5.5,0,0,0],"texture":"#1","tintindex":0}}},{"from":[-3,-2,-3],"to":[19,0,-3],"rotation":{"angle":0,"axis":"y","origin":[8,0.5,8]},"faces":{"north":{"uv":[11,2,5.5,2.5],"texture":"#1","tintindex":0},"east":{"uv":[0,0,0,1.25],"texture":"#1","tintindex":0},"south":{"uv":[5.5,2,11,2.5],"texture":"#1","tintindex":0},"west":{"uv":[0,0,0,1.25],"texture":"#1","tintindex":0},"up":{"uv":[5.5,0,0,0],"texture":"#1","tintindex":0},"down":{"uv":[5.5,0,0,0],"texture":"#1","tintindex":0}}},{"from":[-3,2,-3],"to":[19,3,-3],"rotation":{"angle":0,"axis":"y","origin":[8,0.5,8]},"faces":{"north":{"uv":[11,1.25,5.5,1.5],"texture":"#1","tintindex":0},"east":{"uv":[0,0,0,1.25],"texture":"#1","tintindex":0},"south":{"uv":[5.5,1.25,11,1.5],"texture":"#1","tintindex":0},"west":{"uv":[0,0,0,1.25],"texture":"#1","tintindex":0},"up":{"uv":[5.5,0,0,0],"texture":"#1","tintindex":0},"down":{"uv":[5.5,0,0,0],"texture":"#1","tintindex":0}}},{"from":[-3,0,-3],"to":[19,2,-3],"rotation":{"angle":0,"axis":"y","origin":[8,0.5,8]},"faces":{"north":{"uv":[11,1.5,5.5,2],"texture":"#1"},"east":{"uv":[0,0,0,1.25],"texture":"#1"},"south":{"uv":[5.5,1.5,11,2],"texture":"#1"},"west":{"uv":[0,0,0,1.25],"texture":"#1"},"up":{"uv":[5.5,0,0,0],"texture":"#1"},"down":{"uv":[5.5,0,0,0],"texture":"#1"}}},{"from":[-3,-2,-3],"to":[-3,0,19],"rotation":{"angle":0,"axis":"y","origin":[8,0.5,8]},"faces":{"north":{"uv":[0,0,0,1.25],"texture":"#1","tintindex":0},"east":{"uv":[5.5,2,11,2.5],"texture":"#1","tintindex":0},"south":{"uv":[0,0,0,1.25],"texture":"#1","tintindex":0},"west":{"uv":[11,2,5.5,2.5],"texture":"#1","tintindex":0},"up":{"uv":[5.5,0,0,0],"rotation":270,"texture":"#1","tintindex":0},"down":{"uv":[5.5,0,0,0],"rotation":90,"texture":"#1","tintindex":0}}},{"from":[-3,2,-3],"to":[-3,3,19],"rotation":{"angle":0,"axis":"y","origin":[8,0.5,8]},"faces":{"north":{"uv":[0,0,0,1.25],"texture":"#1","tintindex":0},"east":{"uv":[5.5,1.25,11,1.5],"texture":"#1","tintindex":0},"south":{"uv":[0,0,0,1.25],"texture":"#1","tintindex":0},"west":{"uv":[11,1.25,5.5,1.5],"texture":"#1","tintindex":0},"up":{"uv":[5.5,0,0,0],"rotation":270,"texture":"#1","tintindex":0},"down":{"uv":[5.5,0,0,0],"rotation":90,"texture":"#1","tintindex":0}}},{"from":[-3,0,-3],"to":[-3,2,19],"rotation":{"angle":0,"axis":"y","origin":[8,0.5,8]},"faces":{"north":{"uv":[0,0,0,1.25],"texture":"#1"},"east":{"uv":[5.5,1.5,11,2],"texture":"#1"},"south":{"uv":[0,0,0,1.25],"texture":"#1"},"west":{"uv":[11,1.5,5.5,2],"texture":"#1"},"up":{"uv":[5.5,0,0,0],"rotation":270,"texture":"#1"},"down":{"uv":[5.5,0,0,0],"rotation":90,"texture":"#1"}}},{"from":[19,0,-3],"to":[19,2,19],"rotation":{"angle":0,"axis":"y","origin":[8,0.5,8]},"faces":{"north":{"uv":[0,0,0,1.25],"texture":"#1"},"east":{"uv":[5.5,1.5,11,2],"texture":"#1"},"south":{"uv":[0,0,0,1.25],"texture":"#1"},"west":{"uv":[11,1.5,5.5,2],"texture":"#1"},"up":{"uv":[5.5,0,0,0],"rotation":270,"texture":"#1"},"down":{"uv":[5.5,0,0,0],"rotation":90,"texture":"#1"}}},{"from":[19,2,-3],"to":[19,3,19],"rotation":{"angle":0,"axis":"y","origin":[8,0.5,8]},"faces":{"north":{"uv":[0,0,0,1.25],"texture":"#1","tintindex":0},"east":{"uv":[5.5,1.25,11,1.5],"texture":"#1","tintindex":0},"south":{"uv":[0,0,0,1.25],"texture":"#1","tintindex":0},"west":{"uv":[11,1.25,5.5,1.5],"texture":"#1","tintindex":0},"up":{"uv":[5.5,0,0,0],"rotation":270,"texture":"#1","tintindex":0},"down":{"uv":[5.5,0,0,0],"rotation":90,"texture":"#1","tintindex":0}}},{"from":[19,-2,-3],"to":[19,0,19],"rotation":{"angle":0,"axis":"y","origin":[8,0.5,8]},"faces":{"north":{"uv":[0,0,0,1.25],"texture":"#1","tintindex":0},"east":{"uv":[5.5,2,11,2.5],"texture":"#1","tintindex":0},"south":{"uv":[0,0,0,1.25],"texture":"#1","tintindex":0},"west":{"uv":[11,2,5.5,2.5],"texture":"#1","tintindex":0},"up":{"uv":[5.5,0,0,0],"rotation":270,"texture":"#1","tintindex":0},"down":{"uv":[5.5,0,0,0],"rotation":90,"texture":"#1","tintindex":0}}}],"display":{"thirdperson_righthand":{"rotation":[75,45,0],"translation":[0,2.5,0],"scale":[0.375,0.375,0.375]},"thirdperson_lefthand":{"rotation":[75,45,0],"translation":[0,2.5,0],"scale":[0.375,0.375,0.375]},"firstperson_righthand":{"rotation":[0,45,0],"translation":[0,3.75,0],"scale":[0.4,0.4,0.4]},"firstperson_lefthand":{"rotation":[0,45,0],"translation":[0,3.75,0],"scale":[0.4,0.4,0.4]},"ground":{"translation":[0,3,0],"scale":[0.44141,0.44141,0.44141]},"gui":{"rotation":[30,225,0],"translation":[0,2,0],"scale":[0.48438,0.48438,0.48438]},"head":{"rotation":[7.25,0,0],"translation":[0,11.5,1],"scale":[1.54297,1.54297,1.54297]},"fixed":{"rotation":[-90,180,0],"translation":[0,0,-16.25],"scale":[2,2,2]}},"gui_light":"front"}