{"credit":"Made with Blockbench","textures":{"particle":"cosmetics:hats/gfx_sombrero"},"elements":[{"from":[4,11,4],"to":[12,13,12],"rotation":{"angle":0,"axis":"y","origin":[11,18,13]},"faces":{"north":{"uv":[6.25,4.5,8.25,5],"texture":"#particle"},"east":{"uv":[6.25,4.5,8.25,5],"texture":"#particle"},"south":{"uv":[6.25,4.5,8.25,5],"texture":"#particle"},"west":{"uv":[6.25,4.5,8.25,5],"texture":"#particle"},"up":{"uv":[8.25,4.5,6.25,2.5],"texture":"#particle"}}},{"from":[3,7,3],"to":[13,11,13],"rotation":{"angle":0,"axis":"y","origin":[11,15,13]},"faces":{"north":{"uv":[6.25,8.25,8.75,9.25],"texture":"#particle"},"east":{"uv":[6.25,8.25,8.75,9.25],"texture":"#particle"},"south":{"uv":[6.25,8.25,8.75,9.25],"texture":"#particle"},"west":{"uv":[6.25,8.25,8.75,9.25],"texture":"#particle"},"up":{"uv":[8.75,8.25,6.25,5.75],"texture":"#particle"}}},{"from":[-1,6,-1],"to":[17,7,17],"rotation":{"angle":0,"axis":"y","origin":[11,15,13]},"faces":{"up":{"uv":[5.25,7.25,0.75,2.75],"texture":"#particle"},"down":{"uv":[5.25,13,0.75,8.5],"texture":"#particle"}}},{"from":[-2,6,-2],"to":[17,9,-1],"rotation":{"angle":0,"axis":"x","origin":[7.5,7.5,-2.5]},"faces":{"north":{"uv":[0.75,0.75,5.5,1.5],"texture":"#particle"},"south":{"uv":[6,0.75,11.25,1.5],"texture":"#particle"},"west":{"uv":[5.75,0.75,6,1.5],"texture":"#particle"},"up":{"uv":[5.75,0.75,0.5,0.5],"texture":"#particle"},"down":{"uv":[5.75,1.75,0.5,1.5],"texture":"#particle"}}},{"from":[-2,6,-1],"to":[-1,9,18],"rotation":{"angle":0,"axis":"y","origin":[-2.5,7.5,8.5]},"faces":{"east":{"uv":[6,0.75,11.25,1.5],"texture":"#particle"},"south":{"uv":[5.75,0.75,6,1.5],"texture":"#particle"},"west":{"uv":[0.75,0.75,5.5,1.5],"texture":"#particle"},"up":{"uv":[5.75,0.75,0.5,0.5],"rotation":270,"texture":"#particle"},"down":{"uv":[5.75,1.75,0.5,1.5],"rotation":90,"texture":"#particle"}}},{"from":[-1,6,17],"to":[18,9,18],"rotation":{"angle":0,"axis":"y","origin":[8.5,7.5,18.5]},"faces":{"north":{"uv":[6,0.75,11.25,1.5],"texture":"#particle"},"east":{"uv":[5.75,0.75,6,1.5],"texture":"#particle"},"south":{"uv":[0.5,0.75,5.75,1.5],"texture":"#particle"},"up":{"uv":[5.5,0.75,0.75,0.5],"rotation":180,"texture":"#particle"},"down":{"uv":[5.5,1.75,0.75,1.5],"rotation":180,"texture":"#particle"}}},{"from":[17,6,-2],"to":[18,9,17],"rotation":{"angle":0,"axis":"y","origin":[18.5,7.5,7.5]},"faces":{"north":{"uv":[5.75,0.75,6,1.5],"texture":"#particle"},"east":{"uv":[0.75,0.75,5.5,1.5],"texture":"#particle"},"west":{"uv":[6,0.75,11.25,1.5],"texture":"#particle"},"up":{"uv":[5.75,0.75,0.5,0.5],"rotation":90,"texture":"#particle"},"down":{"uv":[5.75,1.75,0.5,1.5],"rotation":270,"texture":"#particle"}}}],"display":{"thirdperson_righthand":{"rotation":[75,45,0],"translation":[0,2.5,-0.25],"scale":[0.55,0.55,0.55]},"firstperson_righthand":{"rotation":[0,45,0],"translation":[1.5,1.5,0.5],"scale":[0.4,0.4,0.4]},"ground":{"translation":[0,-1,0]},"gui":{"rotation":[30,225,0],"scale":[0.5,0.5,0.5]},"head":{"translation":[0,6.4,0],"scale":[1.6,1.6,1.6]},"fixed":{"rotation":[-90,90,0],"translation":[0,0,-4],"scale":[2,2,2]}},"gui_light":"front"}