{"textures":{"particle":"cosmetics:hats/gfx_spring_flower_crown"},"elements":[{"from":[2,8,2],"to":[4,10,4],"rotation":{"angle":0,"axis":"y","origin":[8,4,8]},"faces":{"north":{"uv":[11.5,1.5,12.5,2.5],"texture":"#particle"},"east":{"uv":[10.5,1.5,11.5,2.5],"texture":"#particle"},"south":{"uv":[13.5,1.5,14.5,2.5],"texture":"#particle"},"west":{"uv":[12.5,1.5,13.5,2.5],"texture":"#particle"},"up":{"uv":[12.5,1.5,11.5,0.5],"texture":"#particle"},"down":{"uv":[12.5,3.5,11.5,2.5],"texture":"#particle"}}},{"from":[12,8,12],"to":[14,10,14],"rotation":{"angle":0,"axis":"y","origin":[8,4,8]},"faces":{"north":{"uv":[13.5,1.5,14.5,2.5],"texture":"#particle"},"east":{"uv":[12.5,1.5,13.5,2.5],"texture":"#particle"},"south":{"uv":[11.5,1.5,12.5,2.5],"texture":"#particle"},"west":{"uv":[10.5,1.5,11.5,2.5],"texture":"#particle"},"up":{"uv":[12.5,1.5,11.5,0.5],"rotation":180,"texture":"#particle"},"down":{"uv":[12.5,3.5,11.5,2.5],"rotation":180,"texture":"#particle"}}},{"from":[2,6,5],"to":[4,8,7],"rotation":{"angle":0,"axis":"y","origin":[8,4,8]},"faces":{"north":{"uv":[1.5,5.5,2.5,6.5],"texture":"#particle"},"east":{"uv":[0.5,5.5,1.5,6.5],"texture":"#particle"},"south":{"uv":[3.5,5.5,4.5,6.5],"texture":"#particle"},"west":{"uv":[2.5,5.5,3.5,6.5],"texture":"#particle"},"up":{"uv":[2.5,5.5,1.5,4.5],"texture":"#particle"},"down":{"uv":[2.5,7.5,1.5,6.5],"texture":"#particle"}}},{"from":[12,6,9],"to":[14,8,11],"rotation":{"angle":0,"axis":"y","origin":[8,4,8]},"faces":{"north":{"uv":[3.5,5.5,4.5,6.5],"texture":"#particle"},"east":{"uv":[2.5,5.5,3.5,6.5],"texture":"#particle"},"south":{"uv":[1.5,5.5,2.5,6.5],"texture":"#particle"},"west":{"uv":[0.5,5.5,1.5,6.5],"texture":"#particle"},"up":{"uv":[2.5,5.5,1.5,4.5],"rotation":180,"texture":"#particle"},"down":{"uv":[2.5,7.5,1.5,6.5],"rotation":180,"texture":"#particle"}}},{"from":[2,8,9],"to":[4,10,11],"rotation":{"angle":0,"axis":"y","origin":[8,4,8]},"faces":{"north":{"uv":[6.5,5.5,7.5,6.5],"texture":"#particle"},"east":{"uv":[5.5,5.5,6.5,6.5],"texture":"#particle"},"south":{"uv":[8.5,5.5,9.5,6.5],"texture":"#particle"},"west":{"uv":[7.5,5.5,8.5,6.5],"texture":"#particle"},"up":{"uv":[7.5,5.5,6.5,4.5],"texture":"#particle"},"down":{"uv":[7.5,7.5,6.5,6.5],"texture":"#particle"}}},{"from":[12,8,5],"to":[14,10,7],"rotation":{"angle":0,"axis":"y","origin":[8,4,8]},"faces":{"north":{"uv":[8.5,5.5,9.5,6.5],"texture":"#particle"},"east":{"uv":[7.5,5.5,8.5,6.5],"texture":"#particle"},"south":{"uv":[6.5,5.5,7.5,6.5],"texture":"#particle"},"west":{"uv":[5.5,5.5,6.5,6.5],"texture":"#particle"},"up":{"uv":[7.5,5.5,6.5,4.5],"rotation":180,"texture":"#particle"},"down":{"uv":[7.5,7.5,6.5,6.5],"rotation":180,"texture":"#particle"}}},{"from":[2,6,12],"to":[4,8,14],"rotation":{"angle":0,"axis":"y","origin":[8,4,8]},"faces":{"north":{"uv":[11.5,5.5,12.5,6.5],"texture":"#particle"},"east":{"uv":[10.5,5.5,11.5,6.5],"texture":"#particle"},"south":{"uv":[13.5,5.5,14.5,6.5],"texture":"#particle"},"west":{"uv":[12.5,5.5,13.5,6.5],"texture":"#particle"},"up":{"uv":[12.5,5.5,11.5,4.5],"texture":"#particle"},"down":{"uv":[12.5,7.5,11.5,6.5],"texture":"#particle"}}},{"from":[12,6,2],"to":[14,8,4],"rotation":{"angle":0,"axis":"y","origin":[8,4,8]},"faces":{"north":{"uv":[13.5,5.5,14.5,6.5],"texture":"#particle"},"east":{"uv":[12.5,5.5,13.5,6.5],"texture":"#particle"},"south":{"uv":[11.5,5.5,12.5,6.5],"texture":"#particle"},"west":{"uv":[10.5,5.5,11.5,6.5],"texture":"#particle"},"up":{"uv":[12.5,5.5,11.5,4.5],"rotation":180,"texture":"#particle"},"down":{"uv":[12.5,7.5,11.5,6.5],"rotation":180,"texture":"#particle"}}},{"from":[11,7,3],"to":[12,9,4],"rotation":{"angle":0,"axis":"y","origin":[8,4,8]},"faces":{"north":{"uv":[1,9,1.5,10],"texture":"#particle"},"east":{"uv":[0.5,9,1,10],"texture":"#particle"},"south":{"uv":[2,9,2.5,10],"texture":"#particle"},"west":{"uv":[1.5,9,2,10],"texture":"#particle"},"up":{"uv":[1.5,9,1,8.5],"texture":"#particle"},"down":{"uv":[1.5,10.5,1,10],"texture":"#particle"}}},{"from":[4,7,12],"to":[5,9,13],"rotation":{"angle":0,"axis":"y","origin":[8,4,8]},"faces":{"north":{"uv":[2,9,2.5,10],"texture":"#particle"},"east":{"uv":[1.5,9,2,10],"texture":"#particle"},"south":{"uv":[1,9,1.5,10],"texture":"#particle"},"west":{"uv":[0.5,9,1,10],"texture":"#particle"},"up":{"uv":[1.5,9,1,8.5],"rotation":180,"texture":"#particle"},"down":{"uv":[1.5,10.5,1,10],"rotation":180,"texture":"#particle"}}},{"from":[8,7,3],"to":[9,9,4],"rotation":{"angle":0,"axis":"y","origin":[8,4,8]},"faces":{"north":{"uv":[4,9,4.5,10],"texture":"#particle"},"east":{"uv":[3.5,9,4,10],"texture":"#particle"},"south":{"uv":[5,9,5.5,10],"texture":"#particle"},"west":{"uv":[4.5,9,5,10],"texture":"#particle"},"up":{"uv":[4.5,9,4,8.5],"texture":"#particle"},"down":{"uv":[4.5,10.5,4,10],"texture":"#particle"}}},{"from":[7,7,12],"to":[8,9,13],"rotation":{"angle":0,"axis":"y","origin":[8,4,8]},"faces":{"north":{"uv":[5,9,5.5,10],"texture":"#particle"},"east":{"uv":[4.5,9,5,10],"texture":"#particle"},"south":{"uv":[4,9,4.5,10],"texture":"#particle"},"west":{"uv":[3.5,9,4,10],"texture":"#particle"},"up":{"uv":[4.5,9,4,8.5],"rotation":180,"texture":"#particle"},"down":{"uv":[4.5,10.5,4,10],"rotation":180,"texture":"#particle"}}},{"from":[4,7,3],"to":[5,9,4],"rotation":{"angle":0,"axis":"y","origin":[8,4,8]},"faces":{"north":{"uv":[7,9,7.5,10],"texture":"#particle"},"east":{"uv":[6.5,9,7,10],"texture":"#particle"},"south":{"uv":[8,9,8.5,10],"texture":"#particle"},"west":{"uv":[7.5,9,8,10],"texture":"#particle"},"up":{"uv":[7.5,9,7,8.5],"texture":"#particle"},"down":{"uv":[7.5,10.5,7,10],"texture":"#particle"}}},{"from":[11,7,12],"to":[12,9,13],"rotation":{"angle":0,"axis":"y","origin":[8,4,8]},"faces":{"north":{"uv":[8,9,8.5,10],"texture":"#particle"},"east":{"uv":[7.5,9,8,10],"texture":"#particle"},"south":{"uv":[7,9,7.5,10],"texture":"#particle"},"west":{"uv":[6.5,9,7,10],"texture":"#particle"},"up":{"uv":[7.5,9,7,8.5],"rotation":180,"texture":"#particle"},"down":{"uv":[7.5,10.5,7,10],"rotation":180,"texture":"#particle"}}},{"from":[3,7,4],"to":[4,9,5],"rotation":{"angle":0,"axis":"y","origin":[8,4,8]},"faces":{"north":{"uv":[1,12,1.5,13],"texture":"#particle"},"east":{"uv":[0.5,12,1,13],"texture":"#particle"},"south":{"uv":[2,12,2.5,13],"texture":"#particle"},"west":{"uv":[1.5,12,2,13],"texture":"#particle"},"up":{"uv":[1.5,12,1,11.5],"texture":"#particle"},"down":{"uv":[1.5,13.5,1,13],"texture":"#particle"}}},{"from":[12,7,11],"to":[13,9,12],"rotation":{"angle":0,"axis":"y","origin":[8,4,8]},"faces":{"north":{"uv":[2,12,2.5,13],"texture":"#particle"},"east":{"uv":[1.5,12,2,13],"texture":"#particle"},"south":{"uv":[1,12,1.5,13],"texture":"#particle"},"west":{"uv":[0.5,12,1,13],"texture":"#particle"},"up":{"uv":[1.5,12,1,11.5],"rotation":180,"texture":"#particle"},"down":{"uv":[1.5,13.5,1,13],"rotation":180,"texture":"#particle"}}},{"from":[3,7,7],"to":[4,9,8],"rotation":{"angle":0,"axis":"y","origin":[8,4,8]},"faces":{"north":{"uv":[4,12,4.5,13],"texture":"#particle"},"east":{"uv":[3.5,12,4,13],"texture":"#particle"},"south":{"uv":[5,12,5.5,13],"texture":"#particle"},"west":{"uv":[4.5,12,5,13],"texture":"#particle"},"up":{"uv":[4.5,12,4,11.5],"texture":"#particle"},"down":{"uv":[4.5,13.5,4,13],"texture":"#particle"}}},{"from":[12,7,8],"to":[13,9,9],"rotation":{"angle":0,"axis":"y","origin":[8,4,8]},"faces":{"north":{"uv":[5,12,5.5,13],"texture":"#particle"},"east":{"uv":[4.5,12,5,13],"texture":"#particle"},"south":{"uv":[4,12,4.5,13],"texture":"#particle"},"west":{"uv":[3.5,12,4,13],"texture":"#particle"},"up":{"uv":[4.5,12,4,11.5],"rotation":180,"texture":"#particle"},"down":{"uv":[4.5,13.5,4,13],"rotation":180,"texture":"#particle"}}},{"from":[3,7,11],"to":[4,9,12],"rotation":{"angle":0,"axis":"y","origin":[8,4,8]},"faces":{"north":{"uv":[7,12,7.5,13],"texture":"#particle"},"east":{"uv":[6.5,12,7,13],"texture":"#particle"},"south":{"uv":[8,12,8.5,13],"texture":"#particle"},"west":{"uv":[7.5,12,8,13],"texture":"#particle"},"up":{"uv":[7.5,12,7,11.5],"texture":"#particle"},"down":{"uv":[7.5,13.5,7,13],"texture":"#particle"}}},{"from":[12,7,4],"to":[13,9,5],"rotation":{"angle":0,"axis":"y","origin":[8,4,8]},"faces":{"north":{"uv":[8,12,8.5,13],"texture":"#particle"},"east":{"uv":[7.5,12,8,13],"texture":"#particle"},"south":{"uv":[7,12,7.5,13],"texture":"#particle"},"west":{"uv":[6.5,12,7,13],"texture":"#particle"},"up":{"uv":[7.5,12,7,11.5],"rotation":180,"texture":"#particle"},"down":{"uv":[7.5,13.5,7,13],"rotation":180,"texture":"#particle"}}},{"from":[3,8,8],"to":[4,9,9],"rotation":{"angle":0,"axis":"y","origin":[8,4,8]},"faces":{"east":{"uv":[9.5,12,10,12.5],"texture":"#particle"},"west":{"uv":[10.5,12,11,12.5],"texture":"#particle"},"up":{"uv":[10.5,12,10,11.5],"texture":"#particle"},"down":{"uv":[10.5,13,10,12.5],"texture":"#particle"}}},{"from":[12,8,7],"to":[13,9,8],"rotation":{"angle":0,"axis":"y","origin":[8,4,8]},"faces":{"east":{"uv":[10.5,12,11,12.5],"texture":"#particle"},"west":{"uv":[9.5,12,10,12.5],"texture":"#particle"},"up":{"uv":[10.5,12,10,11.5],"rotation":180,"texture":"#particle"},"down":{"uv":[10.5,13,10,12.5],"rotation":180,"texture":"#particle"}}},{"from":[7,7,3],"to":[8,8,4],"rotation":{"angle":0,"axis":"y","origin":[8,4,8]},"faces":{"north":{"uv":[10,9,10.5,9.5],"texture":"#particle"},"south":{"uv":[11,9,11.5,9.5],"texture":"#particle"},"up":{"uv":[10.5,9,10,8.5],"texture":"#particle"},"down":{"uv":[10.5,10,10,9.5],"texture":"#particle"}}},{"from":[8,7,12],"to":[9,8,13],"rotation":{"angle":0,"axis":"y","origin":[8,4,8]},"faces":{"north":{"uv":[11,9,11.5,9.5],"texture":"#particle"},"south":{"uv":[10,9,10.5,9.5],"texture":"#particle"},"up":{"uv":[10.5,9,10,8.5],"rotation":180,"texture":"#particle"},"down":{"uv":[10.5,10,10,9.5],"rotation":180,"texture":"#particle"}}},{"from":[5,6,2],"to":[7,8,4],"rotation":{"angle":0,"axis":"y","origin":[8,4,8]},"faces":{"north":{"uv":[6.5,1.5,7.5,2.5],"texture":"#particle"},"east":{"uv":[5.5,1.5,6.5,2.5],"texture":"#particle"},"south":{"uv":[8.5,1.5,9.5,2.5],"texture":"#particle"},"west":{"uv":[7.5,1.5,8.5,2.5],"texture":"#particle"},"up":{"uv":[7.5,1.5,6.5,0.5],"texture":"#particle"},"down":{"uv":[7.5,3.5,6.5,2.5],"texture":"#particle"}}},{"from":[9,6,12],"to":[11,8,14],"rotation":{"angle":0,"axis":"y","origin":[8,4,8]},"faces":{"north":{"uv":[8.5,1.5,9.5,2.5],"texture":"#particle"},"east":{"uv":[7.5,1.5,8.5,2.5],"texture":"#particle"},"south":{"uv":[6.5,1.5,7.5,2.5],"texture":"#particle"},"west":{"uv":[5.5,1.5,6.5,2.5],"texture":"#particle"},"up":{"uv":[7.5,1.5,6.5,0.5],"rotation":180,"texture":"#particle"},"down":{"uv":[7.5,3.5,6.5,2.5],"rotation":180,"texture":"#particle"}}},{"from":[9,8,2],"to":[11,10,4],"rotation":{"angle":0,"axis":"y","origin":[8,4,8]},"faces":{"north":{"uv":[1.5,1.5,2.5,2.5],"texture":"#particle"},"east":{"uv":[0.5,1.5,1.5,2.5],"texture":"#particle"},"south":{"uv":[3.5,1.5,4.5,2.5],"texture":"#particle"},"west":{"uv":[2.5,1.5,3.5,2.5],"texture":"#particle"},"up":{"uv":[2.5,1.5,1.5,0.5],"texture":"#particle"},"down":{"uv":[2.5,3.5,1.5,2.5],"texture":"#particle"}}},{"from":[5,8,12],"to":[7,10,14],"rotation":{"angle":0,"axis":"y","origin":[8,4,8]},"faces":{"north":{"uv":[3.5,1.5,4.5,2.5],"texture":"#particle"},"east":{"uv":[2.5,1.5,3.5,2.5],"texture":"#particle"},"south":{"uv":[1.5,1.5,2.5,2.5],"texture":"#particle"},"west":{"uv":[0.5,1.5,1.5,2.5],"texture":"#particle"},"up":{"uv":[2.5,1.5,1.5,0.5],"rotation":180,"texture":"#particle"},"down":{"uv":[2.5,3.5,1.5,2.5],"rotation":180,"texture":"#particle"}}}],"display":{"thirdperson_righthand":{"rotation":[75,45,0],"translation":[0,2.5,-0.25],"scale":[0.55,0.55,0.55]},"firstperson_righthand":{"rotation":[0,45,0],"translation":[0.5,3,0.5],"scale":[0.4,0.4,0.4]},"ground":{"translation":[0,-1,0]},"gui":{"rotation":[30,225,0],"scale":[0.8,0.8,0.8]},"head":{"translation":[0,5.4,0],"scale":[1.6,1.6,1.6]},"fixed":{"rotation":[-90,90,0],"translation":[0,0,-4],"scale":[2,2,2]}},"gui_light":"front"}