{"textures":{"particle":"cosmetics:hats/gfx_sprout_hat"},"elements":[{"from":[7,8,7],"to":[9,13,9],"rotation":{"angle":0,"axis":"y","origin":[15,16,15]},"faces":{"north":{"uv":[8,3,10,8],"texture":"#particle"},"east":{"uv":[8,3,10,8],"texture":"#particle"},"south":{"uv":[8,3,10,8],"texture":"#particle"},"west":{"uv":[8,3,10,8],"texture":"#particle"},"up":{"uv":[10,3,8,1],"texture":"#particle"},"down":{"uv":[10,10,8,8],"texture":"#particle"}}},{"from":[2,12,6],"to":[7,13,10],"rotation":{"angle":-22.5,"axis":"x","origin":[4.5,12.5,8]},"faces":{"north":{"uv":[1,5,6,6],"texture":"#particle"},"east":{"uv":[10,12,14,13],"texture":"#particle"},"south":{"uv":[5,12,10,13],"texture":"#particle"},"west":{"uv":[1,12,5,13],"texture":"#particle"},"up":{"uv":[6,5,1,1],"texture":"#particle"},"down":{"uv":[6,10,1,6],"texture":"#particle"}}},{"from":[7.56066,12.06066,7.5],"to":[12.56066,16.06066,8.5],"rotation":{"angle":45,"axis":"z","origin":[10.06066,14.06066,8]},"faces":{"north":{"uv":[6,5,1,1],"texture":"#particle"},"east":{"uv":[1,12,5,13],"rotation":90,"texture":"#particle"},"south":{"uv":[6,10,1,6],"rotation":180,"texture":"#particle"},"west":{"uv":[10,12,14,13],"rotation":270,"texture":"#particle"},"up":{"uv":[1,5,6,6],"texture":"#particle"},"down":{"uv":[5,12,10,13],"rotation":180,"texture":"#particle"}}}],"display":{"thirdperson_righthand":{"rotation":[45,22.5,0],"translation":[0,-0.5,0],"scale":[0.55,0.55,0.55]},"firstperson_righthand":{"rotation":[0,135,0],"translation":[0.5,1.5,1],"scale":[0.4,0.4,0.4]},"ground":{"translation":[0,-3,0]},"gui":{"rotation":[30,225,0],"translation":[-1,-4.5,0],"scale":[1.25,1.25,1.25]},"head":{"translation":[0,6.4,0],"scale":[1.6,1.6,1.6]},"fixed":{"rotation":[-90,0,0],"translation":[0,0,0],"scale":[2,2,2]}},"gui_light":"front"}