{"textures":{"particle":"cosmetics:hats/gfx_staff_headdressb"},"elements":[{"from":[3,4,6],"to":[4,9,9],"rotation":{"angle":0,"axis":"y","origin":[11,12,15]},"faces":{"north":{"uv":[9.5,2,10,4.5],"texture":"#particle"},"east":{"uv":[8,2,9.5,4.5],"texture":"#particle"},"south":{"uv":[11.5,2,12,4.5],"texture":"#particle"},"west":{"uv":[10,2,11.5,4.5],"texture":"#particle"},"up":{"uv":[10,2,9.5,0.5],"texture":"#particle"},"down":{"uv":[10,6,9.5,4.5],"texture":"#particle"}}},{"from":[12,4,6],"to":[13,9,9],"rotation":{"angle":0,"axis":"y","origin":[5,12,15]},"faces":{"north":{"uv":[10,2,9.5,4.5],"texture":"#particle"},"east":{"uv":[11.5,2,10,4.5],"texture":"#particle"},"south":{"uv":[12,2,11.5,4.5],"texture":"#particle"},"west":{"uv":[9.5,2,8,4.5],"texture":"#particle"},"up":{"uv":[9.5,2,10,0.5],"texture":"#particle"},"down":{"uv":[9.5,6,10,4.5],"texture":"#particle"}}},{"from":[-1,8,7],"to":[5,10,8],"rotation":{"angle":0,"axis":"y","origin":[9,13,15]},"faces":{"north":{"uv":[6.5,11,9.5,12],"texture":"#particle"},"east":{"uv":[6,11,6.5,12],"texture":"#particle"},"south":{"uv":[10,11,13,12],"texture":"#particle"},"west":{"uv":[9.5,11,10,12],"texture":"#particle"},"up":{"uv":[9.5,11,6.5,10.5],"texture":"#particle"},"down":{"uv":[9.5,12.5,6.5,12],"texture":"#particle"}}},{"from":[11,8,7],"to":[17,10,8],"rotation":{"angle":0,"axis":"y","origin":[7,13,15]},"faces":{"north":{"uv":[9.5,11,6.5,12],"texture":"#particle"},"east":{"uv":[10,11,9.5,12],"texture":"#particle"},"south":{"uv":[13,11,10,12],"texture":"#particle"},"west":{"uv":[6.5,11,6,12],"texture":"#particle"},"up":{"uv":[6.5,11,9.5,10.5],"texture":"#particle"},"down":{"uv":[6.5,12.5,9.5,12],"texture":"#particle"}}},{"from":[0,5,7],"to":[3,7,8],"rotation":{"angle":0,"axis":"y","origin":[10,10,15]},"faces":{"north":{"uv":[4,14,5.5,15],"texture":"#particle"},"south":{"uv":[6,14,7.5,15],"texture":"#particle"},"west":{"uv":[5.5,14,6,15],"texture":"#particle"},"up":{"uv":[5.5,14,4,13.5],"texture":"#particle"},"down":{"uv":[5.5,15.5,4,15],"texture":"#particle"}}},{"from":[13,5,7],"to":[16,7,8],"rotation":{"angle":0,"axis":"y","origin":[6,10,15]},"faces":{"north":{"uv":[5.5,14,4,15],"texture":"#particle"},"east":{"uv":[6,14,5.5,15],"texture":"#particle"},"south":{"uv":[7.5,14,6,15],"texture":"#particle"},"up":{"uv":[4,14,5.5,13.5],"texture":"#particle"},"down":{"uv":[4,15.5,5.5,15],"texture":"#particle"}}},{"from":[7,5,3],"to":[9,6,4],"rotation":{"angle":0,"axis":"y","origin":[16,12,12]},"faces":{"north":{"uv":[0.5,14,1.5,14.5],"texture":"#particle"},"east":{"uv":[2,14,1.5,14.5],"texture":"#particle"},"south":{"uv":[2,14,3,14.5],"texture":"#particle"},"west":{"uv":[1.5,14,2,14.5],"texture":"#particle"},"down":{"uv":[1.5,15,0.5,14.5],"texture":"#particle"}}},{"from":[6,6,3],"to":[10,10,4],"rotation":{"angle":0,"axis":"y","origin":[16,13,12]},"faces":{"north":{"uv":[0.5,10.5,2.5,12.5],"texture":"#particle"},"east":{"uv":[3,10.5,2.5,12.5],"texture":"#particle"},"south":{"uv":[3,10.5,5,12.5],"texture":"#particle"},"west":{"uv":[2.5,10.5,3,12.5],"texture":"#particle"},"up":{"uv":[2.5,10.5,0.5,10],"texture":"#particle"},"down":{"uv":[2.5,13,0.5,12.5],"texture":"#particle"}}},{"from":[6,9,4],"to":[10,10,6],"rotation":{"angle":0,"axis":"y","origin":[16,13,13]},"faces":{"east":{"uv":[1.5,8.5,0.5,9],"texture":"#particle"},"south":{"uv":[1.5,8.5,3.5,9],"texture":"#particle"},"west":{"uv":[0.5,8.5,1.5,9],"texture":"#particle"},"up":{"uv":[1.5,7.5,3.5,8.5],"texture":"#particle"}}},{"from":[4,8,4],"to":[12,9,9],"rotation":{"angle":0,"axis":"y","origin":[14,13,13]},"faces":{"north":{"uv":[0.5,3,4.5,3.5],"texture":"#particle"},"east":{"uv":[7,3,4.5,3.5],"texture":"#particle"},"south":{"uv":[4.5,6.5,0.5,6],"texture":"#particle"},"west":{"uv":[4.5,3,7,3.5],"texture":"#particle"},"up":{"uv":[4.5,3,0.5,0.5],"texture":"#particle"},"down":{"uv":[4.5,6,0.5,3.5],"texture":"#particle"}}},{"from":[4,8,9],"to":[7,9,11],"rotation":{"angle":0,"axis":"y","origin":[14,13,14]},"faces":{"east":{"uv":[11.5,8,12.5,8.5],"texture":"#particle"},"south":{"uv":[10,8,11.5,8.5],"texture":"#particle"},"west":{"uv":[9,8,10,8.5],"texture":"#particle"},"up":{"uv":[10,7,11.5,8],"texture":"#particle"},"down":{"uv":[10,8.5,11.5,9.5],"texture":"#particle"}}},{"from":[9,8,9],"to":[12,9,11],"rotation":{"angle":0,"axis":"y","origin":[19,13,14]},"faces":{"east":{"uv":[7,8,8,8.5],"texture":"#particle"},"south":{"uv":[5.5,8,7,8.5],"texture":"#particle"},"west":{"uv":[4.5,8,5.5,8.5],"texture":"#particle"},"up":{"uv":[5.5,7,7,8],"texture":"#particle"},"down":{"uv":[5.5,8.5,7,9.5],"texture":"#particle"}}}],"display":{"thirdperson_righthand":{"rotation":[75,45,0],"translation":[0,2.5,-0.25],"scale":[0.55,0.55,0.55]},"thirdperson_lefthand":{"rotation":[75,45,0],"translation":[0,2.5,-0.25],"scale":[0.55,0.55,0.55]},"firstperson_righthand":{"rotation":[0,135,0],"translation":[0,2.5,0.5],"scale":[0.4,0.4,0.4]},"firstperson_lefthand":{"rotation":[0,135,0],"translation":[0,2.5,0.5],"scale":[0.4,0.4,0.4]},"gui":{"rotation":[30,225,0],"translation":[0,0.5,0],"scale":[0.8,0.8,0.8]},"head":{"translation":[0,6.4,0],"scale":[1.6,1.6,1.6]},"fixed":{"scale":[2,2,2]}},"gui_light":"front"}