{"textures":{"particle":"cosmetics:hats/gfx_staff_wizard_hatb"},"elements":[{"from":[0.5,5,0.5],"to":[14.5,6,14.5],"rotation":{"angle":0,"axis":"y","origin":[12,13,11]},"faces":{"north":{"uv":[0.25,3.75,3.75,4],"texture":"#particle"},"east":{"uv":[0.25,8.25,3.75,8.5],"texture":"#particle"},"south":{"uv":[3.75,7.75,0.25,7.5],"texture":"#particle"},"west":{"uv":[0.25,9,3.75,9.25],"texture":"#particle"},"up":{"uv":[3.75,3.75,0.25,0.25],"texture":"#particle"},"down":{"uv":[3.75,7.5,0.25,4],"texture":"#particle"}}},{"from":[14.5,5,1.5],"to":[15.5,6,15.5],"rotation":{"angle":0,"axis":"y","origin":[12,13,11]},"faces":{"north":{"uv":[4.25,3.75,4.5,4],"texture":"#particle"},"east":{"uv":[0.25,9.75,3.75,10],"texture":"#particle"},"south":{"uv":[4.5,7.75,4.25,7.5],"texture":"#particle"},"up":{"uv":[4.5,3.75,4.25,0.25],"texture":"#particle"},"down":{"uv":[4.5,7.5,4.25,4],"texture":"#particle"}}},{"from":[1.5,5,14.5],"to":[14.5,6,15.5],"rotation":{"angle":0,"axis":"y","origin":[12,13,11]},"faces":{"south":{"uv":[3.5,11,0.25,10.75],"texture":"#particle"},"west":{"uv":[3.75,11,3.5,10.75],"texture":"#particle"},"up":{"uv":[3.5,11.25,0.25,11],"texture":"#particle"},"down":{"uv":[3.5,10.75,0.25,10.5],"texture":"#particle"}}},{"from":[3.5,6,3.5],"to":[12.5,9,12.5],"rotation":{"angle":0,"axis":"y","origin":[12,13,11]},"faces":{"north":{"uv":[7.25,0.25,9.5,1],"texture":"#particle"},"east":{"uv":[5,0.25,7.25,1],"texture":"#particle"},"south":{"uv":[11.75,0.25,14,1],"texture":"#particle"},"west":{"uv":[9.5,0.25,11.75,1],"texture":"#particle"},"up":{"uv":[15,3.75,12.75,1.5],"texture":"#particle"}}},{"from":[4.5,9,4.5],"to":[11.5,13,11.5],"rotation":{"angle":22.5,"axis":"z","origin":[11.5,9,8]},"faces":{"north":{"uv":[6.75,1.5,8.5,2.5],"texture":"#particle"},"east":{"uv":[5,1.5,6.75,2.5],"texture":"#particle"},"south":{"uv":[10.25,1.5,12,2.5],"texture":"#particle"},"west":{"uv":[8.5,1.5,10.25,2.5],"texture":"#particle"},"up":{"uv":[12.25,4.75,10.5,3],"texture":"#particle"}}},{"from":[4.42599,10.39942,5.5],"to":[9.42599,14.39942,10.5],"rotation":{"angle":0,"axis":"z","origin":[4.42599,10.39942,8]},"faces":{"north":{"uv":[6.25,3,7.5,4],"texture":"#particle"},"east":{"uv":[5,3,6.25,4],"texture":"#particle"},"south":{"uv":[8.75,3,10,4],"texture":"#particle"},"west":{"uv":[7.5,3,8.75,4],"texture":"#particle"},"up":{"uv":[9.75,5.75,8.5,4.5],"texture":"#particle"}}},{"from":[5.42599,14.39942,6.5],"to":[8.42599,19.39942,9.5],"rotation":{"angle":-22.5,"axis":"z","origin":[5.42599,14.39942,8]},"faces":{"north":{"uv":[5.75,4.5,6.5,5.75],"texture":"#particle"},"east":{"uv":[5,4.5,5.75,5.75],"texture":"#particle"},"south":{"uv":[7.25,4.5,8,5.75],"texture":"#particle"},"west":{"uv":[6.5,4.5,7.25,5.75],"texture":"#particle"},"up":{"uv":[15.25,1,14.5,0.25],"texture":"#particle"}}},{"from":[8.26329,18.63613,7.5],"to":[9.26329,21.63613,8.5],"rotation":{"angle":-45,"axis":"z","origin":[8.26329,18.63613,8]},"faces":{"north":{"uv":[5.25,6.5,5.5,7.25],"texture":"#particle"},"east":{"uv":[5,6.5,5.25,7.25],"texture":"#particle"},"south":{"uv":[5.75,6.5,6,7.25],"texture":"#particle"},"west":{"uv":[5.5,6.5,5.75,7.25],"texture":"#particle"},"up":{"uv":[5.5,6.5,5.25,6.25],"texture":"#particle"}}}],"display":{"thirdperson_righthand":{"rotation":[75,45,0],"translation":[0,2.5,0.5],"scale":[0.55,0.55,0.55]},"thirdperson_lefthand":{"rotation":[75,45,0],"translation":[0,2.5,0.5],"scale":[0.55,0.55,0.55]},"firstperson_righthand":{"rotation":[0,45,0],"translation":[0,2,0.5],"scale":[0.4,0.4,0.4]},"firstperson_lefthand":{"rotation":[0,45,0],"translation":[0,2,0.5],"scale":[0.4,0.4,0.4]},"ground":{"translation":[0,1,0]},"gui":{"rotation":[30,225,0],"translation":[0,-1,0],"scale":[0.7,0.7,0.7]},"head":{"translation":[0,6.45,0],"scale":[1.61,1.61,1.61]},"fixed":{"rotation":[-90,0,0],"translation":[0,0,-6.25],"scale":[2,2,2]}},"gui_light":"front"}