{"textures":{"particle":"cosmetics:hats/gfx_staff_porkpie_hatb"},"elements":[{"from":[2,5,2],"to":[14,6,14],"rotation":{"angle":0,"axis":"y","origin":[11,13,11]},"faces":{"north":{"uv":[0.5,6.5,6.5,7],"texture":"#particle"},"east":{"uv":[0.5,6.5,6.5,7],"texture":"#particle"},"south":{"uv":[0.5,6.5,6.5,7],"texture":"#particle"},"west":{"uv":[0.5,6.5,6.5,7],"texture":"#particle"},"up":{"uv":[6.5,6.5,0.5,0.5],"texture":"#particle"},"down":{"uv":[6.5,13,0.5,7],"texture":"#particle"}}},{"from":[3.5,6,3.5],"to":[12.5,9,12.5],"rotation":{"angle":0,"axis":"y","origin":[8,8.5,8]},"faces":{"north":{"uv":[7.5,0.5,12,2],"texture":"#particle"},"east":{"uv":[7.5,0.5,12,2],"texture":"#particle"},"south":{"uv":[7.5,0.5,12,2],"texture":"#particle"},"west":{"uv":[7.5,3,12,4.5],"texture":"#particle"}}},{"from":[3,6,5.5],"to":[4,8,10.5],"rotation":{"angle":0,"axis":"y","origin":[7.5,8.5,8]},"faces":{"north":{"uv":[7.5,8,8,9],"texture":"#particle"},"south":{"uv":[10.5,8,11,9],"texture":"#particle"},"west":{"uv":[8,8,10.5,9],"texture":"#particle"},"up":{"uv":[13.5,3,13,0.5],"texture":"#particle"}}},{"from":[4.5,8.5,4.5],"to":[11.5,9.5,11.5],"rotation":{"angle":0,"axis":"y","origin":[8,9,8]},"faces":{"up":{"uv":[11,13.5,7.5,10],"texture":"#particle"}}},{"from":[3.5,9,3.5],"to":[11.5,10,4.5],"rotation":{"angle":0,"axis":"y","origin":[8,8.5,8]},"faces":{"north":{"uv":[7.5,6.5,11.5,7],"texture":"#particle"},"south":{"uv":[11.5,6,7.5,5.5],"texture":"#particle"},"west":{"uv":[11.5,6.5,12,7],"texture":"#particle"},"up":{"uv":[11.5,6.5,7.5,6],"texture":"#particle"}}},{"from":[11.5,9,3.5],"to":[12.5,10,11.5],"rotation":{"angle":0,"axis":"y","origin":[8,8.5,8]},"faces":{"north":{"uv":[11.5,6.5,12,7],"texture":"#particle"},"east":{"uv":[7.5,6.5,11.5,7],"texture":"#particle"},"west":{"uv":[11.5,6,7.5,5.5],"texture":"#particle"},"up":{"uv":[11.5,6.5,7.5,6],"rotation":90,"texture":"#particle"}}},{"from":[4.5,9,11.5],"to":[12.5,10,12.5],"rotation":{"angle":0,"axis":"y","origin":[8,8.5,8]},"faces":{"north":{"uv":[11.5,6,7.5,5.5],"texture":"#particle"},"east":{"uv":[11.5,6.5,12,7],"texture":"#particle"},"south":{"uv":[7.5,6.5,11.5,7],"texture":"#particle"},"up":{"uv":[11.5,6.5,7.5,6],"rotation":180,"texture":"#particle"}}},{"from":[3.5,9,4.5],"to":[4.5,10,12.5],"rotation":{"angle":0,"axis":"y","origin":[8,8.5,8]},"faces":{"east":{"uv":[11.5,6,7.5,5.5],"texture":"#particle"},"south":{"uv":[11.5,6.5,12,7],"texture":"#particle"},"west":{"uv":[7.5,6.5,11.5,7],"texture":"#particle"},"up":{"uv":[11.5,6.5,7.5,6],"rotation":270,"texture":"#particle"}}}],"display":{"thirdperson_righthand":{"rotation":[75,-45,0],"translation":[0,2.5,-0.25],"scale":[0.55,0.55,0.55]},"thirdperson_lefthand":{"rotation":[75,45,0],"translation":[0,2.5,-0.25],"scale":[0.55,0.55,0.55]},"firstperson_righthand":{"rotation":[0,45,0],"translation":[1,2.5,0.5],"scale":[0.4,0.4,0.4]},"firstperson_lefthand":{"rotation":[0,45,0],"translation":[1,2.5,0.5],"scale":[0.4,0.4,0.4]},"gui":{"rotation":[30,225,0],"translation":[0,0.5,0],"scale":[0.8,0.8,0.8]},"head":{"translation":[0,6.45,0],"scale":[1.61,1.61,1.61]},"fixed":{"rotation":[-90,0,0],"translation":[0,0,-6],"scale":[2,2,2]}},"gui_light":"front"}