{"textures":{"particle":"cosmetics:hats/gfx_staff_squid_hatb"},"elements":[{"from":[3,5,3],"to":[13,13,13],"rotation":{"angle":0,"axis":"y","origin":[11,14,12]},"faces":{"north":{"uv":[0.33333,3.66667,3.66667,6.33333],"texture":"#particle"},"east":{"uv":[4.33333,0.33333,7.66667,3],"texture":"#particle"},"south":{"uv":[7.66667,0.33333,11,3],"texture":"#particle"},"west":{"uv":[4.33333,0.33333,7.66667,3],"texture":"#particle"},"up":{"uv":[3.66667,3.66667,0.33333,0.33333],"texture":"#particle"},"down":{"uv":[3.66667,9.66667,0.33333,6.33333],"texture":"#particle"}}},{"from":[3.00625,0,5],"to":[5.00625,5,7],"rotation":{"angle":-22.5,"axis":"x","origin":[4.00625,5,5]},"faces":{"north":{"uv":[1,10.33333,1.66667,12],"texture":"#particle"},"east":{"uv":[0.33333,10.33333,1,12],"texture":"#particle"},"south":{"uv":[2.33333,10.33333,3,12],"texture":"#particle"},"west":{"uv":[1.66667,10.33333,2.33333,12],"texture":"#particle"},"down":{"uv":[1.66667,12.66667,1,12],"texture":"#particle"}}},{"from":[10.99375,0,5],"to":[12.99375,5,7],"rotation":{"angle":-22.5,"axis":"x","origin":[11.99375,5,5]},"faces":{"north":{"uv":[1.66667,10.33333,1,12],"texture":"#particle"},"east":{"uv":[2.33333,10.33333,1.66667,12],"texture":"#particle"},"south":{"uv":[3,10.33333,2.33333,12],"texture":"#particle"},"west":{"uv":[1,10.33333,0.33333,12],"texture":"#particle"},"down":{"uv":[1,12.66667,1.66667,12],"texture":"#particle"}}},{"from":[3.00625,0,9],"to":[5.00625,5,11],"rotation":{"angle":-22.5,"axis":"x","origin":[4.00625,5,9]},"faces":{"north":{"uv":[1,13.33333,1.66667,15],"texture":"#particle"},"east":{"uv":[0.33333,13.33333,1,15],"texture":"#particle"},"south":{"uv":[2.33333,13.33333,3,15],"texture":"#particle"},"west":{"uv":[1.66667,13.33333,2.33333,15],"texture":"#particle"},"down":{"uv":[1.66667,15.66667,1,15],"texture":"#particle"}}},{"from":[10.99375,0,9],"to":[12.99375,5,11],"rotation":{"angle":-22.5,"axis":"x","origin":[11.99375,5,9]},"faces":{"north":{"uv":[1.66667,13.33333,1,15],"texture":"#particle"},"east":{"uv":[2.33333,13.33333,1.66667,15],"texture":"#particle"},"south":{"uv":[3,13.33333,2.33333,15],"texture":"#particle"},"west":{"uv":[1,13.33333,0.33333,15],"texture":"#particle"},"down":{"uv":[1,15.66667,1.66667,15],"texture":"#particle"}}},{"from":[3,7,2],"to":[7,11,3],"rotation":{"angle":0,"axis":"y","origin":[11,14,2]},"faces":{"north":{"uv":[14,5,15.33333,6.33333],"texture":"#particle"},"east":{"uv":[13.66667,5,14,6.33333],"texture":"#particle"},"west":{"uv":[15.33333,5,15.66667,6.33333],"texture":"#particle"},"up":{"uv":[15.33333,5,14,4.66667],"texture":"#particle"},"down":{"uv":[15.33333,6.66667,14,6.33333],"texture":"#particle"}}},{"from":[9,7,2],"to":[13,11,3],"rotation":{"angle":0,"axis":"y","origin":[17,14,2]},"faces":{"north":{"uv":[14,5,15.33333,6.33333],"texture":"#particle"},"east":{"uv":[13.66667,5,14,6.33333],"texture":"#particle"},"west":{"uv":[15.33333,5,15.66667,6.33333],"texture":"#particle"},"up":{"uv":[15.33333,5,14,4.66667],"texture":"#particle"},"down":{"uv":[15.33333,6.66667,14,6.33333],"texture":"#particle"}}},{"from":[3,11,6.5],"to":[13,21,9.5],"rotation":{"angle":45,"axis":"z","origin":[8,16,8.5]},"faces":{"north":{"uv":[5.33333,4.66667,8.66667,8],"texture":"#particle"},"east":{"uv":[4.33333,4.66667,5.33333,8],"texture":"#particle"},"south":{"uv":[9.66667,4.66667,13,8],"texture":"#particle"},"west":{"uv":[8.66667,4.66667,9.66667,8],"texture":"#particle"},"up":{"uv":[8.66667,4.66667,5.33333,3.66667],"texture":"#particle"},"down":{"uv":[8.66667,9,5.33333,8],"texture":"#particle"}}},{"from":[0.9724,7.19342,7],"to":[4.9724,14.19342,9],"rotation":{"angle":22.5,"axis":"z","origin":[2.4724,12.19342,8]},"faces":{"north":{"uv":[11.66667,1,13,3.33333],"texture":"#particle"},"south":{"uv":[13.66667,1,15,3.33333],"texture":"#particle"},"west":{"uv":[13,1,13.66667,3.33333],"texture":"#particle"},"up":{"uv":[13,1,11.66667,0.33333],"texture":"#particle"}}},{"from":[11.0276,7.19342,7],"to":[15.0276,14.19342,9],"rotation":{"angle":-22.5,"axis":"z","origin":[13.5276,12.19342,8]},"faces":{"north":{"uv":[13,1,11.66667,3.33333],"texture":"#particle"},"east":{"uv":[13.66667,1,13,3.33333],"texture":"#particle"},"south":{"uv":[15,1,13.66667,3.33333],"texture":"#particle"},"up":{"uv":[11.66667,1,13,0.33333],"texture":"#particle"}}}],"display":{"thirdperson_righthand":{"rotation":[75,45,0],"translation":[0,2.5,-0.25],"scale":[0.55,0.55,0.55]},"thirdperson_lefthand":{"rotation":[75,45,0],"translation":[0,2.5,-0.25],"scale":[0.55,0.55,0.55]},"firstperson_righthand":{"rotation":[0,45,0],"translation":[1,3,0.5],"scale":[0.4,0.4,0.4]},"firstperson_lefthand":{"rotation":[0,45,0],"translation":[1,3,0.5],"scale":[0.4,0.4,0.4]},"ground":{"translation":[0,4,0]},"gui":{"rotation":[30,225,0],"translation":[0,-1.5,0],"scale":[0.65,0.65,0.65]},"head":{"rotation":[8,0,0],"translation":[0,5.5,0.65],"scale":[1.61,1.61,1.61]},"fixed":{"rotation":[-90,0,0],"translation":[0,-0.5,-15.5],"scale":[2,2,2]}},"gui_light":"front"}