{"textures":{"particle":"cosmetics:hats/gfx_staff_bandanab"},"elements":[{"from":[3,5,3],"to":[13,7,4],"faces":{"north":{"uv":[1,4,6,5],"texture":"#particle"},"east":{"uv":[0.5,4,1,5],"texture":"#particle"},"south":{"uv":[6.5,4,11.5,5],"texture":"#particle"},"west":{"uv":[6,4,6.5,5],"texture":"#particle"},"up":{"uv":[6,4,1,3.5],"texture":"#particle"},"down":{"uv":[6,5.5,1,5],"texture":"#particle"}}},{"from":[3,5,12],"to":[13,7,13],"faces":{"north":{"uv":[1,1,6,2],"texture":"#particle"},"east":{"uv":[0.5,1,1,2],"texture":"#particle"},"south":{"uv":[6.5,1,11.5,2],"texture":"#particle"},"west":{"uv":[6,1,6.5,2],"texture":"#particle"},"up":{"uv":[6,1,1,0.5],"texture":"#particle"},"down":{"uv":[6,2.5,1,2],"texture":"#particle"}}},{"from":[8,6,12],"to":[10,8,14],"faces":{"north":{"uv":[6.5,12,7.5,13],"texture":"#particle"},"east":{"uv":[5.5,12,6.5,13],"texture":"#particle"},"south":{"uv":[8.5,12,9.5,13],"texture":"#particle"},"west":{"uv":[7.5,12,8.5,13],"texture":"#particle"},"up":{"uv":[7.5,12,6.5,11],"texture":"#particle"},"down":{"uv":[7.5,14,6.5,13],"texture":"#particle"}}},{"from":[6,4,12],"to":[8,6,14],"faces":{"north":{"uv":[12.5,7.5,13.5,8.5],"texture":"#particle"},"east":{"uv":[11.5,7.5,12.5,8.5],"texture":"#particle"},"south":{"uv":[14.5,7.5,15.5,8.5],"texture":"#particle"},"west":{"uv":[13.5,7.5,14.5,8.5],"texture":"#particle"},"up":{"uv":[13.5,7.5,12.5,6.5],"texture":"#particle"},"down":{"uv":[13.5,9.5,12.5,8.5],"texture":"#particle"}}},{"from":[3,5,4],"to":[4,7,12],"faces":{"east":{"uv":[0.5,10.5,4.5,11.5],"texture":"#particle"},"west":{"uv":[0.5,12.5,4.5,13.5],"texture":"#particle"},"up":{"uv":[9,10,8.5,6.5],"texture":"#particle"},"down":{"uv":[10.5,10,10,6.5],"texture":"#particle"}}},{"from":[12,5,4],"to":[13,7,12],"faces":{"east":{"uv":[0.5,6.5,4.5,7.5],"texture":"#particle"},"west":{"uv":[0.5,8.5,4.5,9.5],"texture":"#particle"},"up":{"uv":[6,10,5.5,6.5],"texture":"#particle"},"down":{"uv":[7.5,10,7,6.5],"texture":"#particle"}}}],"display":{"thirdperson_righthand":{"rotation":[75,45,0],"translation":[0,2.5,0],"scale":[0.55,0.55,0.55]},"thirdperson_lefthand":{"rotation":[75,45,0],"translation":[0,2.5,0],"scale":[0.55,0.55,0.55]},"firstperson_righthand":{"rotation":[0,45,0],"translation":[0,2.5,0.5],"scale":[0.4,0.4,0.4]},"firstperson_lefthand":{"rotation":[0,45,0],"translation":[0,2.5,0.5],"scale":[0.4,0.4,0.4]},"gui":{"rotation":[30,225,0],"translation":[0,1,0],"scale":[0.8,0.8,0.8]},"head":{"translation":[0,6.4,0],"scale":[1.6,1.6,1.6]},"fixed":{"rotation":[-90,0,0],"translation":[0,0,-8],"scale":[2,2,2]}},"gui_light":"front"}