{"textures":{"particle":"cosmetics:hats/gfx_staff_mecha_helmetb"},"elements":[{"from":[3.5,1.5,3.5],"to":[12.5,8.5,12.5],"faces":{"north":{"uv":[0.25,2.5,2.5,4.25],"texture":"#particle"},"east":{"uv":[4.75,2.5,2.5,4.25],"texture":"#particle"},"south":{"uv":[4.75,2.5,7,4.25],"texture":"#particle"},"west":{"uv":[2.5,2.5,4.75,4.25],"texture":"#particle"},"up":{"uv":[2.5,2.5,0.25,0.25],"texture":"#particle"}}},{"from":[4.5,1.5,12.5],"to":[11.5,8.5,13.5],"faces":{"east":{"uv":[0.5,5.25,0.25,7],"texture":"#particle"},"south":{"uv":[0.5,5.25,2.25,7],"texture":"#particle"},"west":{"uv":[0.25,5.25,0.5,7],"texture":"#particle"},"up":{"uv":[0.5,5,2.25,5.25],"texture":"#particle"}}},{"from":[2.5,-0.5,3.5],"to":[13.5,1.5,12.5],"faces":{"north":{"uv":[7.5,2.5,10.25,3],"texture":"#particle"},"east":{"uv":[12.5,2.5,10.25,3],"texture":"#particle"},"south":{"uv":[12.5,2.5,15.25,3],"texture":"#particle"},"west":{"uv":[10.25,2.5,12.5,3],"texture":"#particle"},"up":{"uv":[10.25,2.5,7.5,0.25],"texture":"#particle"},"down":{"uv":[10.25,5.25,7.5,3],"texture":"#particle"}}},{"from":[3.5,-0.5,12.5],"to":[12.5,1.5,13.5],"faces":{"east":{"uv":[11,0.5,10.75,1],"texture":"#particle"},"south":{"uv":[11,0.5,13.25,1],"texture":"#particle"},"west":{"uv":[10.75,0.5,11,1],"texture":"#particle"},"up":{"uv":[11,0.25,13.25,0.5],"texture":"#particle"},"down":{"uv":[11,1,13.25,1.25],"texture":"#particle"}}},{"from":[5.5,6.5,2.5],"to":[10.5,10.5,12.5],"faces":{"north":{"uv":[10.75,6,12,7],"texture":"#particle"},"east":{"uv":[14.5,6,12,7],"texture":"#particle"},"south":{"uv":[14.5,6,15.75,7],"texture":"#particle"},"west":{"uv":[12,6,14.5,7],"texture":"#particle"},"up":{"uv":[12,6,10.75,3.5],"texture":"#particle"}}},{"from":[5.5,-0.5,1.5],"to":[10.5,3.5,3.5],"faces":{"north":{"uv":[0.25,8,1.5,9],"texture":"#particle"},"east":{"uv":[2,8,1.5,9],"texture":"#particle"},"west":{"uv":[1.5,8,2,9],"texture":"#particle"},"up":{"uv":[1.5,8,0.25,7.5],"texture":"#particle"},"down":{"uv":[1.5,9.5,0.25,9],"texture":"#particle"}}},{"from":[3.5,5.5,1.5],"to":[12.5,6.5,3.5],"faces":{"north":{"uv":[3,0.75,5.25,1],"texture":"#particle"},"east":{"uv":[5.75,0.75,5.25,1],"texture":"#particle"},"west":{"uv":[5.25,0.75,5.75,1],"texture":"#particle"},"up":{"uv":[5.25,0.75,3,0.25],"texture":"#particle"},"down":{"uv":[5.25,1.5,3,1],"texture":"#particle"}}},{"from":[2.5,2.5,6.5],"to":[13.5,5.5,9.5],"faces":{"north":{"uv":[3,5.75,5.75,6.5],"texture":"#particle"},"east":{"uv":[6.5,5.75,5.75,6.5],"texture":"#particle"},"south":{"uv":[6.5,5.75,9.25,6.5],"texture":"#particle"},"west":{"uv":[5.75,5.75,6.5,6.5],"texture":"#particle"},"up":{"uv":[5.75,5.75,3,5],"texture":"#particle"},"down":{"uv":[5.75,7.25,3,6.5],"texture":"#particle"}}},{"from":[1.5,3.5,7.5],"to":[14.5,4.5,8.5],"faces":{"north":{"uv":[6.25,7,9.5,7.25],"texture":"#particle"},"east":{"uv":[9.75,7,9.5,7.25],"texture":"#particle"},"south":{"uv":[9.5,7.25,6.25,7],"texture":"#particle"},"west":{"uv":[9.5,7,9.75,7.25],"texture":"#particle"},"up":{"uv":[9.5,7.25,6.25,7],"texture":"#particle"},"down":{"uv":[9.5,7.25,6.25,7],"texture":"#particle"}}},{"from":[2.5,5.5,7.5],"to":[3.5,9.5,9.5],"faces":{"north":{"uv":[13,4,13.25,5],"texture":"#particle"},"east":{"uv":[12.5,4,13,5],"texture":"#particle"},"south":{"uv":[13.75,4,14,5],"texture":"#particle"},"west":{"uv":[13.25,4,13.75,5],"texture":"#particle"},"up":{"uv":[13.25,4,13,3.5],"texture":"#particle"}}},{"from":[12.5,5.5,7.5],"to":[13.5,9.5,9.5],"faces":{"north":{"uv":[13.25,4,13,5],"texture":"#particle"},"east":{"uv":[13.75,4,13.25,5],"texture":"#particle"},"south":{"uv":[14,4,13.75,5],"texture":"#particle"},"west":{"uv":[13,4,12.5,5],"texture":"#particle"},"up":{"uv":[13,4,13.25,3.5],"texture":"#particle"}}},{"from":[2.5,9.5,7.5],"to":[3.5,14.5,8.5],"faces":{"north":{"uv":[14.75,3.75,15,5],"texture":"#particle"},"east":{"uv":[14.5,3.75,14.75,5],"texture":"#particle"},"south":{"uv":[15.25,3.75,15.5,5],"texture":"#particle"},"west":{"uv":[15,3.75,15.25,5],"texture":"#particle"},"up":{"uv":[15,3.75,14.75,3.5],"texture":"#particle"}}},{"from":[12.5,9.5,7.5],"to":[13.5,14.5,8.5],"faces":{"north":{"uv":[15,3.75,14.75,5],"texture":"#particle"},"east":{"uv":[15.25,3.75,15,5],"texture":"#particle"},"south":{"uv":[15.5,3.75,15.25,5],"texture":"#particle"},"west":{"uv":[14.75,3.75,14.5,5],"texture":"#particle"},"up":{"uv":[14.75,3.75,15,3.5],"texture":"#particle"}}}],"display":{"thirdperson_righthand":{"rotation":[75,45,0],"translation":[0,2.5,-0.25],"scale":[0.55,0.55,0.55]},"thirdperson_lefthand":{"rotation":[75,45,0],"translation":[0,2.5,-0.25],"scale":[0.55,0.55,0.55]},"firstperson_righthand":{"rotation":[0,45,0],"translation":[0,3,0.5],"scale":[0.4,0.4,0.4]},"firstperson_lefthand":{"rotation":[0,45,0],"translation":[0,3,0.5],"scale":[0.4,0.4,0.4]},"ground":{"translation":[0,6,0]},"gui":{"rotation":[30,225,0],"translation":[0,1.5,0],"scale":[0.8,0.8,0.8]},"head":{"translation":[0,6.4,0],"scale":[1.61,1.61,1.61]},"fixed":{"rotation":[-90,0,0],"translation":[0,1,-17],"scale":[2,2,2]}},"gui_light":"front"}