{"textures":{"particle":"cosmetics:hats/gfx_stitch_hat"},"elements":[{"from":[3,5,3],"to":[13,10,13],"rotation":{"angle":0,"axis":"y","origin":[11,13,11]},"faces":{"north":{"uv":[0.5,5.5,5.5,8],"texture":"#particle"},"east":{"uv":[10.5,5.5,5.5,8],"texture":"#particle"},"south":{"uv":[10.5,5.5,15.5,8],"texture":"#particle"},"west":{"uv":[5.5,5.5,10.5,8],"texture":"#particle"},"up":{"uv":[5.5,5.5,0.5,0.5],"texture":"#particle"},"down":{"uv":[5.5,13,0.5,8],"texture":"#particle"}}},{"from":[1.69971,7.53701,8],"to":[5.69971,13.53701,9],"rotation":{"angle":22.5,"axis":"z","origin":[3.69971,10.53701,8.5]},"faces":{"north":{"uv":[7,10,9,13],"texture":"#particle"},"east":{"uv":[6.5,10,7,13],"texture":"#particle"},"south":{"uv":[9.5,10,11.5,13],"texture":"#particle"},"west":{"uv":[9,10,9.5,13],"texture":"#particle"},"up":{"uv":[9,10,7,9.5],"texture":"#particle"}}},{"from":[10.30029,7.53701,8],"to":[14.30029,13.53701,9],"rotation":{"angle":-22.5,"axis":"z","origin":[12.30029,10.53701,8.5]},"faces":{"north":{"uv":[9,10,7,13],"texture":"#particle"},"east":{"uv":[9.5,10,9,13],"texture":"#particle"},"south":{"uv":[11.5,10,9.5,13],"texture":"#particle"},"west":{"uv":[7,10,6.5,13],"texture":"#particle"},"up":{"uv":[7,10,9,9.5],"texture":"#particle"}}},{"from":[2.69971,13.53701,8],"to":[5.69971,14.53701,9],"rotation":{"angle":22.5,"axis":"z","origin":[3.69971,10.53701,8.5]},"faces":{"north":{"uv":[1,14.5,2.5,15],"texture":"#particle"},"east":{"uv":[0.5,14.5,1,15],"texture":"#particle"},"south":{"uv":[3,14.5,4.5,15],"texture":"#particle"},"west":{"uv":[2.5,14.5,3,15],"texture":"#particle"},"up":{"uv":[2.5,14.5,1,14],"texture":"#particle"}}},{"from":[10.30029,13.53701,8],"to":[13.30029,14.53701,9],"rotation":{"angle":-22.5,"axis":"z","origin":[12.30029,10.53701,8.5]},"faces":{"north":{"uv":[2.5,14.5,1,15],"texture":"#particle"},"east":{"uv":[3,14.5,2.5,15],"texture":"#particle"},"south":{"uv":[4.5,14.5,3,15],"texture":"#particle"},"west":{"uv":[1,14.5,0.5,15],"texture":"#particle"},"up":{"uv":[1,14.5,2.5,14],"texture":"#particle"}}},{"from":[6.5,6,2],"to":[9.5,8,3],"rotation":{"angle":0,"axis":"y","origin":[11.5,13,10]},"faces":{"north":{"uv":[13,10,14.5,11],"texture":"#particle"},"east":{"uv":[12.5,10,13,11],"texture":"#particle"},"west":{"uv":[14.5,10,15,11],"texture":"#particle"},"up":{"uv":[14.5,10,13,9.5],"texture":"#particle"},"down":{"uv":[14.5,11.5,13,11],"texture":"#particle"}}},{"from":[4,10,4],"to":[12,11,12],"rotation":{"angle":0,"axis":"y","origin":[11,14,11]},"faces":{"north":{"uv":[11.5,0.5,15.5,1],"texture":"#particle"},"east":{"uv":[15.5,2,11.5,2.5],"texture":"#particle"},"south":{"uv":[11.5,3.5,15.5,4],"texture":"#particle"},"west":{"uv":[11.5,2,15.5,2.5],"texture":"#particle"},"up":{"uv":[10.5,4.5,6.5,0.5],"texture":"#particle"}}}],"display":{"thirdperson_righthand":{"rotation":[75,45,0],"translation":[0,2.5,-0.25],"scale":[0.55,0.55,0.55]},"firstperson_righthand":{"rotation":[0,135,0],"translation":[0.5,2.5,0.5],"scale":[0.4,0.4,0.4]},"gui":{"rotation":[30,225,0],"translation":[0,-0.5,0],"scale":[0.8,0.8,0.8]},"head":{"translation":[0,6.4,0],"scale":[1.6,1.6,1.6]},"fixed":{"rotation":[-90,90,0],"translation":[0,0,-6],"scale":[2,2,2]}},"gui_light":"front"}