{"credit":"Made with Blockbench","ambientocclusion":false,"texture_size":[64,64],"textures":{"0":"cosmetics:hats/stormtrooper","particle":"cosmetics:hats/stormtrooper"},"elements":[{"from":[3,-1,3],"to":[13,10,13],"rotation":{"angle":0,"axis":"y","origin":[12,1,8]},"faces":{"north":{"uv":[2.5,2.5,5,5.25],"texture":"#0"},"east":{"uv":[0,2.5,2.5,5.25],"texture":"#0"},"south":{"uv":[7.5,2.5,10,5.25],"texture":"#0"},"west":{"uv":[5,2.5,7.5,5.25],"texture":"#0"},"up":{"uv":[5,2.5,2.5,0],"texture":"#0"},"down":{"uv":[7.5,0,5,2.5],"texture":"#0"}}},{"from":[6,2,2],"to":[10,4,3],"rotation":{"angle":0,"axis":"y","origin":[9.5,1,8]},"faces":{"north":{"uv":[0.25,1.5,1.25,2],"texture":"#0"},"east":{"uv":[0,1.5,0.25,2],"texture":"#0"},"south":{"uv":[1.5,1.5,2.5,2],"texture":"#0"},"west":{"uv":[1.25,1.5,1.5,2],"texture":"#0"},"up":{"uv":[1.25,1.5,0.25,1.25],"texture":"#0"},"down":{"uv":[2.25,1.25,1.25,1.5],"texture":"#0"}}},{"from":[1.5,3,7],"to":[14.5,6,10],"rotation":{"angle":0,"axis":"y","origin":[12,1,8]},"faces":{"north":{"uv":[0.75,6,4,6.75],"texture":"#0"},"east":{"uv":[0,6,0.75,6.75],"texture":"#0"},"south":{"uv":[4.75,6,8,6.75],"texture":"#0"},"west":{"uv":[4,6,4.75,6.75],"texture":"#0"},"up":{"uv":[4,6,0.75,5.25],"texture":"#0"},"down":{"uv":[7.25,5.25,4,6],"texture":"#0"}}},{"from":[3,7,1],"to":[13,9,3],"rotation":{"angle":0,"axis":"y","origin":[12,1,8]},"faces":{"north":{"uv":[8,0.5,10.5,1],"texture":"#0"},"east":{"uv":[7.5,0.5,8,1],"texture":"#0"},"south":{"uv":[11,0.5,13.5,1],"texture":"#0"},"west":{"uv":[10.5,0.5,11,1],"texture":"#0"},"up":{"uv":[10.5,0.5,8,0],"texture":"#0"},"down":{"uv":[13,0,10.5,0.5],"texture":"#0"}}},{"from":[4,-1,2],"to":[12,2,3],"rotation":{"angle":0,"axis":"y","origin":[12,1,8]},"faces":{"north":{"uv":[7.75,1.25,9.75,2],"texture":"#0"},"east":{"uv":[7.5,1.25,7.75,2],"texture":"#0"},"south":{"uv":[10,1.25,12,2],"texture":"#0"},"west":{"uv":[9.75,1.25,10,2],"texture":"#0"},"up":{"uv":[9.75,1.25,7.75,1],"texture":"#0"},"down":{"uv":[11.75,1,9.75,1.25],"texture":"#0"}}},{"from":[6.5,1,1],"to":[9.5,4,3],"rotation":{"angle":-22.5,"axis":"x","origin":[12,1,8]},"faces":{"north":{"uv":[0.5,0.5,1.25,1.25],"texture":"#0"},"east":{"uv":[0,0.5,0.5,1.25],"texture":"#0"},"south":{"uv":[1.75,0.5,2.5,1.25],"texture":"#0"},"west":{"uv":[1.25,0.5,1.75,1.25],"texture":"#0"},"up":{"uv":[1.25,0.5,0.5,0],"texture":"#0"},"down":{"uv":[2,0,1.25,0.5],"texture":"#0"}}},{"from":[11,-1,1],"to":[14,2,9],"rotation":{"angle":-22.5,"axis":"z","origin":[12,1,8]},"faces":{"north":{"uv":[2,8.75,2.75,9.5],"texture":"#0"},"east":{"uv":[0,8.75,2,9.5],"texture":"#0"},"south":{"uv":[4.75,8.75,5.5,9.5],"texture":"#0"},"west":{"uv":[2.75,8.75,4.75,9.5],"texture":"#0"},"up":{"uv":[2.75,8.75,2,6.75],"texture":"#0"},"down":{"uv":[3.5,6.75,2.75,8.75],"texture":"#0"}}},{"from":[2,-1,1],"to":[5,2,9],"rotation":{"angle":22.5,"axis":"z","origin":[4,1,8]},"faces":{"north":{"uv":[8,7.25,8.75,8],"texture":"#0"},"east":{"uv":[6,7.25,8,8],"texture":"#0"},"south":{"uv":[10.75,7.25,11.5,8],"texture":"#0"},"west":{"uv":[8.75,7.25,10.75,8],"texture":"#0"},"up":{"uv":[8.75,7.25,8,5.25],"texture":"#0"},"down":{"uv":[9.5,5.25,8.75,7.25],"texture":"#0"}}}],"display":{"thirdperson_righthand":{"translation":[0,2.25,0.5],"scale":[0.5,0.5,0.5]},"thirdperson_lefthand":{"translation":[0,2.25,0.75],"scale":[0.5,0.5,0.5]},"ground":{"scale":[0.5,0.5,0.5]},"gui":{"rotation":[14,-145,0],"translation":[-0.5,2.75,0],"scale":[0.9,0.9,0.9]},"head":{"translation":[0,6.25,0],"scale":[1.6,1.6,1.6]},"fixed":{"translation":[0,2.5,0]}},"gui_light":"front"}