{"textures":{"particle":"cosmetics:hats/gfx_summer_butterfly_hat"},"elements":[{"from":[6.5,9,4],"to":[9.5,12,12],"rotation":{"angle":0,"axis":"y","origin":[16,17,16]},"faces":{"north":{"uv":[0.5,0.5,2,2],"texture":"#particle"},"east":{"uv":[6,0.5,2,2],"texture":"#particle"},"south":{"uv":[6,0.5,7.5,2],"texture":"#particle"},"west":{"uv":[2,0.5,6,2],"texture":"#particle"},"up":{"uv":[2,7,0.5,3],"texture":"#particle"},"down":{"uv":[4.5,7,3,3],"texture":"#particle"}}},{"from":[6.5,11,1],"to":[7.5,12,4],"rotation":{"angle":22.5,"axis":"y","origin":[7.5,11.5,4]},"faces":{"north":{"uv":[2,8,2.5,8.5],"texture":"#particle"},"east":{"uv":[0.5,8,2,8.5],"texture":"#particle"},"west":{"uv":[2.5,8,4,8.5],"texture":"#particle"},"up":{"uv":[9,9,8.5,7.5],"texture":"#particle"},"down":{"uv":[10.5,9,10,7.5],"texture":"#particle"}}},{"from":[8.5,11,1],"to":[9.5,12,4],"rotation":{"angle":-22.5,"axis":"y","origin":[8.5,11.5,4]},"faces":{"north":{"uv":[2.5,8,2,8.5],"texture":"#particle"},"east":{"uv":[4,8,2.5,8.5],"texture":"#particle"},"west":{"uv":[2,8,0.5,8.5],"texture":"#particle"},"up":{"uv":[8.5,9,9,7.5],"texture":"#particle"},"down":{"uv":[10,9,10.5,7.5],"texture":"#particle"}}},{"from":[5.5,10.5,5],"to":[6.5,11.5,11],"rotation":{"angle":-22.5,"axis":"z","origin":[6.5,11.5,8]},"faces":{"north":{"uv":[12,2,12.5,2.5],"texture":"#particle"},"east":{"uv":[9,2,12,2.5],"texture":"#particle"},"south":{"uv":[8.5,2,9,2.5],"texture":"#particle"},"up":{"uv":[9,6.5,8.5,3.5],"texture":"#particle"},"down":{"uv":[10.5,6.5,10,3.5],"texture":"#particle"}}},{"from":[9.5,10.5,5],"to":[10.5,11.5,11],"rotation":{"angle":22.5,"axis":"z","origin":[9.5,11.5,8]},"faces":{"north":{"uv":[12.5,2,12,2.5],"texture":"#particle"},"south":{"uv":[9,2,8.5,2.5],"texture":"#particle"},"west":{"uv":[12,2,9,2.5],"texture":"#particle"},"up":{"uv":[8.5,6.5,9,3.5],"texture":"#particle"},"down":{"uv":[10,6.5,10.5,3.5],"texture":"#particle"}}},{"from":[4.5,10.5,4],"to":[5.5,11.5,12],"rotation":{"angle":-22.5,"axis":"z","origin":[6.5,11.5,8]},"faces":{"north":{"uv":[13,0.5,13.5,1],"texture":"#particle"},"east":{"uv":[9,0.5,13,1],"texture":"#particle"},"south":{"uv":[8.5,0.5,9,1],"texture":"#particle"},"up":{"uv":[6,7,5.5,3],"texture":"#particle"},"down":{"uv":[7.5,7,7,3],"texture":"#particle"}}},{"from":[10.5,10.5,4],"to":[11.5,11.5,12],"rotation":{"angle":22.5,"axis":"z","origin":[9.5,11.5,8]},"faces":{"north":{"uv":[13.5,0.5,13,1],"texture":"#particle"},"south":{"uv":[9,0.5,8.5,1],"texture":"#particle"},"west":{"uv":[13,0.5,9,1],"texture":"#particle"},"up":{"uv":[5.5,7,6,3],"texture":"#particle"},"down":{"uv":[7,7,7.5,3],"texture":"#particle"}}},{"from":[1.5,10.5,3],"to":[4.5,11.5,13],"rotation":{"angle":-22.5,"axis":"z","origin":[6.5,11.5,8]},"faces":{"north":{"uv":[5.5,10,7,10.5],"texture":"#particle"},"east":{"uv":[0.5,10,5.5,10.5],"texture":"#particle"},"south":{"uv":[12,10,13.5,10.5],"texture":"#particle"},"west":{"uv":[7,10,12,10.5],"texture":"#particle"},"up":{"uv":[13,8.5,11.5,3.5],"texture":"#particle"},"down":{"uv":[15.5,8.5,14,3.5],"texture":"#particle"}}},{"from":[11.5,10.5,3],"to":[14.5,11.5,13],"rotation":{"angle":22.5,"axis":"z","origin":[9.5,11.5,8]},"faces":{"north":{"uv":[7,10,5.5,10.5],"texture":"#particle"},"east":{"uv":[12,10,7,10.5],"texture":"#particle"},"south":{"uv":[13.5,10,12,10.5],"texture":"#particle"},"west":{"uv":[5.5,10,0.5,10.5],"texture":"#particle"},"up":{"uv":[11.5,8.5,13,3.5],"texture":"#particle"},"down":{"uv":[14,8.5,15.5,3.5],"texture":"#particle"}}},{"from":[0.5,10.5,3],"to":[1.5,11.5,8],"rotation":{"angle":-22.5,"axis":"z","origin":[6.5,11.5,8]},"faces":{"north":{"uv":[0.5,11.5,1,12],"texture":"#particle"},"south":{"uv":[3.5,11.5,4,12],"texture":"#particle"},"west":{"uv":[1,11.5,3.5,12],"texture":"#particle"},"up":{"uv":[1,15.5,0.5,13],"texture":"#particle"},"down":{"uv":[2.5,15.5,2,13],"texture":"#particle"}}},{"from":[14.5,10.5,3],"to":[15.5,11.5,8],"rotation":{"angle":22.5,"axis":"z","origin":[9.5,11.5,8]},"faces":{"north":{"uv":[1,11.5,0.5,12],"texture":"#particle"},"east":{"uv":[3.5,11.5,1,12],"texture":"#particle"},"south":{"uv":[4,11.5,3.5,12],"texture":"#particle"},"up":{"uv":[0.5,15.5,1,13],"texture":"#particle"},"down":{"uv":[2,15.5,2.5,13],"texture":"#particle"}}},{"from":[0.5,10.5,9],"to":[1.5,11.5,12],"rotation":{"angle":-22.5,"axis":"z","origin":[6.5,11.5,8]},"faces":{"north":{"uv":[5,11.5,5.5,12],"texture":"#particle"},"south":{"uv":[7,11.5,7.5,12],"texture":"#particle"},"west":{"uv":[5.5,11.5,7,12],"texture":"#particle"},"up":{"uv":[4,14.5,3.5,13],"texture":"#particle"},"down":{"uv":[5.5,14.5,5,13],"texture":"#particle"}}},{"from":[14.5,10.5,9],"to":[15.5,11.5,12],"rotation":{"angle":22.5,"axis":"z","origin":[9.5,11.5,8]},"faces":{"north":{"uv":[5.5,11.5,5,12],"texture":"#particle"},"east":{"uv":[7,11.5,5.5,12],"texture":"#particle"},"south":{"uv":[7.5,11.5,7,12],"texture":"#particle"},"up":{"uv":[3.5,14.5,4,13],"texture":"#particle"},"down":{"uv":[5,14.5,5.5,13],"texture":"#particle"}}},{"from":[-0.5,10.5,4],"to":[0.5,11.5,7],"rotation":{"angle":-22.5,"axis":"z","origin":[6.5,11.5,8]},"faces":{"north":{"uv":[8.5,11.5,9,12],"texture":"#particle"},"south":{"uv":[10.5,11.5,11,12],"texture":"#particle"},"west":{"uv":[9,11.5,10.5,12],"texture":"#particle"},"up":{"uv":[7,14.5,6.5,13],"texture":"#particle"},"down":{"uv":[8.5,14.5,8,13],"texture":"#particle"}}},{"from":[15.5,10.5,4],"to":[16.5,11.5,7],"rotation":{"angle":22.5,"axis":"z","origin":[9.5,11.5,8]},"faces":{"north":{"uv":[9,11.5,8.5,12],"texture":"#particle"},"east":{"uv":[10.5,11.5,9,12],"texture":"#particle"},"south":{"uv":[11,11.5,10.5,12],"texture":"#particle"},"up":{"uv":[6.5,14.5,7,13],"texture":"#particle"},"down":{"uv":[8,14.5,8.5,13],"texture":"#particle"}}}],"display":{"thirdperson_righthand":{"rotation":[90,45,-8],"translation":[-1.5,2.5,-1.5],"scale":[0.55,0.55,0.55]},"firstperson_righthand":{"rotation":[22.5,22.5,0],"translation":[0,2,1],"scale":[0.4,0.4,0.4]},"ground":{"rotation":[11.25,0,0],"translation":[0,-2,0]},"gui":{"rotation":[30,225,0],"translation":[-0.75,-3,0],"scale":[0.75,0.75,0.75]},"head":{"rotation":[11.25,0,0],"translation":[0,8,0],"scale":[1.6,1.6,1.6]},"fixed":{"rotation":[-90,90,0],"translation":[0,0,2],"scale":[2,2,2]}},"gui_light":"front"}