{"textures":{"particle":"cosmetics:hats/tiara"},"elements":[{"from":[3,6,3],"to":[13,7,4],"faces":{"north":{"uv":[0.5,1,5.5,1.5],"texture":"#particle"},"east":{"uv":[6,1,5.5,1.5],"texture":"#particle"},"south":{"uv":[5.5,2.5,0.5,2],"texture":"#particle"},"west":{"uv":[5.5,1,6,1.5],"texture":"#particle"},"up":{"uv":[5.5,1,0.5,0.5],"texture":"#particle"},"down":{"uv":[5.5,2,0.5,1.5],"texture":"#particle"}}},{"from":[7,11,3],"to":[9,13,4],"faces":{"north":{"uv":[10.5,4,11.5,5],"texture":"#particle"},"east":{"uv":[10,4,10.5,5],"texture":"#particle"},"south":{"uv":[12,4,13,5],"texture":"#particle"},"west":{"uv":[11.5,4,12,5],"texture":"#particle"},"up":{"uv":[11.5,4,10.5,3.5],"texture":"#particle"}}},{"from":[7,9,2.5],"to":[9,11,4.5],"rotation":{"angle":45,"axis":"z","origin":[8,10,4]},"faces":{"north":{"uv":[1.5,9.5,2.5,10.5],"texture":"#particle"},"east":{"uv":[0.5,9.5,1.5,10.5],"texture":"#particle"},"south":{"uv":[3.5,9.5,4.5,10.5],"texture":"#particle"},"west":{"uv":[2.5,9.5,3.5,10.5],"texture":"#particle"},"up":{"uv":[2.5,9.5,1.5,8.5],"texture":"#particle"},"down":{"uv":[2.5,11.5,1.5,10.5],"texture":"#particle"}}},{"from":[3,8,3],"to":[5,9,4],"faces":{"north":{"uv":[7.5,4,8.5,4.5],"texture":"#particle"},"east":{"uv":[7,4,7.5,4.5],"texture":"#particle"},"south":{"uv":[8.5,5.5,7.5,5],"texture":"#particle"},"west":{"uv":[8.5,4,9,4.5],"texture":"#particle"},"up":{"uv":[8.5,4,7.5,3.5],"texture":"#particle"},"down":{"uv":[8.5,5,7.5,4.5],"texture":"#particle"}}},{"from":[11,8,3],"to":[13,9,4],"faces":{"north":{"uv":[8.5,4,7.5,4.5],"texture":"#particle"},"east":{"uv":[9,4,8.5,4.5],"texture":"#particle"},"south":{"uv":[7.5,5.5,8.5,5],"texture":"#particle"},"west":{"uv":[7.5,4,7,4.5],"texture":"#particle"},"up":{"uv":[7.5,4,8.5,3.5],"texture":"#particle"},"down":{"uv":[7.5,5,8.5,4.5],"texture":"#particle"}}},{"from":[5,7,3],"to":[7,8,4],"faces":{"north":{"uv":[4.5,4.5,5.5,5],"texture":"#particle"},"east":{"uv":[4,4.5,4.5,5],"texture":"#particle"},"south":{"uv":[5.5,4,4.5,3.5],"texture":"#particle"},"west":{"uv":[5.5,4.5,6,5],"texture":"#particle"},"up":{"uv":[5.5,4.5,4.5,4],"texture":"#particle"}}},{"from":[9,7,3],"to":[11,8,4],"faces":{"north":{"uv":[5.5,4.5,4.5,5],"texture":"#particle"},"east":{"uv":[6,4.5,5.5,5],"texture":"#particle"},"south":{"uv":[4.5,4,5.5,3.5],"texture":"#particle"},"west":{"uv":[4.5,4.5,4,5],"texture":"#particle"},"up":{"uv":[4.5,4.5,5.5,4],"texture":"#particle"}}},{"from":[6,8,3],"to":[10,9,4],"faces":{"north":{"uv":[0.5,4,2.5,4.5],"texture":"#particle"},"east":{"uv":[3,4,2.5,4.5],"texture":"#particle"},"south":{"uv":[2.5,5.5,0.5,5],"texture":"#particle"},"west":{"uv":[2.5,4,3,4.5],"texture":"#particle"},"up":{"uv":[2.5,4,0.5,3.5],"texture":"#particle"},"down":{"uv":[2.5,5,0.5,4.5],"texture":"#particle"}}},{"from":[5,9,3],"to":[6,10,4],"faces":{"north":{"uv":[1,6.5,1.5,7],"texture":"#particle"},"east":{"uv":[0.5,6.5,1,7],"texture":"#particle"},"south":{"uv":[2,6.5,2.5,7],"texture":"#particle"},"west":{"uv":[1.5,6.5,2,7],"texture":"#particle"},"down":{"uv":[1.5,7.5,1,7],"texture":"#particle"}}},{"from":[10,9,3],"to":[11,10,4],"faces":{"north":{"uv":[1.5,6.5,1,7],"texture":"#particle"},"east":{"uv":[2,6.5,1.5,7],"texture":"#particle"},"south":{"uv":[2.5,6.5,2,7],"texture":"#particle"},"west":{"uv":[1,6.5,0.5,7],"texture":"#particle"},"down":{"uv":[1,7.5,1.5,7],"texture":"#particle"}}},{"from":[5,10,3],"to":[11,11,4],"faces":{"north":{"uv":[11,1,14,1.5],"texture":"#particle"},"east":{"uv":[14.5,1,14,1.5],"texture":"#particle"},"south":{"uv":[14,2.5,11,2],"texture":"#particle"},"west":{"uv":[14,1,14.5,1.5],"texture":"#particle"},"up":{"uv":[14,1,11,0.5],"texture":"#particle"},"down":{"uv":[14,2,11,1.5],"texture":"#particle"}}},{"from":[3,7,7],"to":[4,8,8],"faces":{"north":{"uv":[7,7,7.5,7.5],"texture":"#particle"},"east":{"uv":[6.5,7,7,7.5],"texture":"#particle"},"south":{"uv":[8,7,8.5,7.5],"texture":"#particle"},"west":{"uv":[7.5,7,8,7.5],"texture":"#particle"},"up":{"uv":[7.5,7,7,6.5],"texture":"#particle"}}},{"from":[12,7,7],"to":[13,8,8],"faces":{"north":{"uv":[7.5,7,7,7.5],"texture":"#particle"},"east":{"uv":[8,7,7.5,7.5],"texture":"#particle"},"south":{"uv":[8.5,7,8,7.5],"texture":"#particle"},"west":{"uv":[7,7,6.5,7.5],"texture":"#particle"},"up":{"uv":[7,7,7.5,6.5],"texture":"#particle"}}},{"from":[3,7,5],"to":[4,8,6],"faces":{"north":{"uv":[4,6.5,4.5,7],"texture":"#particle"},"east":{"uv":[3.5,6.5,4,7],"texture":"#particle"},"south":{"uv":[5,6.5,5.5,7],"texture":"#particle"},"west":{"uv":[4.5,6.5,5,7],"texture":"#particle"},"up":{"uv":[4.5,6.5,4,6],"texture":"#particle"}}},{"from":[12,7,5],"to":[13,8,6],"faces":{"north":{"uv":[4.5,6.5,4,7],"texture":"#particle"},"east":{"uv":[5,6.5,4.5,7],"texture":"#particle"},"south":{"uv":[5.5,6.5,5,7],"texture":"#particle"},"west":{"uv":[4,6.5,3.5,7],"texture":"#particle"},"up":{"uv":[4,6.5,4.5,6],"texture":"#particle"}}},{"from":[3,8,4],"to":[4,9,5],"faces":{"east":{"uv":[13.5,6.5,14,7],"texture":"#particle"},"south":{"uv":[13,6.5,13.5,7],"texture":"#particle"},"west":{"uv":[12.5,6.5,13,7],"texture":"#particle"},"up":{"uv":[13,6,13.5,6.5],"texture":"#particle"},"down":{"uv":[13,7,13.5,7.5],"texture":"#particle"}}},{"from":[12,8,4],"to":[13,9,5],"faces":{"east":{"uv":[13,6.5,12.5,7],"texture":"#particle"},"south":{"uv":[13.5,6.5,13,7],"texture":"#particle"},"west":{"uv":[14,6.5,13.5,7],"texture":"#particle"},"up":{"uv":[13.5,6,13,6.5],"texture":"#particle"},"down":{"uv":[13.5,7,13,7.5],"texture":"#particle"}}},{"from":[3,8,6],"to":[4,9,7],"faces":{"north":{"uv":[10,6.5,10.5,7],"texture":"#particle"},"east":{"uv":[9.5,6.5,10,7],"texture":"#particle"},"south":{"uv":[11,6.5,11.5,7],"texture":"#particle"},"west":{"uv":[10.5,6.5,11,7],"texture":"#particle"},"up":{"uv":[10.5,6.5,10,6],"texture":"#particle"},"down":{"uv":[10.5,7.5,10,7],"texture":"#particle"}}},{"from":[12,8,6],"to":[13,9,7],"faces":{"north":{"uv":[10.5,6.5,10,7],"texture":"#particle"},"east":{"uv":[11,6.5,10.5,7],"texture":"#particle"},"south":{"uv":[11.5,6.5,11,7],"texture":"#particle"},"west":{"uv":[10,6.5,9.5,7],"texture":"#particle"},"up":{"uv":[10,6.5,10.5,6],"texture":"#particle"},"down":{"uv":[10,7.5,10.5,7],"texture":"#particle"}}},{"from":[3,6,4],"to":[4,7,9],"rotation":{"angle":0,"axis":"y","origin":[3.5,6.5,6.5]},"faces":{"east":{"uv":[9.5,2.5,7,2],"texture":"#particle"},"south":{"uv":[9.5,1,10,1.5],"texture":"#particle"},"west":{"uv":[7,1,9.5,1.5],"texture":"#particle"},"up":{"uv":[9.5,1,7,0.5],"rotation":270,"texture":"#particle"},"down":{"uv":[9.5,2,7,1.5],"rotation":90,"texture":"#particle"}}},{"from":[12,6,4],"to":[13,7,9],"rotation":{"angle":0,"axis":"y","origin":[12.5,6.5,6.5]},"faces":{"east":{"uv":[9.5,1,7,1.5],"texture":"#particle"},"south":{"uv":[10,1,9.5,1.5],"texture":"#particle"},"west":{"uv":[7,2.5,9.5,2],"texture":"#particle"},"up":{"uv":[9.5,0.5,7,1],"rotation":270,"texture":"#particle"},"down":{"uv":[9.5,1.5,7,2],"rotation":90,"texture":"#particle"}}}],"display":{"thirdperson_righthand":{"rotation":[75,45,0],"translation":[0,0,-0.25],"scale":[0.55,0.55,0.55]},"firstperson_righthand":{"rotation":[0,30,0],"translation":[2,2,2.5],"scale":[0.4,0.4,0.4]},"ground":{"translation":[0,-0.5,0]},"gui":{"rotation":[30,225,0],"translation":[-1.25,0,0],"scale":[0.8,0.8,0.8]},"head":{"translation":[0,5.75,-0.5],"scale":[1.6,1.6,1.6]},"fixed":{"rotation":[-90,90,0],"translation":[0,0,-4],"scale":[2,2,2]}},"gui_light":"front"}