{"textures":{"particle":"cosmetics:hats/gfx_tiki_mask"},"elements":[{"from":[3,-1,3],"to":[13,3,4],"rotation":{"angle":0,"axis":"y","origin":[12,8,11]},"faces":{"north":{"uv":[4.5,1,9.5,3],"texture":"#particle"},"east":{"uv":[10,1,9.5,3],"texture":"#particle"},"south":{"uv":[9.5,5.5,4.5,3.5],"texture":"#particle"},"west":{"uv":[9.5,1,10,3],"texture":"#particle"},"up":{"uv":[9.5,1,4.5,0.5],"texture":"#particle"},"down":{"uv":[9.5,3.5,4.5,3],"texture":"#particle"}}},{"from":[4,-3,3],"to":[12,-1,4],"rotation":{"angle":0,"axis":"y","origin":[12,6,11]},"faces":{"north":{"uv":[5.5,6.5,9.5,7.5],"texture":"#particle"},"east":{"uv":[10,6.5,9.5,7.5],"texture":"#particle"},"south":{"uv":[9.5,9,5.5,8],"texture":"#particle"},"west":{"uv":[9.5,6.5,10,7.5],"texture":"#particle"},"down":{"uv":[9.5,8,5.5,7.5],"texture":"#particle"}}},{"from":[5,5,3],"to":[11,9,4],"rotation":{"angle":0,"axis":"y","origin":[12,14,11]},"faces":{"north":{"uv":[0.5,1,3.5,3],"texture":"#particle"},"south":{"uv":[3.5,5.5,0.5,3.5],"texture":"#particle"},"up":{"uv":[3.5,1,0.5,0.5],"texture":"#particle"},"down":{"uv":[3.5,3.5,0.5,3],"texture":"#particle"}}},{"from":[7,1,2],"to":[9,11,4],"rotation":{"angle":0,"axis":"y","origin":[8,12,11]},"faces":{"north":{"uv":[1.5,7.5,2.5,12.5],"texture":"#particle"},"east":{"uv":[0.5,7.5,1.5,12.5],"texture":"#particle"},"south":{"uv":[3.5,7.5,4.5,12.5],"texture":"#particle"},"west":{"uv":[2.5,7.5,3.5,12.5],"texture":"#particle"},"up":{"uv":[2.5,7.5,1.5,6.5],"texture":"#particle"},"down":{"uv":[2.5,13.5,1.5,12.5],"texture":"#particle"}}},{"from":[4,5,2],"to":[7,7,3],"rotation":{"angle":22.5,"axis":"y","origin":[7,5.5,2]},"faces":{"north":{"uv":[5.5,11,7,12],"texture":"#particle"},"up":{"uv":[7,11,5.5,10],"texture":"#particle"},"down":{"uv":[7,13,5.5,12],"texture":"#particle"}}},{"from":[9,5,2],"to":[12,7,3],"rotation":{"angle":-22.5,"axis":"y","origin":[9,5.5,2]},"faces":{"north":{"uv":[7,11,5.5,12],"texture":"#particle"},"up":{"uv":[5.5,11,7,10],"texture":"#particle"},"down":{"uv":[5.5,13,7,12],"texture":"#particle"}}},{"from":[3,3,3],"to":[5,11,4],"rotation":{"angle":0,"axis":"y","origin":[4,12,11]},"faces":{"north":{"uv":[11.5,1,12.5,5],"texture":"#particle"},"east":{"uv":[11,1,11.5,5],"texture":"#particle"},"south":{"uv":[13,1,14,5],"texture":"#particle"},"west":{"uv":[12.5,1,13,5],"texture":"#particle"},"up":{"uv":[12.5,1,11.5,0.5],"texture":"#particle"}}},{"from":[11,3,3],"to":[13,11,4],"rotation":{"angle":0,"axis":"y","origin":[12,12,11]},"faces":{"north":{"uv":[12.5,1,11.5,5],"texture":"#particle"},"east":{"uv":[13,1,12.5,5],"texture":"#particle"},"south":{"uv":[14,1,13,5],"texture":"#particle"},"west":{"uv":[11.5,1,11,5],"texture":"#particle"},"up":{"uv":[11.5,1,12.5,0.5],"texture":"#particle"}}}],"display":{"thirdperson_righthand":{"rotation":[75,45,0],"translation":[1,-0.5,2],"scale":[0.55,0.55,0.55]},"firstperson_righthand":{"rotation":[0,90,0],"translation":[3,4.5,0.5],"scale":[0.4,0.4,0.4]},"ground":{"translation":[0,7,4]},"gui":{"rotation":[30,225,0],"translation":[-2.5,4.5,0],"scale":[0.9,0.9,0.9]},"head":{"translation":[0,5.4,0],"scale":[1.6,1.6,1.6]},"fixed":{"translation":[0,8.5,8],"scale":[2,2,2]}},"gui_light":"front"}