{"textures":{"particle":"cosmetics:hats/gfx_tnt_hat"},"elements":[{"from":[1,2,4],"to":[4,10,7],"rotation":{"angle":0,"axis":"y","origin":[8,4,8]},"faces":{"north":{"uv":[0.5,5,2,9],"texture":"#particle"},"east":{"uv":[0.5,5,2,9],"texture":"#particle"},"south":{"uv":[0.5,5,2,9],"texture":"#particle"},"west":{"uv":[0.5,5,2,9],"texture":"#particle"},"up":{"uv":[2,5,0.5,3.5],"texture":"#particle"},"down":{"uv":[2,10.5,0.5,9],"texture":"#particle"}}},{"from":[12,2,4],"to":[15,10,7],"rotation":{"angle":0,"axis":"y","origin":[8,4,8]},"faces":{"north":{"uv":[0.5,5,2,9],"texture":"#particle"},"east":{"uv":[0.5,5,2,9],"texture":"#particle"},"south":{"uv":[0.5,5,2,9],"texture":"#particle"},"west":{"uv":[0.5,5,2,9],"texture":"#particle"},"up":{"uv":[2,5,0.5,3.5],"texture":"#particle"},"down":{"uv":[2,10.5,0.5,9],"texture":"#particle"}}},{"from":[1,2,9],"to":[4,10,12],"rotation":{"angle":0,"axis":"y","origin":[8,4,8]},"faces":{"north":{"uv":[0.5,5,2,9],"texture":"#particle"},"east":{"uv":[0.5,5,2,9],"texture":"#particle"},"south":{"uv":[0.5,5,2,9],"texture":"#particle"},"west":{"uv":[0.5,5,2,9],"texture":"#particle"},"up":{"uv":[2,5,0.5,3.5],"texture":"#particle"},"down":{"uv":[2,10.5,0.5,9],"texture":"#particle"}}},{"from":[12,2,9],"to":[15,10,12],"rotation":{"angle":0,"axis":"y","origin":[8,4,8]},"faces":{"north":{"uv":[0.5,5,2,9],"texture":"#particle"},"east":{"uv":[0.5,5,2,9],"texture":"#particle"},"south":{"uv":[0.5,5,2,9],"texture":"#particle"},"west":{"uv":[0.5,5,2,9],"texture":"#particle"},"up":{"uv":[2,5,0.5,3.5],"texture":"#particle"},"down":{"uv":[2,10.5,0.5,9],"texture":"#particle"}}},{"from":[2,10,6],"to":[7,11,7],"rotation":{"angle":0,"axis":"y","origin":[8,4,8]},"faces":{"north":{"uv":[5.5,3.5,8,4],"texture":"#particle"},"east":{"uv":[5,3.5,5.5,4],"texture":"#particle"},"south":{"uv":[8,4,5.5,3.5],"texture":"#particle"},"west":{"uv":[8,3.5,8.5,4],"texture":"#particle"},"up":{"uv":[8,4,5.5,3.5],"texture":"#particle"},"down":{"uv":[8,4,5.5,3.5],"texture":"#particle"}}},{"from":[9,10,6],"to":[14,11,7],"rotation":{"angle":0,"axis":"y","origin":[8,4,8]},"faces":{"north":{"uv":[8,3.5,5.5,4],"texture":"#particle"},"east":{"uv":[8.5,3.5,8,4],"texture":"#particle"},"south":{"uv":[5.5,4,8,3.5],"texture":"#particle"},"west":{"uv":[5.5,3.5,5,4],"texture":"#particle"},"up":{"uv":[5.5,4,8,3.5],"texture":"#particle"},"down":{"uv":[5.5,4,8,3.5],"texture":"#particle"}}},{"from":[2,10,9],"to":[7,11,10],"rotation":{"angle":0,"axis":"y","origin":[8,4,8]},"faces":{"north":{"uv":[5.5,3.5,8,4],"texture":"#particle"},"east":{"uv":[5,3.5,5.5,4],"texture":"#particle"},"south":{"uv":[8,4,5.5,3.5],"texture":"#particle"},"west":{"uv":[8,3.5,8.5,4],"texture":"#particle"},"up":{"uv":[8,4,5.5,3.5],"texture":"#particle"},"down":{"uv":[8,4,5.5,3.5],"texture":"#particle"}}},{"from":[9,10,9],"to":[14,11,10],"rotation":{"angle":0,"axis":"y","origin":[8,4,8]},"faces":{"north":{"uv":[8,3.5,5.5,4],"texture":"#particle"},"east":{"uv":[8.5,3.5,8,4],"texture":"#particle"},"south":{"uv":[5.5,4,8,3.5],"texture":"#particle"},"west":{"uv":[5.5,3.5,5,4],"texture":"#particle"},"up":{"uv":[5.5,4,8,3.5],"texture":"#particle"},"down":{"uv":[5.5,4,8,3.5],"texture":"#particle"}}},{"from":[6,8,6],"to":[7,10,7],"rotation":{"angle":0,"axis":"y","origin":[8,4,8]},"faces":{"north":{"uv":[5,6.5,5.5,7.5],"texture":"#particle"},"east":{"uv":[5,6.5,5.5,7.5],"texture":"#particle"},"south":{"uv":[5,6.5,5.5,7.5],"texture":"#particle"},"west":{"uv":[5,6.5,5.5,7.5],"texture":"#particle"},"down":{"uv":[5.5,8,5,7.5],"texture":"#particle"}}},{"from":[9,8,6],"to":[10,10,7],"rotation":{"angle":0,"axis":"y","origin":[8,4,8]},"faces":{"north":{"uv":[5.5,6.5,5,7.5],"texture":"#particle"},"east":{"uv":[5.5,6.5,5,7.5],"texture":"#particle"},"south":{"uv":[5.5,6.5,5,7.5],"texture":"#particle"},"west":{"uv":[5.5,6.5,5,7.5],"texture":"#particle"},"down":{"uv":[5,8,5.5,7.5],"texture":"#particle"}}},{"from":[6,8,9],"to":[7,10,10],"rotation":{"angle":0,"axis":"y","origin":[8,4,8]},"faces":{"north":{"uv":[5,6.5,5.5,7.5],"texture":"#particle"},"east":{"uv":[5,6.5,5.5,7.5],"texture":"#particle"},"south":{"uv":[5,6.5,5.5,7.5],"texture":"#particle"},"west":{"uv":[5,6.5,5.5,7.5],"texture":"#particle"},"down":{"uv":[5.5,8,5,7.5],"texture":"#particle"}}},{"from":[9,8,9],"to":[10,10,10],"rotation":{"angle":0,"axis":"y","origin":[8,4,8]},"faces":{"north":{"uv":[5.5,6.5,5,7.5],"texture":"#particle"},"east":{"uv":[5.5,6.5,5,7.5],"texture":"#particle"},"south":{"uv":[5.5,6.5,5,7.5],"texture":"#particle"},"west":{"uv":[5.5,6.5,5,7.5],"texture":"#particle"},"down":{"uv":[5,8,5.5,7.5],"texture":"#particle"}}},{"from":[3,5,3],"to":[13,7,4],"rotation":{"angle":0,"axis":"y","origin":[8,4,8]},"faces":{"north":{"uv":[0.5,1,5.5,2],"texture":"#particle"},"east":{"uv":[6,1,5.5,2],"texture":"#particle"},"south":{"uv":[6,1,11,2],"texture":"#particle"},"west":{"uv":[5.5,1,6,2],"texture":"#particle"},"up":{"uv":[5.5,1,0.5,0.5],"texture":"#particle"},"down":{"uv":[5.5,2.5,0.5,2],"texture":"#particle"}}},{"from":[3,5,12],"to":[13,7,13],"rotation":{"angle":0,"axis":"y","origin":[8,4,8]},"faces":{"north":{"uv":[6,1,11,2],"texture":"#particle"},"east":{"uv":[5.5,1,6,2],"texture":"#particle"},"south":{"uv":[0.5,1,5.5,2],"texture":"#particle"},"west":{"uv":[6,1,5.5,2],"texture":"#particle"},"up":{"uv":[5.5,1,0.5,0.5],"rotation":180,"texture":"#particle"},"down":{"uv":[5.5,2.5,0.5,2],"rotation":180,"texture":"#particle"}}},{"from":[3,5,7],"to":[4,7,9],"rotation":{"angle":0,"axis":"y","origin":[8,4,8]},"faces":{"east":{"uv":[3,3.5,4,4.5],"texture":"#particle"},"west":{"uv":[3,5.5,4,6.5],"texture":"#particle"},"up":{"uv":[3.5,8.5,3,7.5],"texture":"#particle"},"down":{"uv":[3.5,10.5,3,9.5],"texture":"#particle"}}},{"from":[12,5,7],"to":[13,7,9],"rotation":{"angle":0,"axis":"y","origin":[8,4,8]},"faces":{"east":{"uv":[3,5.5,4,6.5],"texture":"#particle"},"west":{"uv":[3,3.5,4,4.5],"texture":"#particle"},"up":{"uv":[3.5,8.5,3,7.5],"rotation":180,"texture":"#particle"},"down":{"uv":[3.5,10.5,3,9.5],"rotation":180,"texture":"#particle"}}},{"from":[2,10,5],"to":[3,11,6],"rotation":{"angle":0,"axis":"y","origin":[8,4,8]},"faces":{"north":{"uv":[5,5,5.5,5.5],"texture":"#particle"},"east":{"uv":[5.5,5,5,5.5],"texture":"#particle"},"west":{"uv":[5,5,5.5,5.5],"texture":"#particle"},"up":{"uv":[5.5,5.5,5,5],"texture":"#particle"}}},{"from":[13,10,5],"to":[14,11,6],"rotation":{"angle":0,"axis":"y","origin":[8,4,8]},"faces":{"north":{"uv":[5.5,5,5,5.5],"texture":"#particle"},"east":{"uv":[5.5,5,5,5.5],"texture":"#particle"},"west":{"uv":[5,5,5.5,5.5],"texture":"#particle"},"up":{"uv":[5,5.5,5.5,5],"texture":"#particle"}}},{"from":[2,10,10],"to":[3,11,11],"rotation":{"angle":0,"axis":"y","origin":[8,4,8]},"faces":{"east":{"uv":[5,5,5.5,5.5],"texture":"#particle"},"south":{"uv":[5.5,5,5,5.5],"texture":"#particle"},"west":{"uv":[5.5,5,5,5.5],"texture":"#particle"},"up":{"uv":[5.5,5,5,5.5],"texture":"#particle"}}},{"from":[13,10,10],"to":[14,11,11],"rotation":{"angle":0,"axis":"y","origin":[8,4,8]},"faces":{"east":{"uv":[5,5,5.5,5.5],"texture":"#particle"},"south":{"uv":[5,5,5.5,5.5],"texture":"#particle"},"west":{"uv":[5.5,5,5,5.5],"texture":"#particle"},"up":{"uv":[5,5,5.5,5.5],"texture":"#particle"}}}],"display":{"thirdperson_righthand":{"rotation":[75,45,0],"translation":[0,2.5,-0.25],"scale":[0.55,0.55,0.55]},"thirdperson_lefthand":{"rotation":[75,45,0],"translation":[0,2.5,-0.25],"scale":[0.55,0.55,0.55]},"firstperson_righthand":{"rotation":[0,135,0],"translation":[0,3,0.5],"scale":[0.4,0.4,0.4]},"firstperson_lefthand":{"rotation":[0,135,0],"translation":[0,3,0.5],"scale":[0.4,0.4,0.4]},"ground":{"translation":[0,4,0]},"gui":{"rotation":[30,225,0],"translation":[0,1.5,0],"scale":[0.8,0.8,0.8]},"head":{"translation":[0,6.4,0],"scale":[1.6,1.6,1.6]},"fixed":{"rotation":[-90,0,0],"translation":[0,0,-11],"scale":[2,2,2]}},"gui_light":"front"}