{"textures":{"particle":"cosmetics:hats/gfx_ufo_hat"},"elements":[{"from":[2,5,2],"to":[14,10,14],"rotation":{"angle":0,"axis":"y","origin":[8,8.83333,8]},"faces":{"north":{"uv":[5.66667,4.33333,9.66667,6],"texture":"#particle"},"east":{"uv":[5.66667,4.33333,9.66667,6],"texture":"#particle"},"south":{"uv":[5.66667,4.33333,9.66667,6],"texture":"#particle"},"west":{"uv":[5.66667,4.33333,9.66667,6],"texture":"#particle"},"up":{"uv":[9.66667,4.33333,5.66667,0.33333],"texture":"#particle"},"down":{"uv":[9.66667,10,5.66667,6],"texture":"#particle"}}},{"from":[6,9,1],"to":[10,10,2],"rotation":{"angle":0,"axis":"y","origin":[8,8.83333,8]},"faces":{"north":{"uv":[4,11.66667,5.33333,12],"texture":"#particle"},"east":{"uv":[3.66667,11.66667,4,12],"texture":"#particle"},"west":{"uv":[5.33333,11.66667,5.66667,12],"texture":"#particle"},"up":{"uv":[5.33333,11.66667,4,11.33333],"texture":"#particle"}}},{"from":[14,9,6],"to":[15,10,10],"rotation":{"angle":0,"axis":"y","origin":[8,8.83333,8]},"faces":{"north":{"uv":[5.33333,11.66667,5.66667,12],"texture":"#particle"},"east":{"uv":[4,11.66667,5.33333,12],"texture":"#particle"},"south":{"uv":[3.66667,11.66667,4,12],"texture":"#particle"},"up":{"uv":[5.33333,11.66667,4,11.33333],"rotation":90,"texture":"#particle"}}},{"from":[6,9,14],"to":[10,10,15],"rotation":{"angle":0,"axis":"y","origin":[8,8.83333,8]},"faces":{"east":{"uv":[5.33333,11.66667,5.66667,12],"texture":"#particle"},"south":{"uv":[4,11.66667,5.33333,12],"texture":"#particle"},"west":{"uv":[3.66667,11.66667,4,12],"texture":"#particle"},"up":{"uv":[5.33333,11.66667,4,11.33333],"rotation":180,"texture":"#particle"}}},{"from":[1,9,6],"to":[2,10,10],"rotation":{"angle":0,"axis":"y","origin":[8,8.83333,8]},"faces":{"north":{"uv":[3.66667,11.66667,4,12],"texture":"#particle"},"south":{"uv":[5.33333,11.66667,5.66667,12],"texture":"#particle"},"west":{"uv":[4,11.66667,5.33333,12],"texture":"#particle"},"up":{"uv":[5.33333,11.66667,4,11.33333],"rotation":270,"texture":"#particle"}}},{"from":[1,6,1],"to":[15,9,15],"rotation":{"angle":0,"axis":"y","origin":[8,8.83333,8]},"faces":{"north":{"uv":[0.33333,5,5,6],"texture":"#particle"},"east":{"uv":[0.33333,5,5,6],"texture":"#particle"},"south":{"uv":[0.33333,5,5,6],"texture":"#particle"},"west":{"uv":[0.33333,5,5,6],"texture":"#particle"},"up":{"uv":[5,5,0.33333,0.33333],"texture":"#particle"},"down":{"uv":[5,10.66667,0.33333,6],"texture":"#particle"}}},{"from":[4,10,4],"to":[12,13,12],"rotation":{"angle":0,"axis":"y","origin":[8,8.83333,8]},"faces":{"north":{"uv":[0.33333,14,3,15],"texture":"#particle"},"east":{"uv":[0.33333,14,3,15],"texture":"#particle"},"south":{"uv":[0.33333,14,3,15],"texture":"#particle"},"west":{"uv":[0.33333,14,3,15],"texture":"#particle"},"up":{"uv":[3,14,0.33333,11.33333],"texture":"#particle"}}}],"display":{"thirdperson_righthand":{"rotation":[75,45,0],"translation":[0,2.5,-0.25],"scale":[0.55,0.55,0.55]},"firstperson_righthand":{"rotation":[0,45,0],"translation":[1,2.5,0.5],"scale":[0.4,0.4,0.4]},"ground":{"translation":[0,1,0]},"gui":{"rotation":[30,225,0],"scale":[0.75,0.75,0.75]},"head":{"translation":[0,6.4,0],"scale":[1.6,1.6,1.6]},"fixed":{"rotation":[-90,90,0],"translation":[0,0,-6],"scale":[2,2,2]}},"gui_light":"front"}