{"textures":{"particle":"cosmetics:hats/gfx_valentines_bear_hat"},"elements":[{"from":[3,5,3],"to":[13,11,13],"faces":{"north":{"uv":[0.5,5.5,5.5,8.5],"texture":"#particle"},"east":{"uv":[5.5,5.5,10.5,8.5],"texture":"#particle"},"south":{"uv":[5.5,5.5,10.5,8.5],"texture":"#particle"},"west":{"uv":[5.5,5.5,10.5,8.5],"texture":"#particle"},"up":{"uv":[5.5,5.5,0.5,0.5],"texture":"#particle"},"down":{"uv":[5.5,13.5,0.5,8.5],"texture":"#particle"}}},{"from":[5,5,1],"to":[11,8,3],"rotation":{"angle":0,"axis":"y","origin":[11,13,10]},"faces":{"north":{"uv":[11.5,1.5,14.5,3],"texture":"#particle"},"east":{"uv":[15.5,1.5,14.5,3],"texture":"#particle"},"west":{"uv":[14.5,1.5,15.5,3],"texture":"#particle"},"up":{"uv":[14.5,1.5,11.5,0.5],"texture":"#particle"},"down":{"uv":[14.5,4,11.5,3],"texture":"#particle"}}},{"from":[7,6,0],"to":[9,8,1],"rotation":{"angle":0,"axis":"y","origin":[11,13,9]},"faces":{"north":{"uv":[13,14,14,15],"texture":"#particle"},"east":{"uv":[12.5,14,13,15],"texture":"#particle"},"west":{"uv":[14,14,14.5,15],"texture":"#particle"},"up":{"uv":[14,14,13,13.5],"texture":"#particle"},"down":{"uv":[14,15.5,13,15],"texture":"#particle"}}},{"from":[5,8,2],"to":[7,10,3],"rotation":{"angle":0,"axis":"y","origin":[9,15,11]},"faces":{"north":{"uv":[10,14,11,15],"texture":"#particle"},"east":{"uv":[9.5,14,10,15],"texture":"#particle"},"west":{"uv":[11,14,11.5,15],"texture":"#particle"},"up":{"uv":[11,14,10,13.5],"texture":"#particle"}}},{"from":[9,8,2],"to":[11,10,3],"rotation":{"angle":0,"axis":"y","origin":[13,15,11]},"faces":{"north":{"uv":[10,14,11,15],"texture":"#particle"},"east":{"uv":[9.5,14,10,15],"texture":"#particle"},"west":{"uv":[11,14,11.5,15],"texture":"#particle"},"up":{"uv":[11,14,10,13.5],"texture":"#particle"}}},{"from":[2,10,7],"to":[6,14,9],"rotation":{"angle":0,"axis":"y","origin":[9,17,16]},"faces":{"north":{"uv":[7.5,1.5,9.5,3.5],"texture":"#particle"},"east":{"uv":[6.5,1.5,7.5,3.5],"texture":"#particle"},"south":{"uv":[6.5,13.5,8.5,15.5],"texture":"#particle"},"west":{"uv":[9.5,1.5,10.5,3.5],"texture":"#particle"},"up":{"uv":[9.5,1.5,7.5,0.5],"texture":"#particle"},"down":{"uv":[9.5,4.5,7.5,3.5],"texture":"#particle"}}},{"from":[10,10,7],"to":[14,14,9],"rotation":{"angle":0,"axis":"y","origin":[17,17,16]},"faces":{"north":{"uv":[7.5,1.5,9.5,3.5],"texture":"#particle"},"east":{"uv":[6.5,1.5,7.5,3.5],"texture":"#particle"},"south":{"uv":[6.5,13.5,8.5,15.5],"texture":"#particle"},"west":{"uv":[9.5,1.5,10.5,3.5],"texture":"#particle"},"up":{"uv":[9.5,1.5,7.5,0.5],"texture":"#particle"},"down":{"uv":[9.5,4.5,7.5,3.5],"texture":"#particle"}}},{"from":[4,11,4],"to":[12,12,12],"rotation":{"angle":0,"axis":"y","origin":[11,15,11]},"faces":{"north":{"uv":[0.5,14.5,4.5,15],"texture":"#particle"},"east":{"uv":[0.5,14.5,4.5,15],"texture":"#particle"},"south":{"uv":[0.5,14.5,4.5,15],"texture":"#particle"},"west":{"uv":[0.5,14.5,4.5,15],"texture":"#particle"},"up":{"uv":[5,5,1,1],"texture":"#particle"}}}],"display":{"thirdperson_righthand":{"rotation":[75,45,0],"translation":[0,2.5,-0.25],"scale":[0.55,0.55,0.55]},"thirdperson_lefthand":{"rotation":[75,45,0],"translation":[0,2.5,-0.25],"scale":[0.55,0.55,0.55]},"firstperson_righthand":{"rotation":[0,45,0],"translation":[0,2.5,0.5],"scale":[0.4,0.4,0.4]},"firstperson_lefthand":{"rotation":[0,45,0],"translation":[0,2.5,0.5],"scale":[0.4,0.4,0.4]},"ground":{"translation":[0,6,0]},"gui":{"rotation":[30,225,0],"scale":[0.8,0.8,0.8]},"head":{"translation":[0,6.4,0],"scale":[1.6,1.6,1.6]},"fixed":{"rotation":[-90,0,0],"translation":[0,1.5,-6],"scale":[2,2,2]}},"gui_light":"front"}