{"textures":{"particle":"cosmetics:hats/gfx_valkyrie_helmet"},"elements":[{"from":[3,5,3],"to":[13,7,13],"rotation":{"angle":0,"axis":"y","origin":[19,14,11]},"faces":{"north":{"uv":[0.5,5.5,5.5,6.5],"texture":"#particle"},"east":{"uv":[10.5,5.5,5.5,6.5],"texture":"#particle"},"south":{"uv":[10.5,5.5,15.5,6.5],"texture":"#particle"},"west":{"uv":[5.5,5.5,10.5,6.5],"texture":"#particle"},"up":{"uv":[5.5,5.5,0.5,0.5],"texture":"#particle"},"down":{"uv":[5.5,11.5,0.5,6.5],"texture":"#particle"}}},{"from":[2,7.47227,7.80438],"to":[3,8.47227,15.80438],"rotation":{"angle":-45,"axis":"x","origin":[2.5,6.47227,9.17938]},"faces":{"north":{"uv":[7.5,12.5,7,12],"rotation":180,"texture":"#particle"},"east":{"uv":[6.5,8,7,12],"rotation":270,"texture":"#particle"},"south":{"uv":[7.5,8,7,7.5],"texture":"#particle"},"west":{"uv":[7.5,8,8,12],"rotation":90,"texture":"#particle"},"up":{"uv":[7,8,7.5,12],"rotation":180,"texture":"#particle"},"down":{"uv":[8,8,8.5,12],"texture":"#particle"}}},{"from":[13,7.47227,7.80438],"to":[14,8.47227,15.80438],"rotation":{"angle":-45,"axis":"x","origin":[13.5,6.47227,9.17938]},"faces":{"north":{"uv":[7,12.5,7.5,12],"rotation":180,"texture":"#particle"},"east":{"uv":[7.5,12,8,8],"rotation":90,"texture":"#particle"},"south":{"uv":[7,8,7.5,7.5],"texture":"#particle"},"west":{"uv":[6.5,12,7,8],"rotation":270,"texture":"#particle"},"up":{"uv":[7.5,8,7,12],"rotation":180,"texture":"#particle"},"down":{"uv":[8.5,8,8,12],"texture":"#particle"}}},{"from":[2,6.47227,6.80438],"to":[3,7.47227,12.80438],"rotation":{"angle":-45,"axis":"x","origin":[2.5,6.47227,9.17938]},"faces":{"north":{"uv":[10.5,11.5,10,11],"rotation":180,"texture":"#particle"},"east":{"uv":[9.5,8,10,11],"rotation":270,"texture":"#particle"},"south":{"uv":[10.5,8,10,7.5],"texture":"#particle"},"west":{"uv":[10.5,8,11,11],"rotation":90,"texture":"#particle"},"up":{"uv":[10,8,10.5,11],"rotation":180,"texture":"#particle"},"down":{"uv":[11,8,11.5,11],"texture":"#particle"}}},{"from":[13,6.47227,6.80438],"to":[14,7.47227,12.80438],"rotation":{"angle":-45,"axis":"x","origin":[13.5,6.47227,9.17938]},"faces":{"north":{"uv":[10,11.5,10.5,11],"rotation":180,"texture":"#particle"},"east":{"uv":[10.5,11,11,8],"rotation":90,"texture":"#particle"},"south":{"uv":[10,8,10.5,7.5],"texture":"#particle"},"west":{"uv":[9.5,11,10,8],"rotation":270,"texture":"#particle"},"up":{"uv":[10.5,8,10,11],"rotation":180,"texture":"#particle"},"down":{"uv":[11.5,8,11,11],"texture":"#particle"}}},{"from":[2,5.47227,5.80438],"to":[3,6.47227,10.80438],"rotation":{"angle":-45,"axis":"x","origin":[2.5,6.47227,9.17938]},"faces":{"north":{"uv":[13,10.5,13.5,11],"rotation":180,"texture":"#particle"},"east":{"uv":[12.5,8,13,10.5],"rotation":270,"texture":"#particle"},"south":{"uv":[13,7.5,13.5,8],"texture":"#particle"},"west":{"uv":[13.5,8,14,10.5],"rotation":90,"texture":"#particle"},"up":{"uv":[13,8,13.5,10.5],"rotation":180,"texture":"#particle"},"down":{"uv":[14,8,14.5,10.5],"texture":"#particle"}}},{"from":[13,5.47227,5.80438],"to":[14,6.47227,10.80438],"rotation":{"angle":-45,"axis":"x","origin":[13.5,6.47227,9.17938]},"faces":{"north":{"uv":[13.5,10.5,13,11],"rotation":180,"texture":"#particle"},"east":{"uv":[13.5,10.5,14,8],"rotation":90,"texture":"#particle"},"south":{"uv":[13.5,7.5,13,8],"texture":"#particle"},"west":{"uv":[12.5,10.5,13,8],"rotation":270,"texture":"#particle"},"up":{"uv":[13.5,8,13,10.5],"rotation":180,"texture":"#particle"},"down":{"uv":[14.5,8,14,10.5],"texture":"#particle"}}},{"from":[2,4.47227,4.80438],"to":[3,5.47227,8.80438],"rotation":{"angle":-45,"axis":"x","origin":[2.5,6.47227,9.17938]},"faces":{"north":{"uv":[10.5,15.5,10,15],"rotation":180,"texture":"#particle"},"east":{"uv":[9.5,13,10,15],"rotation":270,"texture":"#particle"},"south":{"uv":[10.5,13,10,12.5],"texture":"#particle"},"west":{"uv":[10.5,13,11,15],"rotation":90,"texture":"#particle"},"up":{"uv":[10,13,10.5,15],"rotation":180,"texture":"#particle"},"down":{"uv":[11,13,11.5,15],"texture":"#particle"}}},{"from":[13,4.47227,4.80438],"to":[14,5.47227,8.80438],"rotation":{"angle":-45,"axis":"x","origin":[13.5,6.47227,9.17938]},"faces":{"north":{"uv":[10,15.5,10.5,15],"rotation":180,"texture":"#particle"},"east":{"uv":[10.5,15,11,13],"rotation":90,"texture":"#particle"},"south":{"uv":[10,13,10.5,12.5],"texture":"#particle"},"west":{"uv":[9.5,15,10,13],"rotation":270,"texture":"#particle"},"up":{"uv":[10.5,13,10,15],"rotation":180,"texture":"#particle"},"down":{"uv":[11.5,13,11,15],"texture":"#particle"}}},{"from":[3,3,5],"to":[4,5,10],"rotation":{"angle":0,"axis":"y","origin":[19,12,11]},"faces":{"north":{"uv":[9,0.5,9.5,1.5],"texture":"#particle"},"east":{"uv":[6.5,0.5,9,1.5],"texture":"#particle"},"south":{"uv":[12,0.5,12.5,1.5],"texture":"#particle"},"west":{"uv":[9.5,0.5,12,1.5],"texture":"#particle"},"down":{"uv":[0.5,14,3,14.5],"rotation":270,"texture":"#particle"}}},{"from":[12,3,5],"to":[13,5,10],"rotation":{"angle":0,"axis":"y","origin":[-3,12,11]},"faces":{"north":{"uv":[9.5,0.5,9,1.5],"texture":"#particle"},"east":{"uv":[12,0.5,9.5,1.5],"texture":"#particle"},"south":{"uv":[12.5,0.5,12,1.5],"texture":"#particle"},"west":{"uv":[9,0.5,6.5,1.5],"texture":"#particle"},"down":{"uv":[0.5,14.5,3,14],"rotation":270,"texture":"#particle"}}},{"from":[3,1,4],"to":[4,3,9],"rotation":{"angle":0,"axis":"y","origin":[19,10,11]},"faces":{"north":{"uv":[9,2.5,9.5,3.5],"texture":"#particle"},"east":{"uv":[6.5,2.5,9,3.5],"texture":"#particle"},"south":{"uv":[12,2.5,12.5,3.5],"texture":"#particle"},"west":{"uv":[9.5,2.5,12,3.5],"texture":"#particle"},"up":{"uv":[13.5,14.5,13,12],"texture":"#particle"},"down":{"uv":[15,14.5,14.5,12],"texture":"#particle"}}},{"from":[12,1,4],"to":[13,3,9],"rotation":{"angle":0,"axis":"y","origin":[-3,10,11]},"faces":{"north":{"uv":[9.5,2.5,9,3.5],"texture":"#particle"},"east":{"uv":[12,2.5,9.5,3.5],"texture":"#particle"},"south":{"uv":[12.5,2.5,12,3.5],"texture":"#particle"},"west":{"uv":[9,2.5,6.5,3.5],"texture":"#particle"},"up":{"uv":[6.5,15.5,7,13.5],"texture":"#particle"},"down":{"uv":[8,15.5,8.5,13.5],"texture":"#particle"}}},{"from":[3,0,3],"to":[4,1,7],"rotation":{"angle":0,"axis":"y","origin":[19,9,10]},"faces":{"north":{"uv":[2.5,12.5,3,13],"texture":"#particle"},"east":{"uv":[0.5,12.5,2.5,13],"texture":"#particle"},"south":{"uv":[5,12.5,5.5,13],"texture":"#particle"},"west":{"uv":[3,12.5,5,13],"texture":"#particle"},"up":{"uv":[7,15.5,6.5,13.5],"texture":"#particle"},"down":{"uv":[8.5,15.5,8,13.5],"texture":"#particle"}}},{"from":[12,0,3],"to":[13,1,7],"rotation":{"angle":0,"axis":"y","origin":[-3,9,10]},"faces":{"north":{"uv":[3,12.5,2.5,13],"texture":"#particle"},"east":{"uv":[5,12.5,3,13],"texture":"#particle"},"south":{"uv":[5.5,12.5,5,13],"texture":"#particle"},"west":{"uv":[2.5,12.5,0.5,13],"texture":"#particle"},"up":{"uv":[6.5,15.5,7,13.5],"texture":"#particle"},"down":{"uv":[8,15.5,8.5,13.5],"texture":"#particle"}}},{"from":[7,4,2],"to":[9,6,3],"rotation":{"angle":45,"axis":"z","origin":[8,5,2.5]},"faces":{"north":{"uv":[14,1,15,2],"texture":"#particle"},"east":{"uv":[13.5,1,14,2],"texture":"#particle"},"south":{"uv":[15,3.5,14,2.5],"texture":"#particle"},"west":{"uv":[15,1,15.5,2],"texture":"#particle"},"up":{"uv":[15,0.5,14,1],"texture":"#particle"},"down":{"uv":[15,2,14,2.5],"texture":"#particle"}}}],"display":{"thirdperson_righthand":{"rotation":[75,45,0],"translation":[0,2.5,-0.25],"scale":[0.55,0.55,0.55]},"firstperson_righthand":{"rotation":[0,45,0],"translation":[1,3,0.5],"scale":[0.4,0.4,0.4]},"ground":{"translation":[0,4.5,0]},"gui":{"rotation":[30,225,0],"translation":[-0.5,1.25,0],"scale":[0.8,0.8,0.8]},"head":{"translation":[0,6.4,0],"scale":[1.6,1.6,1.6]},"fixed":{"rotation":[-90,90,0],"translation":[0,0,-16],"scale":[2,2,2]}},"gui_light":"front"}