{"textures":{"particle":"cosmetics:hats/vr_blue"},"elements":[{"from":[3,3,5],"to":[4,5,10],"rotation":{"angle":0,"axis":"y","origin":[11,11,13]},"faces":{"east":{"uv":[10,4,12.5,5],"texture":"#particle"},"south":{"uv":[9.5,4,10,5],"texture":"#particle"},"west":{"uv":[7,4,9.5,5],"texture":"#particle"},"up":{"uv":[14,6.5,13.5,4],"texture":"#particle"},"down":{"uv":[15.5,6.5,15,4],"texture":"#particle"}}},{"from":[12,3,5],"to":[13,5,10],"rotation":{"angle":0,"axis":"y","origin":[5,11,13]},"faces":{"east":{"uv":[9.5,4,7,5],"texture":"#particle"},"south":{"uv":[10,4,9.5,5],"texture":"#particle"},"west":{"uv":[12.5,4,10,5],"texture":"#particle"},"up":{"uv":[13.5,6.5,14,4],"texture":"#particle"},"down":{"uv":[15,6.5,15.5,4],"texture":"#particle"}}},{"from":[3,2,4],"to":[4,5,5],"rotation":{"angle":0,"axis":"y","origin":[11,10,12]},"faces":{"east":{"uv":[13,1,13.5,2.5],"texture":"#particle"},"south":{"uv":[12.5,1,13,2.5],"texture":"#particle"},"west":{"uv":[12,1,12.5,2.5],"texture":"#particle"},"up":{"uv":[12.5,0.5,13,1],"texture":"#particle"},"down":{"uv":[12.5,2.5,13,3],"texture":"#particle"}}},{"from":[12,2,4],"to":[13,5,5],"rotation":{"angle":0,"axis":"y","origin":[5,10,12]},"faces":{"east":{"uv":[12.5,1,12,2.5],"texture":"#particle"},"south":{"uv":[13,1,12.5,2.5],"texture":"#particle"},"west":{"uv":[13.5,1,13,2.5],"texture":"#particle"},"up":{"uv":[13,0.5,12.5,1],"texture":"#particle"},"down":{"uv":[13,2.5,12.5,3],"texture":"#particle"}}},{"from":[3,2,3],"to":[13,5,4],"rotation":{"angle":0,"axis":"y","origin":[11,10,11]},"faces":{"north":{"uv":[0.5,1,5.5,2.5],"texture":"#particle"},"east":{"uv":[6,1,5.5,2.5],"texture":"#particle"},"south":{"uv":[6,1,11,2.5],"texture":"#particle"},"west":{"uv":[5.5,1,6,2.5],"texture":"#particle"},"up":{"uv":[5.5,1,0.5,0.5],"texture":"#particle"},"down":{"uv":[5.5,3,0.5,2.5],"texture":"#particle"}}},{"from":[3,3,2],"to":[13,5,3],"rotation":{"angle":0,"axis":"y","origin":[11,11,10]},"faces":{"north":{"uv":[0.5,4.5,5.5,5.5],"texture":"#particle"},"east":{"uv":[6,4.5,5.5,5.5],"texture":"#particle"},"west":{"uv":[5.5,4.5,6,5.5],"texture":"#particle"},"up":{"uv":[5.5,4.5,0.5,4],"texture":"#particle"},"down":{"uv":[5.5,6,0.5,5.5],"texture":"#particle"}}},{"from":[6,5,3],"to":[10,6,4],"rotation":{"angle":0,"axis":"y","origin":[14,13,11]},"faces":{"north":{"uv":[1,7.5,3,8],"texture":"#particle"},"east":{"uv":[0.5,7.5,1,8],"texture":"#particle"},"south":{"uv":[3.5,7.5,5.5,8],"texture":"#particle"},"west":{"uv":[3,7.5,3.5,8],"texture":"#particle"},"up":{"uv":[3,7.5,1,7],"texture":"#particle"}}},{"from":[2,2,9],"to":[4,4,11],"rotation":{"angle":0,"axis":"y","origin":[10,10,17]},"faces":{"north":{"uv":[7.5,7,8.5,8],"texture":"#particle"},"east":{"uv":[6.5,7,7.5,8],"texture":"#particle"},"south":{"uv":[9.5,7,10.5,8],"texture":"#particle"},"west":{"uv":[8.5,7,9.5,8],"texture":"#particle"},"up":{"uv":[8.5,7,7.5,6],"texture":"#particle"},"down":{"uv":[8.5,9,7.5,8],"texture":"#particle"}}},{"from":[12,2,9],"to":[14,4,11],"rotation":{"angle":0,"axis":"y","origin":[6,10,17]},"faces":{"north":{"uv":[8.5,7,7.5,8],"texture":"#particle"},"east":{"uv":[9.5,7,8.5,8],"texture":"#particle"},"south":{"uv":[10.5,7,9.5,8],"texture":"#particle"},"west":{"uv":[7.5,7,6.5,8],"texture":"#particle"},"up":{"uv":[7.5,7,8.5,6],"texture":"#particle"},"down":{"uv":[7.5,9,8.5,8],"texture":"#particle"}}},{"from":[1.5,2.5,9.5],"to":[2.5,6.5,10.5],"rotation":{"angle":45,"axis":"x","origin":[2.5,3,10]},"faces":{"north":{"uv":[1,9.5,1.5,11.5],"texture":"#particle"},"east":{"uv":[0.5,9.5,1,11.5],"texture":"#particle"},"south":{"uv":[2,9.5,2.5,11.5],"texture":"#particle"},"west":{"uv":[1.5,9.5,2,11.5],"texture":"#particle"},"up":{"uv":[1.5,9.5,1,9],"texture":"#particle"},"down":{"uv":[1.5,12,1,11.5],"texture":"#particle"}}},{"from":[13.5,2.5,9.5],"to":[14.5,6.5,10.5],"rotation":{"angle":45,"axis":"x","origin":[13.5,3,10]},"faces":{"north":{"uv":[1.5,9.5,1,11.5],"texture":"#particle"},"east":{"uv":[2,9.5,1.5,11.5],"texture":"#particle"},"south":{"uv":[2.5,9.5,2,11.5],"texture":"#particle"},"west":{"uv":[1,9.5,0.5,11.5],"texture":"#particle"},"up":{"uv":[1,9.5,1.5,9],"texture":"#particle"},"down":{"uv":[1,12,1.5,11.5],"texture":"#particle"}}}],"display":{"thirdperson_righthand":{"rotation":[67.5,22.5,0],"translation":[0,2.5,2],"scale":[0.55,0.55,0.55]},"thirdperson_lefthand":{"rotation":[67.5,22.5,0],"translation":[0,2.5,2],"scale":[0.55,0.55,0.55]},"firstperson_righthand":{"rotation":[0,135,0],"translation":[-0.5,3.5,0.5],"scale":[0.4,0.4,0.4]},"firstperson_lefthand":{"rotation":[0,135,0],"translation":[-0.5,3.5,0.5],"scale":[0.4,0.4,0.4]},"gui":{"rotation":[30,225,0],"translation":[0,2.5,0],"scale":[0.8,0.8,0.8]},"head":{"translation":[0,6.5,0],"scale":[1.6,1.6,1.6]}},"gui_light":"front"}