{"credit":"Made with Blockbench","ambientocclusion":false,"texture_size":[64,64],"textures":{"0":"cosmetics:hats/walle_hat","particle":"cosmetics:hats/walle_hat"},"elements":[{"name":"head","from":[3,5,3],"to":[13,9,13],"shade":false,"faces":{"north":{"uv":[2.5,2.5,5,3.5],"texture":"#0"},"east":{"uv":[0,2.5,2.5,3.5],"texture":"#0"},"south":{"uv":[7.5,2.5,10,3.5],"texture":"#0"},"west":{"uv":[5,2.5,7.5,3.5],"texture":"#0"},"up":{"uv":[5,2.5,2.5,0],"texture":"#0"},"down":{"uv":[7.5,0,5,2.5],"texture":"#0"}}},{"name":"head","from":[7,8,7],"to":[9,14,10],"shade":false,"rotation":{"angle":-22.5,"axis":"x","origin":[8,9,9]},"faces":{"north":{"uv":[0.75,0.75,1.25,2.25],"texture":"#0"},"east":{"uv":[0,0.75,0.75,2.25],"texture":"#0"},"south":{"uv":[2,0.75,2.5,2.25],"texture":"#0"},"west":{"uv":[1.25,0.75,2,2.25],"texture":"#0"},"up":{"uv":[1.25,0.75,0.75,0],"texture":"#0"},"down":{"uv":[1.75,0,1.25,0.75],"texture":"#0"}}},{"name":"head","from":[6,12,5],"to":[10,14,11],"shade":false,"rotation":{"angle":0,"axis":"y","origin":[8,7,9]},"faces":{"north":{"uv":[1.5,5,2.5,5.5],"texture":"#0"},"east":{"uv":[0,5,1.5,5.5],"texture":"#0"},"south":{"uv":[4,5,5,5.5],"texture":"#0"},"west":{"uv":[2.5,5,4,5.5],"texture":"#0"},"up":{"uv":[2.5,5,1.5,3.5],"texture":"#0"},"down":{"uv":[3.5,3.5,2.5,5],"texture":"#0"}}},{"name":"head","from":[7,13,4],"to":[12,17,6],"shade":false,"rotation":{"angle":-22.5,"axis":"z","origin":[8,10,6]},"faces":{"north":{"uv":[3.5,7,4.75,8],"texture":"#0"},"east":{"uv":[3,7,3.5,8],"texture":"#0"},"south":{"uv":[5.25,7,6.5,8],"texture":"#0"},"west":{"uv":[4.75,7,5.25,8],"texture":"#0"},"up":{"uv":[4.75,7,3.5,6.5],"texture":"#0"},"down":{"uv":[6,6.5,4.75,7],"texture":"#0"}}},{"name":"head","from":[6.75,12.5,3.95],"to":[11.75,16.5,3.95],"shade":false,"rotation":{"angle":-22.5,"axis":"z","origin":[8,10,6]},"faces":{"north":{"uv":[3.75,8,5,9],"texture":"#0"},"east":{"uv":[3.75,8,3.75,9],"texture":"#0"},"south":{"uv":[5,8,6.25,9],"texture":"#0"},"west":{"uv":[5,8,5,9],"texture":"#0"},"up":{"uv":[5,8,3.75,8],"texture":"#0"},"down":{"uv":[6.25,8,5,8],"texture":"#0"}}},{"name":"head","from":[4.25,12.5,3.95],"to":[9.25,16.5,3.95],"shade":false,"rotation":{"angle":22.5,"axis":"z","origin":[8,10,6]},"faces":{"north":{"uv":[5,8,3.75,9],"texture":"#0"},"east":{"uv":[5,8,5,9],"texture":"#0"},"south":{"uv":[6.25,8,5,9],"texture":"#0"},"west":{"uv":[3.75,8,3.75,9],"texture":"#0"},"up":{"uv":[3.75,8,5,8],"texture":"#0"},"down":{"uv":[5,8,6.25,8],"texture":"#0"}}},{"name":"head","from":[7,13,6],"to":[11,15,10],"shade":false,"rotation":{"angle":-22.5,"axis":"z","origin":[8,10,8]},"faces":{"north":{"uv":[5,6,6,6.5],"texture":"#0"},"east":{"uv":[4,6,5,6.5],"texture":"#0"},"south":{"uv":[7,6,8,6.5],"texture":"#0"},"west":{"uv":[6,6,7,6.5],"texture":"#0"},"up":{"uv":[6,6,5,5],"texture":"#0"},"down":{"uv":[7,5,6,6],"texture":"#0"}}},{"name":"head","from":[4,13,4],"to":[9,17,6],"shade":false,"rotation":{"angle":22.5,"axis":"z","origin":[8,10,6]},"faces":{"north":{"uv":[0.5,6,1.75,7],"texture":"#0"},"east":{"uv":[0,6,0.5,7],"texture":"#0"},"south":{"uv":[2.25,6,3.5,7],"texture":"#0"},"west":{"uv":[1.75,6,2.25,7],"texture":"#0"},"up":{"uv":[1.75,6,0.5,5.5],"texture":"#0"},"down":{"uv":[3,5.5,1.75,6],"texture":"#0"}}},{"name":"head","from":[5,13,6],"to":[9,15,10],"shade":false,"rotation":{"angle":22.5,"axis":"z","origin":[8,10,8]},"faces":{"north":{"uv":[4.5,4.5,5.5,5],"texture":"#0"},"east":{"uv":[3.5,4.5,4.5,5],"texture":"#0"},"south":{"uv":[6.5,4.5,7.5,5],"texture":"#0"},"west":{"uv":[5.5,4.5,6.5,5],"texture":"#0"},"up":{"uv":[5.5,4.5,4.5,3.5],"texture":"#0"},"down":{"uv":[6.5,3.5,5.5,4.5],"texture":"#0"}}}],"display":{"thirdperson_righthand":{"translation":[0,2.25,0.5],"scale":[0.5,0.5,0.5]},"thirdperson_lefthand":{"translation":[0,2.25,0.75],"scale":[0.5,0.5,0.5]},"ground":{"scale":[0.5,0.5,0.5]},"gui":{"rotation":[14,-145,0],"translation":[0,2.25,0],"scale":[0.9,0.9,0.9]},"head":{"translation":[0,6.25,0],"scale":[1.6,1.6,1.6]},"fixed":{"translation":[0,2.5,0]}},"gui_light":"front"}