{"textures":{"particle":"cosmetics:hats/gfx_xmas_pudding_hat"},"elements":[{"from":[3.5,7,3.5],"to":[12.5,10,12.5],"rotation":{"angle":0,"axis":"y","origin":[11.5,13,11.5]},"faces":{"north":{"uv":[6.5,5,11,6.5],"texture":"#particle"},"east":{"uv":[11,5,15.5,6.5],"texture":"#particle"},"south":{"uv":[6.5,5,11,6.5],"texture":"#particle"},"west":{"uv":[11,5,15.5,6.5],"texture":"#particle"},"up":{"uv":[11,5,6.5,0.5],"texture":"#particle"}}},{"from":[3,5,3],"to":[13,7,13],"rotation":{"angle":0,"axis":"y","origin":[12,11,11]},"faces":{"north":{"uv":[0.5,5.5,5.5,6.5],"texture":"#particle"},"east":{"uv":[0.5,5.5,5.5,6.5],"texture":"#particle"},"south":{"uv":[0.5,5.5,5.5,6.5],"texture":"#particle"},"west":{"uv":[0.5,5.5,5.5,6.5],"texture":"#particle"},"up":{"uv":[5.5,5.5,0.5,0.5],"texture":"#particle"},"down":{"uv":[5.5,11.5,0.5,6.5],"texture":"#particle"}}},{"from":[4.5,10,4.5],"to":[11.5,11,11.5],"rotation":{"angle":0,"axis":"y","origin":[11.5,15,11.5]},"faces":{"north":{"uv":[6.5,11,10,11.5],"texture":"#particle"},"east":{"uv":[11,7.5,14.5,8],"texture":"#particle"},"south":{"uv":[11,10.5,14.5,11],"texture":"#particle"},"west":{"uv":[11,9,14.5,9.5],"texture":"#particle"},"up":{"uv":[10,11,6.5,7.5],"texture":"#particle"}}},{"from":[8,11,6],"to":[10,12,8],"rotation":{"angle":0,"axis":"y","origin":[12,15,10]},"faces":{"north":{"uv":[13,1.5,14,2],"texture":"#particle"},"east":{"uv":[12,1.5,13,2],"texture":"#particle"},"west":{"uv":[14,1.5,15,2],"texture":"#particle"},"up":{"uv":[14,1.5,13,0.5],"texture":"#particle"}}},{"from":[8,11,8],"to":[10,13,10],"rotation":{"angle":0,"axis":"y","origin":[12,16,12]},"faces":{"north":{"uv":[1.5,13.5,2.5,14.5],"texture":"#particle"},"east":{"uv":[0.5,13.5,1.5,14.5],"texture":"#particle"},"south":{"uv":[3.5,13.5,4.5,14.5],"texture":"#particle"},"west":{"uv":[2.5,13.5,3.5,14.5],"texture":"#particle"},"up":{"uv":[2.5,13.5,1.5,12.5],"texture":"#particle"}}},{"from":[6,11,7],"to":[8,13,9],"rotation":{"angle":0,"axis":"y","origin":[10,16,11]},"faces":{"north":{"uv":[6.5,13.5,7.5,14.5],"texture":"#particle"},"east":{"uv":[5.5,13.5,6.5,14.5],"texture":"#particle"},"south":{"uv":[8.5,13.5,9.5,14.5],"texture":"#particle"},"west":{"uv":[7.5,13.5,8.5,14.5],"texture":"#particle"},"up":{"uv":[7.5,13.5,6.5,12.5],"texture":"#particle"}}}],"display":{"thirdperson_righthand":{"rotation":[75,45,0],"translation":[0,2.5,-0.25],"scale":[0.55,0.55,0.55]},"firstperson_righthand":{"rotation":[0,45,0],"translation":[1,2,0.5],"scale":[0.4,0.4,0.4]},"gui":{"rotation":[30,225,0],"scale":[0.8,0.8,0.8]},"head":{"translation":[0,6.45,0],"scale":[1.61,1.61,1.61]},"fixed":{"rotation":[-90,0,0],"translation":[0,0,-6],"scale":[2,2,2]}},"gui_light":"front"}