{"parent":"item/generated","textures":{"layer0":"item/feather"},"display":{"head":{"rotation":[0,0,45],"translation":[-1,13,7],"scale":[1,1,1]}},"overrides":[{"predicate":{"custom_model_data":10000},"model":"cosmeticpack:ear1"},{"predicate":{"custom_model_data":10001},"model":"magiccosmetics:menu/back"},{"predicate":{"custom_model_data":10002},"model":"magiccosmetics:menu/back_gray"},{"predicate":{"custom_model_data":10003},"model":"magiccosmetics:menu/next"},{"predicate":{"custom_model_data":10004},"model":"magiccosmetics:menu/next_gray"},{"predicate":{"custom_model_data":10005},"model":"magiccosmetics:menu/empty"},{"predicate":{"custom_model_data":10006},"model":"magiccosmetics:item/spray"},{"predicate":{"custom_model_data":10007},"model":"cosmeticpack:headphone"},{"predicate":{"custom_model_data":10008},"model":"cosmeticpack:hornhat"},{"predicate":{"custom_model_data":10009},"model":"cosmeticpack:ear2"},{"predicate":{"custom_model_data":10010},"model":"cosmeticpack:mask"},{"predicate":{"custom_model_data":10011},"model":"cosmeticpack:divingglasses"},{"predicate":{"custom_model_data":10012},"model":"cosmeticpack:bearhat"},{"predicate":{"custom_model_data":10013},"model":"item/feather"}],"gui_light":"front"}