{"parent":"minecraft:item/generated","textures":{"layer0":"minecraft:item/leather_horse_armor"},"overrides":[{"predicate":{"custom_model_data":10000},"model":"hmccosmetics:item/beanie"},{"predicate":{"custom_model_data":10001},"model":"hmccosmetics:item/paintbrush"},{"predicate":{"custom_model_data":10002},"model":"hmccosmetics:item/explorer_backpack"},{"predicate":{"custom_model_data":10003},"model":"hmccosmetics:item/earth_day_grabber"},{"predicate":{"custom_model_data":10004},"model":"hmccosmetics:item/explorer_backpack_thirdperson"},{"predicate":{"custom_model_data":10005},"model":"cosmetic_packv1:ninja_hat"},{"predicate":{"custom_model_data":10006},"model":"cosmetic_packv1:ninja_backpack"},{"predicate":{"custom_model_data":10007},"model":"cosmetic_packv1:ninja_hand"},{"predicate":{"custom_model_data":10008},"model":"cosmetic_packv1:knight_hat"},{"predicate":{"custom_model_data":10009},"model":"cosmetic_packv1:knight_backpack"},{"predicate":{"custom_model_data":10010},"model":"cosmetic_packv1:knight_hand"},{"predicate":{"custom_model_data":10011},"model":"cosmetic_packv1:wizard_hat"},{"predicate":{"custom_model_data":10012},"model":"cosmetic_packv1:wizard_backpack"},{"predicate":{"custom_model_data":10013},"model":"cosmetic_packv1:wizard_hand"},{"predicate":{"custom_model_data":10014},"model":"cosmetic_packv1:frozen_hat"},{"predicate":{"custom_model_data":10015},"model":"cosmetic_packv1:frozen_backpack"},{"predicate":{"custom_model_data":10016},"model":"cosmetic_packv1:frozen_hand"},{"predicate":{"custom_model_data":10017},"model":"cosmetic_packv1:ender_hat"},{"predicate":{"custom_model_data":10018},"model":"cosmetic_packv1:ender_backpack"},{"predicate":{"custom_model_data":10019},"model":"cosmetic_packv1:ender_hand"},{"predicate":{"custom_model_data":10020},"model":"magiccosmetics:item/hotdog"},{"predicate":{"custom_model_data":10021},"model":"magiccosmetics:item/balloon"},{"predicate":{"custom_model_data":10022},"model":"magiccosmetics:item/stick"},{"predicate":{"custom_model_data":10023},"model":"magiccosmetics:item/brush"},{"predicate":{"custom_model_data":10024},"model":"magiccosmetics:item/tone"},{"predicate":{"custom_model_data":10025},"model":"magiccosmetics:item/backpack"},{"predicate":{"custom_model_data":10026},"model":"magiccosmetics:item/stand"},{"predicate":{"custom_model_data":10027},"model":"magiccosmetics:item/token"},{"predicate":{"custom_model_data":10028},"model":"magiccosmetics:item/mexhat"},{"predicate":{"custom_model_data":10029},"model":"animated_wings:angelic_wings"},{"predicate":{"custom_model_data":10030},"model":"animated_wings:demon_wings"},{"predicate":{"custom_model_data":10031},"model":"animated_wings:nature_wings"},{"predicate":{"custom_model_data":10032},"model":"animated_wings:scifi_wings"},{"predicate":{"custom_model_data":10033},"model":"cosmetic_expansion_v1:chicken_hat"},{"predicate":{"custom_model_data":10034},"model":"cosmetic_expansion_v1:chicken_wings"},{"predicate":{"custom_model_data":10035},"model":"cosmetic_expansion_v1:cutlass"},{"predicate":{"custom_model_data":10036},"model":"cosmetic_expansion_v1:cyber_blade"},{"predicate":{"custom_model_data":10037},"model":"cosmetic_expansion_v1:cyber_jetpack"},{"predicate":{"custom_model_data":10038},"model":"cosmetic_expansion_v1:cyber_visor"},{"predicate":{"custom_model_data":10039},"model":"cosmetic_expansion_v1:egg_staff"},{"predicate":{"custom_model_data":10040},"model":"cosmetic_expansion_v1:phantom_king_crown"},{"predicate":{"custom_model_data":10041},"model":"cosmetic_expansion_v1:phantom_king_shield"},{"predicate":{"custom_model_data":10042},"model":"cosmetic_expansion_v1:phantom_septer"},{"predicate":{"custom_model_data":10043},"model":"cosmetic_expansion_v1:pirate_hat"},{"predicate":{"custom_model_data":10044},"model":"cosmetic_expansion_v1:treasure_chest"},{"predicate":{"custom_model_data":10045},"model":"cosmetic_expansion_v1:shadow_dragon"},{"predicate":{"custom_model_data":10046},"model":"cosmetic_expansion_v1:shadow_dragon_claw"},{"predicate":{"custom_model_data":10047},"model":"cosmetic_expansion_v1:shadow_dragon_wings"},{"predicate":{"custom_model_data":10048},"model":"profession_cosmetics:miner_hat"},{"predicate":{"custom_model_data":10049},"model":"profession_cosmetics:miner_backpack"},{"predicate":{"custom_model_data":10050},"model":"profession_cosmetics:miner_lamp"},{"predicate":{"custom_model_data":10051},"model":"profession_cosmetics:wizard_hat"},{"predicate":{"custom_model_data":10052},"model":"profession_cosmetics:wizard_cape"},{"predicate":{"custom_model_data":10053},"model":"profession_cosmetics:wizard_staff"},{"predicate":{"custom_model_data":10054},"model":"profession_cosmetics:viking_hat"},{"predicate":{"custom_model_data":10055},"model":"profession_cosmetics:viking_shield"},{"predicate":{"custom_model_data":10056},"model":"profession_cosmetics:viking_axe"},{"predicate":{"custom_model_data":10057},"model":"item/leather_horse_armor"}]}