{"parent":"minecraft:item/handheld","textures":{"layer0":"minecraft:item/netherite_hoe"},"overrides":[{"predicate":{"custom_model_data":10000},"model":"inkless:item/ia_auto/hoe_fantasy1"},{"predicate":{"custom_model_data":10001},"model":"inkless:item/ia_auto/hoe_fantasy2"},{"predicate":{"custom_model_data":10002},"model":"inkless:item/ia_auto/hoe_fantasy3"},{"predicate":{"custom_model_data":10003},"model":"inkless:item/ia_auto/hoe_fantasy4"},{"predicate":{"custom_model_data":10004},"model":"inkless:item/ia_auto/hoe_fantasy5"},{"predicate":{"custom_model_data":10005},"model":"inkless:item/ia_auto/hoe_fantasy6"},{"predicate":{"custom_model_data":10006},"model":"inkless:item/ia_auto/hoe_fantasy7"},{"predicate":{"custom_model_data":10007},"model":"inkless:item/ia_auto/hoe_fantasy8"},{"predicate":{"custom_model_data":10008},"model":"inkless:item/ia_auto/hoe_fantasy9"},{"predicate":{"custom_model_data":10009},"model":"inkless:item/ia_auto/hoe_fantasy10"},{"predicate":{"custom_model_data":10010},"model":"inkless:item/ia_auto/hoe_fantasy11"},{"predicate":{"custom_model_data":10011},"model":"inkless:item/ia_auto/hoe_fantasy12"},{"predicate":{"custom_model_data":10012},"model":"inkless:item/ia_auto/hoe_fantasy13"},{"predicate":{"custom_model_data":10013},"model":"inkless:item/ia_auto/hoe_fantasy14"},{"predicate":{"custom_model_data":10014},"model":"inkless:item/ia_auto/hoe_fantasy15"},{"predicate":{"custom_model_data":10015},"model":"inkless:item/ia_auto/hoe_fantasy16"},{"predicate":{"custom_model_data":10016},"model":"inkless:item/ia_auto/hoe_fantasy17"},{"predicate":{"custom_model_data":10017},"model":"inkless:item/ia_auto/hoe_fantasy18"},{"predicate":{"custom_model_data":10018},"model":"inkless:item/ia_auto/hoe_fantasy19"},{"predicate":{"custom_model_data":10019},"model":"inkless:item/ia_auto/hoe_fantasy20"},{"predicate":{"custom_model_data":10020},"model":"inkless:item/ia_auto/hoe_fantasy21"},{"predicate":{"custom_model_data":10021},"model":"inkless:item/ia_auto/hoe_fantasy22"},{"predicate":{"custom_model_data":10022},"model":"inkless:item/ia_auto/hoe_fantasy23"},{"predicate":{"custom_model_data":10023},"model":"inkless:item/ia_auto/hoe_fantasy24"},{"predicate":{"custom_model_data":10024},"model":"inkless:item/ia_auto/hoe_fantasy25"},{"predicate":{"custom_model_data":10025},"model":"inkless:item/ia_auto/hoe_fantasy26"},{"predicate":{"custom_model_data":10026},"model":"inkless:item/ia_auto/hoe_fantasy27"},{"predicate":{"custom_model_data":10027},"model":"inkless:item/ia_auto/hoe_fantasy28"},{"predicate":{"custom_model_data":10028},"model":"inkless:item/ia_auto/hoe_fantasy29"},{"predicate":{"custom_model_data":10029},"model":"inkless:item/ia_auto/hoe_fantasy30"},{"predicate":{"custom_model_data":10030},"model":"inkless:item/ia_auto/hoe_fantasy31"},{"predicate":{"custom_model_data":10031},"model":"inkless:item/ia_auto/hoe_fantasy32"},{"predicate":{"custom_model_data":10032},"model":"inkless:item/ia_auto/hoe_fantasy33"},{"predicate":{"custom_model_data":10033},"model":"inkless:item/ia_auto/hoe_fantasy34"},{"predicate":{"custom_model_data":10034},"model":"inkless:item/ia_auto/hoe_fantasy35"},{"predicate":{"custom_model_data":10035},"model":"inkless:item/ia_auto/hoe_fantasy36"},{"predicate":{"custom_model_data":10036},"model":"inkless:item/ia_auto/hoe_fantasy37"},{"predicate":{"custom_model_data":10037},"model":"inkless:item/ia_auto/hoe_fantasy38"},{"predicate":{"custom_model_data":10038},"model":"inkless:item/ia_auto/hoe_fantasy39"},{"predicate":{"custom_model_data":10039},"model":"inkless:item/ia_auto/hoe_fantasy40"},{"predicate":{"custom_model_data":10040},"model":"inkless:item/ia_auto/hoe_fantasy41"},{"predicate":{"custom_model_data":10041},"model":"inkless:item/ia_auto/hoe_fantasy42"},{"predicate":{"custom_model_data":10042},"model":"inkless:item/ia_auto/hoe_fantasy43"},{"predicate":{"custom_model_data":10043},"model":"inkless:item/ia_auto/hoe_fantasy44"},{"predicate":{"custom_model_data":10044},"model":"inkless:item/ia_auto/hoe_fantasy45"},{"predicate":{"custom_model_data":10045},"model":"inkless:item/ia_auto/hoe_fantasy46"},{"predicate":{"custom_model_data":10046},"model":"inkless:item/ia_auto/hoe_fantasy47"},{"predicate":{"custom_model_data":10047},"model":"inkless:item/ia_auto/hoe_fantasy48"},{"predicate":{"custom_model_data":10048},"model":"inkless:item/ia_auto/hoe_fantasy49"},{"predicate":{"custom_model_data":10049},"model":"inkless:item/ia_auto/hoe_fantasy50"},{"predicate":{"custom_model_data":10050},"model":"item/netherite_hoe"}]}