{"parent":"minecraft:item/generated","textures":{"layer0":"minecraft:item/paper"},"overrides":[{"predicate":{"custom_model_data":9000},"model":"ax_wings_pack:angel_wings"},{"predicate":{"custom_model_data":9001},"model":"ax_wings_pack:astronaut_wings"},{"predicate":{"custom_model_data":9002},"model":"ax_wings_pack:bluefire_wings"},{"predicate":{"custom_model_data":9003},"model":"ax_wings_pack:brown_wings"},{"predicate":{"custom_model_data":9004},"model":"ax_wings_pack:butterfly_wings"},{"predicate":{"custom_model_data":9005},"model":"ax_wings_pack:demon_wings"},{"predicate":{"custom_model_data":9006},"model":"ax_wings_pack:dragon_wings"},{"predicate":{"custom_model_data":9007},"model":"ax_wings_pack:eagle_wings"},{"predicate":{"custom_model_data":9008},"model":"ax_wings_pack:golden_wings"},{"predicate":{"custom_model_data":9009},"model":"ax_wings_pack:ocean_wings"},{"predicate":{"custom_model_data":9010},"model":"ax_wings_pack:purple_wings"},{"predicate":{"custom_model_data":9011},"model":"ax_wings_pack:phoenix_wings"},{"predicate":{"custom_model_data":10000},"model":"_iainternal:item/ia_auto/icon_left_blue"},{"predicate":{"custom_model_data":10001},"model":"_iainternal:item/ia_auto/icon_right_blue"},{"predicate":{"custom_model_data":10002},"model":"_iainternal:item/ia_auto/icon_search"},{"predicate":{"custom_model_data":10003},"model":"_iainternal:item/ia_auto/icon_cancel"},{"predicate":{"custom_model_data":10004},"model":"_iainternal:item/ia_auto/icon_arrow_chest"},{"predicate":{"custom_model_data":10005},"model":"_iainternal:item/ia_auto/icon_back_orange"},{"predicate":{"custom_model_data":10006},"model":"_iainternal:item/ia_auto/icon_next_orange"},{"predicate":{"custom_model_data":10007},"model":"hmccosmetics:item/backpack_thirdperson"},{"predicate":{"custom_model_data":10008},"model":"hmccosmetics:item/lantern_cosmetic"},{"predicate":{"custom_model_data":10009},"model":"hmccosmetics:item/baseball_hat"},{"predicate":{"custom_model_data":10010},"model":"hmccosmetics:item/ia_auto/hmccosmetics_icon"},{"predicate":{"custom_model_data":10011},"model":"hmccosmetics:item/ia_auto/arrow_back"},{"predicate":{"custom_model_data":10012},"model":"hmccosmetics:item/ia_auto/arrow_next"},{"predicate":{"custom_model_data":10013},"model":"hmccosmetics:item/kite"},{"predicate":{"custom_model_data":10014},"model":"hmccosmetics:item/future_wings"},{"predicate":{"custom_model_data":10015},"model":"hmccosmetics:item/future_wings_thirdperson"},{"predicate":{"custom_model_data":10016},"model":"hmccosmetics:item/frog_hat"},{"predicate":{"custom_model_data":10017},"model":"hmccosmetics:item/jetpack"},{"predicate":{"custom_model_data":10018},"model":"hmccosmetics:item/hammer"},{"predicate":{"custom_model_data":10019},"model":"hmccosmetics:item/garbage_truck_balloon_item"},{"predicate":{"custom_model_data":10020},"model":"hmccosmetics:item/jetpack_thirdperson"},{"predicate":{"custom_model_data":10021},"model":"hmccosmetics:item/hibiscus_flower"},{"predicate":{"custom_model_data":10022},"model":"hatventure:crooked_magic_hat"},{"predicate":{"custom_model_data":10023},"model":"hatventure:feathered_witch_hat"},{"predicate":{"custom_model_data":10024},"model":"hatventure:royal_steampunk_hat"},{"predicate":{"custom_model_data":10025},"model":"hatventure:steampunk_top_hat"},{"predicate":{"custom_model_data":10026},"model":"ero_feral_fantasy_set:bear_ears"},{"predicate":{"custom_model_data":10027},"model":"ero_feral_fantasy_set:bear_tail"},{"predicate":{"custom_model_data":10028},"model":"ero_feral_fantasy_set:cat_ears"},{"predicate":{"custom_model_data":10029},"model":"ero_feral_fantasy_set:cat_tail"},{"predicate":{"custom_model_data":10030},"model":"ero_feral_fantasy_set:fox_ears"},{"predicate":{"custom_model_data":10031},"model":"ero_feral_fantasy_set:fox_tail"},{"predicate":{"custom_model_data":10032},"model":"ero_feral_fantasy_set:rabbit_ears"},{"predicate":{"custom_model_data":10033},"model":"ero_feral_fantasy_set:rabbit_tail"},{"predicate":{"custom_model_data":10034},"model":"ero_feral_fantasy_set:tiger_ears"},{"predicate":{"custom_model_data":10035},"model":"ero_feral_fantasy_set:tiger_tail"},{"predicate":{"custom_model_data":10036},"model":"ero_feral_fantasy_set:wolf_ears"},{"predicate":{"custom_model_data":10037},"model":"ero_feral_fantasy_set:wolf_tail"},{"predicate":{"custom_model_data":10038},"model":"japanese_legends:kitsune_mask"},{"predicate":{"custom_model_data":10039},"model":"japanese_legends:kitsune_tails"},{"predicate":{"custom_model_data":10040},"model":"japanese_legends:kitsune_shakujo"},{"predicate":{"custom_model_data":10041},"model":"japanese_legends:kappa_hat"},{"predicate":{"custom_model_data":10042},"model":"japanese_legends:kappa_shell"},{"predicate":{"custom_model_data":10043},"model":"japanese_legends:kappas_meal"},{"predicate":{"custom_model_data":10044},"model":"japanese_legends:oni_horns"},{"predicate":{"custom_model_data":10045},"model":"japanese_legends:oni_drum"},{"predicate":{"custom_model_data":10046},"model":"japanese_legends:oni_bat"},{"predicate":{"custom_model_data":10047},"model":"japanese_legends:samurai_hat"},{"predicate":{"custom_model_data":10048},"model":"japanese_legends:samurai_back"},{"predicate":{"custom_model_data":10049},"model":"japanese_legends:samurai_katana"},{"predicate":{"custom_model_data":10050},"model":"_iainternal:item/ia_auto/amongus"},{"predicate":{"custom_model_data":10051},"model":"_iainternal:item/ia_auto/angel"},{"predicate":{"custom_model_data":10052},"model":"_iainternal:item/ia_auto/angry"},{"predicate":{"custom_model_data":10053},"model":"_iainternal:item/ia_auto/blue_heart"},{"predicate":{"custom_model_data":10054},"model":"_iainternal:item/ia_auto/blue_star"},{"predicate":{"custom_model_data":10055},"model":"_iainternal:item/ia_auto/broken_heart"},{"predicate":{"custom_model_data":10056},"model":"_iainternal:item/ia_auto/concerned"},{"predicate":{"custom_model_data":10057},"model":"_iainternal:item/ia_auto/confused"},{"predicate":{"custom_model_data":10058},"model":"_iainternal:item/ia_auto/contagious"},{"predicate":{"custom_model_data":10059},"model":"_iainternal:item/ia_auto/cry"},{"predicate":{"custom_model_data":10060},"model":"_iainternal:item/ia_auto/dislike"},{"predicate":{"custom_model_data":10061},"model":"_iainternal:item/ia_auto/elegant"},{"predicate":{"custom_model_data":10062},"model":"_iainternal:item/ia_auto/exo_blue_star"},{"predicate":{"custom_model_data":10063},"model":"_iainternal:item/ia_auto/eyes_hearts"},{"predicate":{"custom_model_data":10064},"model":"_iainternal:item/ia_auto/eyes"},{"predicate":{"custom_model_data":10065},"model":"_iainternal:item/ia_auto/fachero"},{"predicate":{"custom_model_data":10066},"model":"_iainternal:item/ia_auto/fascinated"},{"predicate":{"custom_model_data":10067},"model":"_iainternal:item/ia_auto/demon"},{"predicate":{"custom_model_data":10068},"model":"_iainternal:item/ia_auto/gg"},{"predicate":{"custom_model_data":10069},"model":"_iainternal:item/ia_auto/gift"},{"predicate":{"custom_model_data":10070},"model":"_iainternal:item/ia_auto/green_heart"},{"predicate":{"custom_model_data":10071},"model":"_iainternal:item/ia_auto/green_star"},{"predicate":{"custom_model_data":10072},"model":"_iainternal:item/ia_auto/heart"},{"predicate":{"custom_model_data":10073},"model":"_iainternal:item/ia_auto/joy"},{"predicate":{"custom_model_data":10074},"model":"_iainternal:item/ia_auto/like"},{"predicate":{"custom_model_data":10075},"model":"_iainternal:item/ia_auto/nausea"},{"predicate":{"custom_model_data":10076},"model":"_iainternal:item/ia_auto/nerd"},{"predicate":{"custom_model_data":10077},"model":"_iainternal:item/ia_auto/orange_star"},{"predicate":{"custom_model_data":10078},"model":"_iainternal:item/ia_auto/pull_tongue"},{"predicate":{"custom_model_data":10079},"model":"_iainternal:item/ia_auto/purple_star"},{"predicate":{"custom_model_data":10080},"model":"_iainternal:item/ia_auto/purple_heart"},{"predicate":{"custom_model_data":10081},"model":"_iainternal:item/ia_auto/rainbow_star"},{"predicate":{"custom_model_data":10082},"model":"_iainternal:item/ia_auto/red_star"},{"predicate":{"custom_model_data":10083},"model":"_iainternal:item/ia_auto/sad"},{"predicate":{"custom_model_data":10084},"model":"_iainternal:item/ia_auto/scream"},{"predicate":{"custom_model_data":10085},"model":"_iainternal:item/ia_auto/skull"},{"predicate":{"custom_model_data":10086},"model":"_iainternal:item/ia_auto/sleeping"},{"predicate":{"custom_model_data":10087},"model":"_iainternal:item/ia_auto/smiling"},{"predicate":{"custom_model_data":10088},"model":"_iainternal:item/ia_auto/sneeze"},{"predicate":{"custom_model_data":10089},"model":"_iainternal:item/ia_auto/stunned"},{"predicate":{"custom_model_data":10090},"model":"_iainternal:item/ia_auto/to_sigh"},{"predicate":{"custom_model_data":10091},"model":"_iainternal:item/ia_auto/vomit"},{"predicate":{"custom_model_data":10092},"model":"_iainternal:item/ia_auto/wink"},{"predicate":{"custom_model_data":10093},"model":"_iainternal:item/ia_auto/without_expresion"},{"predicate":{"custom_model_data":10094},"model":"_iainternal:item/ia_auto/yellow_heart"},{"predicate":{"custom_model_data":10095},"model":"_iainternal:item/ia_auto/yellow_star"},{"predicate":{"custom_model_data":10096},"model":"tinywing:wing1_animated"},{"predicate":{"custom_model_data":10097},"model":"tinywing:wing1"},{"predicate":{"custom_model_data":10098},"model":"tinywing:wing2_animated"},{"predicate":{"custom_model_data":10099},"model":"tinywing:wing2"},{"predicate":{"custom_model_data":10100},"model":"tinywing:wing3_animated"},{"predicate":{"custom_model_data":10101},"model":"tinywing:wing3"},{"predicate":{"custom_model_data":10102},"model":"tinywing:wing4_animated"},{"predicate":{"custom_model_data":10103},"model":"tinywing:wing4"},{"predicate":{"custom_model_data":10104},"model":"tinywing:wing5_animated"},{"predicate":{"custom_model_data":10105},"model":"tinywing:wing5"},{"predicate":{"custom_model_data":10106},"model":"tinywing:wing6_animated"},{"predicate":{"custom_model_data":10107},"model":"tinywing:wing6"},{"predicate":{"custom_model_data":10108},"model":"tinywing:wing7_animated"},{"predicate":{"custom_model_data":10109},"model":"tinywing:wing7"},{"predicate":{"custom_model_data":10110},"model":"tinywing:wing8_animated"},{"predicate":{"custom_model_data":10111},"model":"tinywing:wing8"},{"predicate":{"custom_model_data":10112},"model":"item/paper"}]}