{"credit":"Pologony Creation Co.,Ltd.","texture_size":[24,24],"textures":{"1":"ero_feral_fantasy_set:cat_tail","particle":"ero_feral_fantasy_set:cat_tail"},"elements":[{"from":[7.62675,-12.11243,8.78033],"to":[8.37325,-11.36243,10.28033],"rotation":{"angle":-45,"axis":"x","origin":[8.00175,-11.73743,9.53033]},"faces":{"north":{"uv":[4,8.66667,5,9.66667],"texture":"#1","tintindex":0},"east":{"uv":[4,6.66667,6,7.66667],"texture":"#1","tintindex":0},"south":{"uv":[6,8.66667,7,9.66667],"texture":"#1","tintindex":0},"west":{"uv":[6.66667,6.66667,8.66667,7.66667],"texture":"#1","tintindex":0},"up":{"uv":[9,2,8,0],"texture":"#1","tintindex":0},"down":{"uv":[9.66667,2.66667,8.66667,4.66667],"texture":"#1","tintindex":0}}},{"from":[7.62375,-12.91161,5.35095],"to":[8.37625,-9.91161,6.10095],"rotation":{"angle":-45,"axis":"x","origin":[8.12875,-10.41161,5.85095]},"faces":{"north":{"uv":[0,0,1,4],"texture":"#1","tintindex":0},"east":{"uv":[1,4.66667,0,8.66667],"texture":"#1","tintindex":0},"south":{"uv":[4,0,5,4],"texture":"#1","tintindex":0},"west":{"uv":[0,4.66667,1,8.66667],"texture":"#1","tintindex":0},"up":{"uv":[9,9.66667,8,8.66667],"texture":"#1","tintindex":0},"down":{"uv":[1,9.33333,0,10.33333],"texture":"#1","tintindex":0}}},{"from":[7.625,-12.53293,7.26517],"to":[8.375,-11.78293,9.26517],"rotation":{"angle":0,"axis":"y","origin":[8,-12.03293,8.76517]},"faces":{"north":{"uv":[9.33333,5.33333,10.33333,6.33333],"texture":"#1","tintindex":0},"east":{"uv":[8,4.66667,5.33333,5.66667],"texture":"#1","tintindex":0},"south":{"uv":[10,0,11,1],"texture":"#1","tintindex":0},"west":{"uv":[5.33333,4.66667,8,5.66667],"texture":"#1","tintindex":0},"up":{"uv":[7,2.66667,6,0],"texture":"#1","tintindex":0},"down":{"uv":[3,6.66667,2,9.33333],"texture":"#1","tintindex":0}}}],"gui_light":"front","display":{"thirdperson_righthand":{"rotation":[50,-87,0],"translation":[-1.5,2,2.25],"scale":[0.7,0.7,0.7]},"thirdperson_lefthand":{"rotation":[70,0,0],"translation":[-5.5,-10.75,5.75]},"firstperson_righthand":{"rotation":[39,180,17],"translation":[-0.5,4.75,3.25],"scale":[0.7,0.7,0.7]},"firstperson_lefthand":{"translation":[1.25,6.75,1.75],"scale":[0,0,0]},"ground":{"translation":[0,2.5,0],"scale":[1.5,1.5,1.5]},"gui":{"rotation":[49,139,-22],"translation":[-15.5,47.75,0],"scale":[3,3,3]},"head":{"translation":[0,-58.75,10.5],"scale":[3.2,3.2,3.2]},"fixed":{"rotation":[0,180,0],"translation":[0,9,-17],"scale":[3,3,3]}}}