{"credit":"Pologony Creation Co.,Ltd.","texture_size":[24,24],"textures":{"1":"ero_feral_fantasy_set:cat_ears","particle":"ero_feral_fantasy_set:cat_ears"},"elements":[{"from":[4,7.25,7],"to":[12,8.25,9],"rotation":{"angle":0,"axis":"y","origin":[7.25,11.5,14]},"faces":{"north":{"uv":[6.66667,4,12,4.66667],"texture":"#1","tintindex":0},"east":{"uv":[9.33333,10.66667,10.66667,11.33333],"texture":"#1","tintindex":0},"south":{"uv":[6.66667,5.33333,12,6],"texture":"#1","tintindex":0},"west":{"uv":[11.33333,0,12.66667,0.66667],"texture":"#1","tintindex":0},"up":{"uv":[8.66667,1.33333,3.33333,0],"texture":"#1","tintindex":0},"down":{"uv":[8.66667,2,3.33333,3.33333],"texture":"#1","tintindex":0}}},{"from":[12,4.25,7],"to":[13,8.25,9],"rotation":{"angle":0,"axis":"y","origin":[10,11.5,14]},"faces":{"north":{"uv":[5.33333,7.33333,6,10],"texture":"#1","tintindex":0},"east":{"uv":[6.66667,6.66667,8,9.33333],"texture":"#1","tintindex":0},"south":{"uv":[0,10,0.66667,12.66667],"texture":"#1","tintindex":0},"west":{"uv":[3.33333,7.33333,4.66667,10],"texture":"#1","tintindex":0},"up":{"uv":[12,2.66667,11.33333,1.33333],"texture":"#1","tintindex":0},"down":{"uv":[12,6.66667,11.33333,8],"texture":"#1","tintindex":0}}},{"from":[2.7,5.7,5.25],"to":[2.7,9.7,9.25],"rotation":{"angle":-22.5,"axis":"y","origin":[2.7,7.7,7.25]},"faces":{"north":{"uv":[6,12,6,14.66667],"texture":"#1","tintindex":0},"east":{"uv":[6,4,3.33333,6.66667],"texture":"#1","tintindex":0},"south":{"uv":[6.66667,12,6.66667,14.66667],"texture":"#1","tintindex":0},"west":{"uv":[3.33333,4,6,6.66667],"texture":"#1","tintindex":0},"up":{"uv":[14.66667,9.33333,12,9.33333],"rotation":270,"texture":"#1","tintindex":0},"down":{"uv":[14.66667,10,12,10],"rotation":90,"texture":"#1","tintindex":0}}},{"from":[3,4.25,7],"to":[4,8.25,9],"rotation":{"angle":0,"axis":"y","origin":[6,11.5,14]},"faces":{"north":{"uv":[6,7.33333,5.33333,10],"texture":"#1","tintindex":0},"east":{"uv":[4.66667,7.33333,3.33333,10],"texture":"#1","tintindex":0},"south":{"uv":[0.66667,10,0,12.66667],"texture":"#1","tintindex":0},"west":{"uv":[8,6.66667,6.66667,9.33333],"texture":"#1","tintindex":0},"up":{"uv":[11.33333,2.66667,12,1.33333],"texture":"#1","tintindex":0},"down":{"uv":[11.33333,6.66667,12,8],"texture":"#1","tintindex":0}}},{"from":[10.25,8.17388,6.86732],"to":[12.25,10.17388,6.86732],"rotation":{"angle":-22.5,"axis":"x","origin":[11.25,9.17388,6.86732]},"faces":{"north":{"uv":[9.33333,0,10.66667,1.33333],"texture":"#1","tintindex":0},"east":{"uv":[11.33333,8.66667,11.33333,10],"texture":"#1","tintindex":0},"south":{"uv":[10.66667,0,9.33333,1.33333],"texture":"#1","tintindex":0},"west":{"uv":[11.33333,10.66667,11.33333,12],"texture":"#1","tintindex":0},"up":{"uv":[2.66667,10,1.33333,10],"texture":"#1","tintindex":0},"down":{"uv":[12.66667,3.33333,11.33333,3.33333],"texture":"#1","tintindex":0}}},{"from":[9.7891,6.22157,7.5],"to":[13.7891,10.22157,7.5],"rotation":{"angle":-22.5,"axis":"z","origin":[13.7891,9.19657,5.525]},"faces":{"north":{"uv":[0,0,2.66667,2.66667],"texture":"#1","tintindex":0},"east":{"uv":[1.33333,12,1.33333,14.66667],"texture":"#1","tintindex":0},"south":{"uv":[0,3.33333,2.66667,6],"texture":"#1","tintindex":0},"west":{"uv":[2,12,2,14.66667],"texture":"#1","tintindex":0},"up":{"uv":[5.33333,12,2.66667,12],"texture":"#1","tintindex":0},"down":{"uv":[14.66667,8.66667,12,8.66667],"texture":"#1","tintindex":0}}},{"from":[9.91494,7.29056,7.501],"to":[12.91494,10.29056,8.501],"rotation":{"angle":-22.5,"axis":"z","origin":[10.91494,8.79056,8.001]},"faces":{"north":{"uv":[8.66667,6.66667,10.66667,8.66667],"texture":"#1","tintindex":0},"east":{"uv":[6.66667,10,7.33334,12],"texture":"#1","tintindex":0},"south":{"uv":[10.66667,8.66667,8.66667,10.66667],"texture":"#1","tintindex":0},"west":{"uv":[8,10.66667,8.66667,12.66667],"texture":"#1","tintindex":0},"up":{"uv":[3.33333,11.33334,1.33333,10.66667],"texture":"#1","tintindex":0},"down":{"uv":[6,10.66667,4,11.33334],"texture":"#1","tintindex":0}}},{"from":[3.75,8.17388,6.86732],"to":[5.75,10.17388,6.86732],"rotation":{"angle":-22.5,"axis":"x","origin":[4.75,9.17388,6.86732]},"faces":{"north":{"uv":[10.66667,0,9.33333,1.33333],"texture":"#1","tintindex":0},"east":{"uv":[11.33333,10.66667,11.33333,12],"texture":"#1","tintindex":0},"south":{"uv":[9.33333,0,10.66667,1.33333],"texture":"#1","tintindex":0},"west":{"uv":[11.33333,8.66667,11.33333,10],"texture":"#1","tintindex":0},"up":{"uv":[1.33333,10,2.66667,10],"texture":"#1","tintindex":0},"down":{"uv":[11.33333,3.33333,12.66667,3.33333],"texture":"#1","tintindex":0}}},{"from":[2.2109,6.22157,7.5],"to":[6.2109,10.22157,7.5],"rotation":{"angle":22.5,"axis":"z","origin":[2.2109,9.19657,5.525]},"faces":{"north":{"uv":[2.66667,0,0,2.66667],"texture":"#1","tintindex":0},"east":{"uv":[2,12,2,14.66667],"texture":"#1","tintindex":0},"south":{"uv":[2.66667,3.33333,0,6],"texture":"#1","tintindex":0},"west":{"uv":[1.33333,12,1.33333,14.66667],"texture":"#1","tintindex":0},"up":{"uv":[2.66667,12,5.33333,12],"texture":"#1","tintindex":0},"down":{"uv":[12,8.66667,14.66667,8.66667],"texture":"#1","tintindex":0}}},{"from":[3.08506,7.29056,7.501],"to":[6.08506,10.29056,8.501],"rotation":{"angle":22.5,"axis":"z","origin":[5.08506,8.79056,8.001]},"faces":{"north":{"uv":[10.66667,6.66667,8.66667,8.66667],"texture":"#1","tintindex":0},"east":{"uv":[8.66667,10.66667,8,12.66667],"texture":"#1","tintindex":0},"south":{"uv":[8.66667,8.66667,10.66667,10.66667],"texture":"#1","tintindex":0},"west":{"uv":[7.33334,10,6.66667,12],"texture":"#1","tintindex":0},"up":{"uv":[1.33333,11.33334,3.33333,10.66667],"texture":"#1","tintindex":0},"down":{"uv":[4,10.66667,6,11.33334],"texture":"#1","tintindex":0}}}],"gui_light":"front","display":{"thirdperson_righthand":{"rotation":[0,138,0],"translation":[-1.5,1.5,-1],"scale":[0.5,0.5,0.5]},"thirdperson_lefthand":{"rotation":[0,138,0],"translation":[-1.5,1.5,-1],"scale":[0.5,0.5,0.5]},"firstperson_righthand":{"rotation":[0,138,0],"translation":[3.25,1.5,-1],"scale":[0.5,0.5,0.5]},"firstperson_lefthand":{"rotation":[0,138,0],"translation":[3.25,1.5,-1],"scale":[0.5,0.5,0.5]},"ground":{"translation":[0,1.5,0],"scale":[1.5,1.5,1.5]},"gui":{"rotation":[35,135,0],"translation":[-0.25,1.5,0],"scale":[1.5,1.5,1.5]},"head":{"translation":[0,7.25,0],"scale":[1.6,1.6,1.6]},"fixed":{"rotation":[-90,0,0],"translation":[0,0,-7.75],"scale":[2,2,2]}},"USER":"{{USER}}","NONCE":"{{NONCE}}","TIMESTAMP":"{{TIMESTAMP}}","RESOURCE":"{{RESOURCE}}","MCMODELS":"{{MCMODELS}}"}