{"credit":"Pologony Creation Co.,Ltd.","textures":{"2":"ero_feral_fantasy_set:rabbit_tail","particle":"ero_feral_fantasy_set:rabbit_tail"},"elements":[{"from":[7.25,-14.625,7.125],"to":[8.75,-13.125,8.625],"rotation":{"angle":-22.5,"axis":"x","origin":[8.125,-14,8]},"faces":{"north":{"uv":[0,8,2.5,10.5],"texture":"#2","tintindex":0},"east":{"uv":[10.5,4,8,6.5],"texture":"#2","tintindex":0},"south":{"uv":[4,8,6.5,10.5],"texture":"#2","tintindex":0},"west":{"uv":[8,4,10.5,6.5],"texture":"#2","tintindex":0},"up":{"uv":[10.5,10.5,8,8],"texture":"#2","tintindex":0},"down":{"uv":[10.5,8,8,10.5],"texture":"#2","tintindex":0}}},{"from":[7.125,-14.625,7.125],"to":[8.875,-13.125,8.625],"rotation":{"angle":22.5,"axis":"x","origin":[8.125,-14,8]},"faces":{"north":{"uv":[0,0,3,2.5],"texture":"#2","tintindex":0},"east":{"uv":[6.5,12,4,14.5],"texture":"#2","tintindex":0},"south":{"uv":[0,4,3,6.5],"texture":"#2","tintindex":0},"west":{"uv":[4,12,6.5,14.5],"texture":"#2","tintindex":0},"up":{"uv":[7,2.5,4,0],"texture":"#2","tintindex":0},"down":{"uv":[7,0,4,2.5],"texture":"#2","tintindex":0}}},{"name":"cube inverted","from":[8.875,-13.125,8.625],"to":[7.125,-14.625,7.125],"rotation":{"angle":22.5,"axis":"x","origin":[8.125,-14,8]},"faces":{"north":{"uv":[0,6.5,3,4],"texture":"#2","tintindex":0},"east":{"uv":[4,14.5,6.5,12],"texture":"#2","tintindex":0},"south":{"uv":[0,2.5,3,0],"texture":"#2","tintindex":0},"west":{"uv":[6.5,14.5,4,12],"texture":"#2","tintindex":0},"up":{"uv":[4,0,7,2.5],"texture":"#2","tintindex":0},"down":{"uv":[4,2.5,7,0],"texture":"#2","tintindex":0}}}],"gui_light":"front","display":{"thirdperson_righthand":{"rotation":[50,-87,0],"translation":[0,1.25,0.25],"scale":[0.7,0.7,0.7]},"thirdperson_lefthand":{"rotation":[32,0,0],"translation":[-5.5,-8.75,3.25]},"firstperson_righthand":{"rotation":[34,180,64],"translation":[-0.5,4,3.25],"scale":[0.7,0.7,0.7]},"firstperson_lefthand":{"translation":[0,2.75,2.25],"scale":[0,0,0]},"ground":{"translation":[0,-2,0],"scale":[1.5,1.5,1.5]},"gui":{"rotation":[0.65,79.71,143.61],"translation":[-8.25,-70.5,0],"scale":[4,4,4]},"head":{"translation":[0,-52.75,5.75],"scale":[3.2,3.2,3.2]},"fixed":{"rotation":[0,180,0],"translation":[0,-0.25,-7],"scale":[3,3,3]}}}