{"credit":"Pologony Creation Co.,Ltd.","texture_size":[24,24],"textures":{"1":"ero_feral_fantasy_set:tiger_ears","particle":"ero_feral_fantasy_set:tiger_ears"},"elements":[{"from":[3,4.25,7],"to":[4,8.25,9],"rotation":{"angle":0,"axis":"y","origin":[6,11.5,14]},"faces":{"north":{"uv":[4,10.66667,4.66667,13.33333],"texture":"#1","tintindex":0},"east":{"uv":[0,8,1.33333,10.66667],"texture":"#1","tintindex":0},"south":{"uv":[5.33333,10.66667,6,13.33333],"texture":"#1","tintindex":0},"west":{"uv":[2,8,3.33333,10.66667],"texture":"#1","tintindex":0},"up":{"uv":[3.33333,12.66667,2.66667,11.33333],"texture":"#1","tintindex":0},"down":{"uv":[10,12,9.33333,13.33333],"texture":"#1","tintindex":0}}},{"from":[4,7.25,7],"to":[12,8.25,9],"rotation":{"angle":0,"axis":"y","origin":[7.25,11.5,14]},"faces":{"north":{"uv":[7.33333,9.33333,12.66667,10],"texture":"#1","tintindex":0},"east":{"uv":[10.66667,12,12,12.66667],"texture":"#1","tintindex":0},"south":{"uv":[10,0,15.33333,0.66667],"texture":"#1","tintindex":0},"west":{"uv":[12,10.66667,13.33333,11.33333],"texture":"#1","tintindex":0},"up":{"uv":[9.33333,1.33333,4,0],"texture":"#1","tintindex":0},"down":{"uv":[9.33333,2,4,3.33333],"texture":"#1","tintindex":0}}},{"from":[12,4.25,7],"to":[13,8.25,9],"rotation":{"angle":0,"axis":"y","origin":[10,11.5,14]},"faces":{"north":{"uv":[4.66667,10.66667,4,13.33333],"texture":"#1","tintindex":0},"east":{"uv":[3.33333,8,2,10.66667],"texture":"#1","tintindex":0},"south":{"uv":[6,10.66667,5.33333,13.33333],"texture":"#1","tintindex":0},"west":{"uv":[1.33333,8,0,10.66667],"texture":"#1","tintindex":0},"up":{"uv":[2.66667,12.66667,3.33333,11.33333],"texture":"#1","tintindex":0},"down":{"uv":[9.33333,12,10,13.33333],"texture":"#1","tintindex":0}}},{"from":[9.90538,7.76746,7.525],"to":[12.90538,10.76746,8.525],"rotation":{"angle":-22.5,"axis":"z","origin":[10.90538,8.76746,8.025]},"faces":{"north":{"uv":[9.33333,4,7.33333,6],"texture":"#1","tintindex":0},"east":{"uv":[8.66667,10.66667,8,12.66667],"texture":"#1","tintindex":0},"south":{"uv":[9.33333,6.66667,7.33333,8.66667],"texture":"#1","tintindex":0},"west":{"uv":[7.33333,10.66667,6.66667,12.66667],"texture":"#1","tintindex":0},"up":{"uv":[9.33333,11.33333,11.33333,10.66667],"texture":"#1","tintindex":0},"down":{"uv":[0,11.33333,2,12],"texture":"#1","tintindex":0}}},{"from":[9.75,8.17388,6.86732],"to":[12.75,10.17388,6.86732],"rotation":{"angle":-22.5,"axis":"x","origin":[11.25,9.17388,6.86732]},"faces":{"north":{"uv":[12,1.33333,10,2.66667],"texture":"#1","tintindex":0},"east":{"uv":[12.66667,6,12.66667,7.33333],"texture":"#1","tintindex":0},"south":{"uv":[10,1.33333,12,2.66667],"texture":"#1","tintindex":0},"west":{"uv":[12.66667,4,12.66667,5.33333],"texture":"#1","tintindex":0},"up":{"uv":[12.66667,8,14.66667,8],"texture":"#1","tintindex":0},"down":{"uv":[12.66667,8.66667,14.66667,8.66667],"texture":"#1","tintindex":0}}},{"from":[9.7891,6.19657,7.525],"to":[13.7891,10.19657,7.525],"rotation":{"angle":-22.5,"axis":"z","origin":[13.7891,9.19657,5.525]},"faces":{"north":{"uv":[6.66667,4,4,6.66667],"texture":"#1","tintindex":0},"east":{"uv":[2.66667,13.33333,2.66667,16],"texture":"#1","tintindex":0},"south":{"uv":[4,4,6.66667,6.66667],"texture":"#1","tintindex":0},"west":{"uv":[12.66667,12,12.66667,14.66667],"texture":"#1","tintindex":0},"up":{"uv":[13.33333,4,16,4],"texture":"#1","tintindex":0},"down":{"uv":[13.33333,4.66667,16,4.66667],"texture":"#1","tintindex":0}}},{"from":[3.09462,7.76746,7.525],"to":[6.09462,10.76746,8.525],"rotation":{"angle":22.5,"axis":"z","origin":[5.09462,8.76746,8.025]},"faces":{"north":{"uv":[7.33333,4,9.33333,6],"texture":"#1","tintindex":0},"east":{"uv":[6.66667,10.66667,7.33333,12.66667],"texture":"#1","tintindex":0},"south":{"uv":[7.33333,6.66667,9.33333,8.66667],"texture":"#1","tintindex":0},"west":{"uv":[8,10.66667,8.66667,12.66667],"texture":"#1","tintindex":0},"up":{"uv":[11.33333,11.33333,9.33333,10.66667],"texture":"#1","tintindex":0},"down":{"uv":[2,11.33333,0,12],"texture":"#1","tintindex":0}}},{"from":[3.25,8.17388,6.86732],"to":[6.25,10.17388,6.86732],"rotation":{"angle":-22.5,"axis":"x","origin":[4.75,9.17388,6.86732]},"faces":{"north":{"uv":[10,1.33333,12,2.66667],"texture":"#1","tintindex":0},"east":{"uv":[12.66667,4,12.66667,5.33333],"texture":"#1","tintindex":0},"south":{"uv":[12,1.33333,10,2.66667],"texture":"#1","tintindex":0},"west":{"uv":[12.66667,6,12.66667,7.33333],"texture":"#1","tintindex":0},"up":{"uv":[14.66667,8,12.66667,8],"texture":"#1","tintindex":0},"down":{"uv":[14.66667,8.66667,12.66667,8.66667],"texture":"#1","tintindex":0}}},{"from":[2.2109,6.19657,7.525],"to":[6.2109,10.19657,7.525],"rotation":{"angle":22.5,"axis":"z","origin":[2.2109,9.19657,5.525]},"faces":{"north":{"uv":[4,4,6.66667,6.66667],"texture":"#1","tintindex":0},"east":{"uv":[12.66667,12,12.66667,14.66667],"texture":"#1","tintindex":0},"south":{"uv":[6.66667,4,4,6.66667],"texture":"#1","tintindex":0},"west":{"uv":[2.66667,13.33333,2.66667,16],"texture":"#1","tintindex":0},"up":{"uv":[16,4,13.33333,4],"texture":"#1","tintindex":0},"down":{"uv":[16,4.66667,13.33333,4.66667],"texture":"#1","tintindex":0}}}],"gui_light":"front","display":{"thirdperson_righthand":{"rotation":[0,138,0],"translation":[-1.5,1.5,-1],"scale":[0.5,0.5,0.5]},"thirdperson_lefthand":{"rotation":[0,138,0],"translation":[-1.5,1.5,-1],"scale":[0.5,0.5,0.5]},"firstperson_righthand":{"rotation":[0,138,0],"translation":[3.25,1.5,-1],"scale":[0.5,0.5,0.5]},"firstperson_lefthand":{"rotation":[0,138,0],"translation":[3.25,1.5,-1],"scale":[0.5,0.5,0.5]},"ground":{"translation":[0,1.5,0],"scale":[1.5,1.5,1.5]},"gui":{"rotation":[35,135,0],"translation":[0,1,0],"scale":[1.5,1.5,1.5]},"head":{"translation":[0,7.25,0],"scale":[1.6,1.6,1.6]},"fixed":{"rotation":[-90,0,0],"translation":[0,0,-7.75],"scale":[2,2,2]}}}