{"credit":"Made with Blockbench","texture_size":[32,32],"textures":{"0":"cosmeticpack:ear1","particle":"cosmeticpack:ear1"},"elements":[{"from":[11,0,7],"to":[12,7,9],"faces":{"north":{"uv":[6,1,6.5,4.5],"texture":"#0"},"east":{"uv":[0,2,1,5.5],"texture":"#0"},"south":{"uv":[4,6,4.5,9.5],"texture":"#0"},"west":{"uv":[1,2,2,5.5],"texture":"#0"},"up":{"uv":[7,7,6.5,6],"texture":"#0"},"down":{"uv":[7.5,1,7,2],"texture":"#0"}}},{"from":[3,6,7],"to":[11,7,9],"faces":{"north":{"uv":[6,0,10,0.5],"texture":"#0"},"east":{"uv":[7,2,8,2.5],"texture":"#0"},"south":{"uv":[6,0.5,10,1],"texture":"#0"},"west":{"uv":[7,2.5,8,3],"texture":"#0"},"up":{"uv":[4,1,0,0],"texture":"#0"},"down":{"uv":[4,1,0,2],"texture":"#0"}}},{"from":[3,0,7],"to":[4,6,9],"faces":{"north":{"uv":[4.5,6,5,9],"texture":"#0"},"east":{"uv":[2,2,3,5],"texture":"#0"},"south":{"uv":[6,4.5,6.5,7.5],"texture":"#0"},"west":{"uv":[3,2,4,5],"texture":"#0"},"up":{"uv":[7.5,4,7,3],"texture":"#0"},"down":{"uv":[7.5,4,7,5],"texture":"#0"}}},{"from":[9,7,7.5],"to":[11,12,8.5],"faces":{"north":{"uv":[2,5,3,7.5],"texture":"#0"},"east":{"uv":[5,6,5.5,8.5],"texture":"#0"},"south":{"uv":[3,5,4,7.5],"texture":"#0"},"west":{"uv":[5.5,6,6,8.5],"texture":"#0"},"up":{"uv":[8,5.5,7,5],"texture":"#0"},"down":{"uv":[8,5.5,7,6],"texture":"#0"}}},{"from":[4,7,7.5],"to":[6,12,8.5],"faces":{"north":{"uv":[0,5.5,1,8],"texture":"#0"},"east":{"uv":[6.5,1,7,3.5],"texture":"#0"},"south":{"uv":[1,5.5,2,8],"texture":"#0"},"west":{"uv":[6.5,3.5,7,6],"texture":"#0"},"up":{"uv":[8,6.5,7,6],"texture":"#0"},"down":{"uv":[7.5,7,6.5,7.5],"texture":"#0"}}},{"from":[8,11,8],"to":[12,14,8],"faces":{"north":{"uv":[4,0,6,1.5],"texture":"#0"},"east":{"uv":[0,0,0,1.5],"texture":"#0"},"south":{"uv":[4,1.5,6,3],"texture":"#0"},"west":{"uv":[0,0,0,1.5],"texture":"#0"},"up":{"uv":[2,0,0,0],"texture":"#0"},"down":{"uv":[2,0,0,0],"texture":"#0"}}},{"from":[3,11,8],"to":[7,14,8],"faces":{"north":{"uv":[4,3,6,4.5],"texture":"#0"},"east":{"uv":[0,0,0,1.5],"texture":"#0"},"south":{"uv":[4,4.5,6,6],"texture":"#0"},"west":{"uv":[0,0,0,1.5],"texture":"#0"},"up":{"uv":[2,0,0,0],"texture":"#0"},"down":{"uv":[2,0,0,0],"texture":"#0"}}}],"display":{"thirdperson_righthand":{"rotation":[70.5,0,0],"translation":[0,0,2]},"thirdperson_lefthand":{"rotation":[70,0,0],"translation":[0,0,2]},"firstperson_righthand":{"translation":[0,2.75,0]},"firstperson_lefthand":{"translation":[0,2.75,0]},"ground":{"translation":[0,5.5,0]},"gui":{"rotation":[-160.25,33.75,-180],"translation":[-0.25,1.25,0]},"head":{"translation":[1,9.5,0.5],"scale":[1.7,1.7,1.7]},"fixed":{"translation":[0.75,1.25,0],"scale":[1.3,1.3,1.3]}},"gui_light":"front"}