{"credit":"Made with Blockbench","texture_size":[64,64],"textures":{"1":"cosmeticpack:mask","particle":"#1"},"elements":[{"from":[14,10.7,5.2],"to":[14,13.1,16],"rotation":{"angle":0,"axis":"y","origin":[-1.6,3.5,-5.6]},"faces":{"north":{"uv":[0,0,0,0.5],"texture":"#1"},"east":{"uv":[5.5,4.25,8.25,4.75],"texture":"#1"},"south":{"uv":[0,0,0,0.5],"texture":"#1"},"west":{"uv":[3.5,5.75,6.25,6.25],"texture":"#1"},"up":{"uv":[0,2.75,0,0],"texture":"#1"},"down":{"uv":[0,0,0,2.75],"texture":"#1"}}},{"from":[2,10.7,5.2],"to":[2,13.1,16],"rotation":{"angle":0,"axis":"y","origin":[-1.6,3.5,-5.6]},"faces":{"north":{"uv":[0,0,0,0.5],"texture":"#1"},"east":{"uv":[6,0,8.75,0.5],"texture":"#1"},"south":{"uv":[0,0,0,0.5],"texture":"#1"},"west":{"uv":[6,0.5,8.75,1],"texture":"#1"},"up":{"uv":[0,2.75,0,0],"texture":"#1"},"down":{"uv":[0,0,0,2.75],"texture":"#1"}}},{"from":[2,10.7,16],"to":[14,13.1,16],"rotation":{"angle":0,"axis":"y","origin":[-1.6,3.5,-5.6]},"faces":{"north":{"uv":[3.5,4.75,6.5,5.25],"texture":"#1"},"east":{"uv":[0,0,0,0.5],"texture":"#1"},"south":{"uv":[3.5,5.25,6.5,5.75],"texture":"#1"},"west":{"uv":[0,0,0,0.5],"texture":"#1"},"up":{"uv":[3,0,0,0],"texture":"#1"},"down":{"uv":[3,0,0,0],"texture":"#1"}}},{"from":[2,3.5,2.8],"to":[14,16.7,5.2],"rotation":{"angle":0,"axis":"y","origin":[-1.6,3.5,-5.6]},"faces":{"north":{"uv":[0,0,3,3.25],"texture":"#1"},"east":{"uv":[2.5,4.75,3,8],"texture":"#1"},"south":{"uv":[3,0,6,3.25],"texture":"#1"},"west":{"uv":[3,4.75,3.5,8],"texture":"#1"},"up":{"uv":[8.5,3.75,5.5,3.25],"texture":"#1"},"down":{"uv":[8.5,3.75,5.5,4.25],"texture":"#1"}}},{"from":[3.2,2.9,2.2],"to":[12.8,5.3,4.6],"rotation":{"angle":0,"axis":"y","origin":[-1.6,3.5,-5.6]},"faces":{"north":{"uv":[6,1,8.5,1.5],"texture":"#1"},"east":{"uv":[0,6.25,0.5,6.75],"texture":"#1"},"south":{"uv":[6,1.5,8.5,2],"texture":"#1"},"west":{"uv":[0.5,6.25,1,6.75],"texture":"#1"},"up":{"uv":[8.5,2.5,6,2],"texture":"#1"},"down":{"uv":[8.5,2.5,6,3],"texture":"#1"}}},{"from":[0.5,16.1,5.2],"to":[5.3,22.1,5.2],"rotation":{"angle":22.5,"axis":"z","origin":[4.4,19.7,4]},"faces":{"north":{"uv":[3,3.25,4.25,4.75],"texture":"#1"},"east":{"uv":[0,0,0,1.5],"texture":"#1"},"south":{"uv":[4.25,3.25,5.5,4.75],"texture":"#1"},"west":{"uv":[0,0,0,1.5],"texture":"#1"},"up":{"uv":[1.25,0,0,0],"texture":"#1"},"down":{"uv":[1.25,0,0,0],"texture":"#1"}}},{"from":[4.88,16.7,4.9],"to":[10.88,22.7,4.9],"rotation":{"angle":0,"axis":"y","origin":[-1.6,3.5,-5.6]},"faces":{"north":{"uv":[0,3.25,1.5,4.75],"texture":"#1"},"east":{"uv":[0,0,0,1.5],"texture":"#1"},"south":{"uv":[1.5,3.25,3,4.75],"texture":"#1"},"west":{"uv":[0,0,0,1.5],"texture":"#1"},"up":{"uv":[1.5,0,0,0],"texture":"#1"},"down":{"uv":[1.5,0,0,0],"texture":"#1"}}},{"from":[10.4,16.05,5.2],"to":[15.2,22.05,5.2],"rotation":{"angle":-22.5,"axis":"z","origin":[11.6,19.7,5.2]},"faces":{"north":{"uv":[0,4.75,1.25,6.25],"texture":"#1"},"east":{"uv":[0,0,0,1.5],"texture":"#1"},"south":{"uv":[1.25,4.75,2.5,6.25],"texture":"#1"},"west":{"uv":[0,0,0,1.5],"texture":"#1"},"up":{"uv":[1.25,0,0,0],"texture":"#1"},"down":{"uv":[1.25,0,0,0],"texture":"#1"}}}],"display":{"thirdperson_righthand":{"rotation":[70,0,0],"scale":[0.5,0.5,0.5]},"thirdperson_lefthand":{"rotation":[70,0,0],"scale":[0.5,0.5,0.5]},"firstperson_righthand":{"translation":[0,0,4.75],"scale":[0.71367,0.71367,0.71367]},"firstperson_lefthand":{"translation":[0,0,4.75],"scale":[0.71367,0.71367,0.71367]},"ground":{"translation":[0,4.25,0]},"gui":{"rotation":[-156.75,36.5,-180],"translation":[-0.25,-1.75,0],"scale":[0.7,0.7,0.7]},"head":{"translation":[0,-2.5,-2.5],"scale":[1.2,1.2,1.2]},"fixed":{"translation":[-0.25,-3,0]}},"gui_light":"front"}