{"credit":"Made with Blockbench","texture_size":[64,64],"textures":{"0":"profession_cosmetics:miner_hat","particle":"profession_cosmetics:miner_hat"},"elements":[{"from":[3,0,-1],"to":[13,0,12],"faces":{"north":{"uv":[0,0,2.5,0],"texture":"#0"},"east":{"uv":[0,0,3.25,0],"texture":"#0"},"south":{"uv":[0,0,2.5,0],"texture":"#0"},"west":{"uv":[0,0,3.25,0],"texture":"#0"},"up":{"uv":[2.5,3.25,0,0],"texture":"#0","tintindex":0},"down":{"uv":[5,0,2.5,3.25],"texture":"#0","tintindex":0}}},{"from":[4,0,3],"to":[12,5,11],"faces":{"north":{"uv":[5,2,7,3.25],"texture":"#0","tintindex":0},"east":{"uv":[4.5,5.25,6.5,6.5],"texture":"#0","tintindex":0},"south":{"uv":[0,5.5,2,6.75],"texture":"#0","tintindex":0},"west":{"uv":[2,5.5,4,6.75],"texture":"#0","tintindex":0},"up":{"uv":[6.5,5.25,4.5,3.25],"texture":"#0","tintindex":0},"down":{"uv":[7,0,5,2],"texture":"#0","tintindex":0}}},{"from":[7,4,2],"to":[9,6,3],"faces":{"north":{"uv":[7,0.5,7.5,1],"texture":"#0","tintindex":0},"east":{"uv":[7,1.5,7.25,2],"texture":"#0","tintindex":0},"south":{"uv":[7,1,7.5,1.5],"texture":"#0"},"west":{"uv":[7,2,7.25,2.5],"texture":"#0","tintindex":0},"up":{"uv":[7.5,2.75,7,2.5],"texture":"#0","tintindex":0},"down":{"uv":[7.5,2.75,7,3],"texture":"#0"}}},{"from":[6,0,1],"to":[10,4,3],"faces":{"north":{"uv":[6.5,4.75,7.5,5.75],"texture":"#0"},"east":{"uv":[4,5.5,4.5,6.5],"texture":"#0"},"south":{"uv":[6.5,5.75,7.5,6.75],"texture":"#0"},"west":{"uv":[2,6.75,2.5,7.75],"texture":"#0"},"up":{"uv":[3.5,7.25,2.5,6.75],"texture":"#0"},"down":{"uv":[7.25,6.75,6.25,7.25],"texture":"#0"}}},{"from":[7,0,11],"to":[9,6,12],"faces":{"north":{"uv":[1,6.75,1.5,8.25],"texture":"#0","tintindex":0},"east":{"uv":[3.5,6.75,3.75,8.25],"texture":"#0","tintindex":0},"south":{"uv":[1.5,6.75,2,8.25],"texture":"#0","tintindex":0},"west":{"uv":[3.75,6.75,4,8.25],"texture":"#0","tintindex":0},"up":{"uv":[7.5,3.25,7,3],"texture":"#0","tintindex":0},"down":{"uv":[4.5,7,4,7.25],"texture":"#0"}}},{"from":[7,5,3],"to":[9,6,11],"faces":{"north":{"uv":[4.5,7,5,7.25],"texture":"#0","tintindex":0},"east":{"uv":[7,0,9,0.25],"texture":"#0","tintindex":0},"south":{"uv":[5,7,5.5,7.25],"texture":"#0"},"west":{"uv":[7,0.25,9,0.5],"texture":"#0","tintindex":0},"up":{"uv":[0.5,8.75,0,6.75],"texture":"#0","tintindex":0},"down":{"uv":[1,6.75,0.5,8.75],"texture":"#0","tintindex":0}}},{"from":[3.5,1,2.5],"to":[12.5,3,11.5],"faces":{"north":{"uv":[6.5,3.25,8.75,3.75],"texture":"#0"},"east":{"uv":[6.5,3.75,8.75,4.25],"texture":"#0"},"south":{"uv":[4,6.5,6.25,7],"texture":"#0"},"west":{"uv":[6.5,4.25,8.75,4.75],"texture":"#0"},"up":{"uv":[2.25,5.5,0,3.25],"texture":"#0"},"down":{"uv":[4.5,3.25,2.25,5.5],"texture":"#0"}}}],"display":{"thirdperson_righthand":{"rotation":[40,40,0],"translation":[0,1.75,1.5],"scale":[0.5,0.5,0.5]},"thirdperson_lefthand":{"rotation":[40,40,0],"translation":[0,1.75,1.5],"scale":[0.5,0.5,0.5]},"firstperson_righthand":{"rotation":[0,124,0],"translation":[13.5,-1.75,-13.5]},"firstperson_lefthand":{"rotation":[0,124,0],"translation":[13.5,-1.75,-13.5]},"ground":{"scale":[0.6,0.6,0.6]},"gui":{"rotation":[37,-154,0],"translation":[-0.5,5,0],"scale":[0.9,0.9,0.9]},"head":{"rotation":[3,0,0],"translation":[0,17.25,2.5],"scale":[1.85,1.85,1.85]}},"gui_light":"front"}