{"credit":"Made with Blockbench","texture_size":[64,64],"textures":{"1":"profession_cosmetics:miner_backpack","particle":"profession_cosmetics:miner_backpack"},"elements":[{"from":[8.75,12.5,4],"to":[11.75,17.5,7],"rotation":{"angle":22.5,"axis":"x","origin":[0,0,0]},"faces":{"north":{"uv":[6.5,4,7.25,5.25],"texture":"#1"},"east":{"uv":[6.5,5.25,7.25,6.5],"texture":"#1"},"south":{"uv":[6.5,6.5,7.25,7.75],"texture":"#1"},"west":{"uv":[0,7,0.75,8.25],"texture":"#1"},"up":{"uv":[8,5.5,7.25,4.75],"texture":"#1"},"down":{"uv":[8,5.5,7.25,6.25],"texture":"#1"}}},{"from":[3.75,9,8.5],"to":[6.75,12,11.5],"rotation":{"angle":22.5,"axis":"y","origin":[0,0,0]},"faces":{"north":{"uv":[7.25,6.25,8,7],"texture":"#1"},"east":{"uv":[7.25,7,8,7.75],"texture":"#1"},"south":{"uv":[7.5,3,8.25,3.75],"texture":"#1"},"west":{"uv":[7.75,0,8.5,0.75],"texture":"#1"},"up":{"uv":[8.5,1.5,7.75,0.75],"texture":"#1"},"down":{"uv":[6.5,7.75,5.75,8.5],"texture":"#1"}}},{"from":[7.75,6,8.5],"to":[10.75,10,11.5],"rotation":{"angle":22.5,"axis":"z","origin":[0,0,0]},"faces":{"north":{"uv":[2.75,7,3.5,8],"texture":"#1"},"east":{"uv":[3.5,7,4.25,8],"texture":"#1"},"south":{"uv":[4.25,7,5,8],"texture":"#1"},"west":{"uv":[5,7,5.75,8],"texture":"#1"},"up":{"uv":[6.5,7.75,5.75,7],"texture":"#1"},"down":{"uv":[8,4,7.25,4.75],"texture":"#1"}}},{"from":[3,0,5],"to":[13,10,13],"shade":false,"rotation":{"angle":0,"axis":"y","origin":[3,0,5]},"faces":{"north":{"uv":[0,0,2.5,2.5],"texture":"#1","tintindex":0},"east":{"uv":[2.5,4.5,4.5,7],"texture":"#1","tintindex":0},"south":{"uv":[0,2.5,2.5,5],"texture":"#1","tintindex":0},"west":{"uv":[4.5,4.5,6.5,7],"texture":"#1","tintindex":0},"up":{"uv":[2.5,7,0,5],"texture":"#1","tintindex":0},"down":{"uv":[7.75,0,5.25,2],"texture":"#1","tintindex":0}}},{"from":[2.5,8,4.5],"to":[13.5,10,13.5],"rotation":{"angle":0,"axis":"y","origin":[3,0,5]},"faces":{"north":{"uv":[5.25,2,8,2.5],"texture":"#1","tintindex":0},"east":{"uv":[5.25,3,7.5,3.5],"texture":"#1","tintindex":0},"south":{"uv":[5.25,2.5,8,3],"texture":"#1","tintindex":0},"west":{"uv":[5.25,3.5,7.5,4],"texture":"#1","tintindex":0},"up":{"uv":[5.25,2.25,2.5,0],"texture":"#1","tintindex":0},"down":{"uv":[5.25,2.25,2.5,4.5],"texture":"#1","tintindex":0}}},{"from":[3,8,1],"to":[5,9,5],"rotation":{"angle":0,"axis":"y","origin":[3,0,5]},"faces":{"north":{"uv":[8,7.25,8.5,7.5],"texture":"#1","tintindex":0},"east":{"uv":[5.25,4,6.25,4.25],"texture":"#1","tintindex":0},"south":{"uv":[8,7.5,8.5,7.75],"texture":"#1"},"west":{"uv":[5.25,4.25,6.25,4.5],"texture":"#1","tintindex":0},"up":{"uv":[7,8.75,6.5,7.75],"texture":"#1","tintindex":0},"down":{"uv":[7.5,7.75,7,8.75],"texture":"#1","tintindex":0}}},{"from":[3,1,1],"to":[5,2,5],"rotation":{"angle":0,"axis":"y","origin":[3,0,5]},"faces":{"north":{"uv":[8,7.75,8.5,8],"texture":"#1","tintindex":0},"east":{"uv":[8,2.5,9,2.75],"texture":"#1","tintindex":0},"south":{"uv":[8,8,8.5,8.25],"texture":"#1"},"west":{"uv":[8,2.75,9,3],"texture":"#1","tintindex":0},"up":{"uv":[8,8.75,7.5,7.75],"texture":"#1","tintindex":0},"down":{"uv":[8.5,1.5,8,2.5],"texture":"#1","tintindex":0}}},{"from":[3,2,1],"to":[5,8,2],"rotation":{"angle":0,"axis":"y","origin":[3,0,5]},"faces":{"north":{"uv":[1.75,7,2.25,8.5],"texture":"#1","tintindex":0},"east":{"uv":[4.75,8,5,9.5],"texture":"#1","tintindex":0},"south":{"uv":[2.25,7,2.75,8.5],"texture":"#1","tintindex":0},"west":{"uv":[8,4.75,8.25,6.25],"texture":"#1","tintindex":0},"up":{"uv":[0.5,8.5,0,8.25],"texture":"#1","tintindex":0},"down":{"uv":[8.75,3,8.25,3.25],"texture":"#1"}}},{"from":[11,8,1],"to":[13,9,5],"rotation":{"angle":0,"axis":"y","origin":[3,0,5]},"faces":{"north":{"uv":[8.25,3.25,8.75,3.5],"texture":"#1","tintindex":0},"east":{"uv":[8,6.25,9,6.5],"texture":"#1","tintindex":0},"south":{"uv":[8.25,3.5,8.75,3.75],"texture":"#1","tintindex":0},"west":{"uv":[8,6.5,9,6.75],"texture":"#1","tintindex":0},"up":{"uv":[3.25,9,2.75,8],"texture":"#1","tintindex":0},"down":{"uv":[3.75,8,3.25,9],"texture":"#1","tintindex":0}}},{"from":[11,1,1],"to":[13,2,5],"rotation":{"angle":0,"axis":"y","origin":[3,0,5]},"faces":{"north":{"uv":[8.25,4.75,8.75,5],"texture":"#1","tintindex":0},"east":{"uv":[8,6.75,9,7],"texture":"#1","tintindex":0},"south":{"uv":[5,8.25,5.5,8.5],"texture":"#1","tintindex":0},"west":{"uv":[8,7,9,7.25],"texture":"#1","tintindex":0},"up":{"uv":[4.25,9,3.75,8],"texture":"#1","tintindex":0},"down":{"uv":[8.5,3.75,8,4.75],"texture":"#1","tintindex":0}}},{"from":[11,2,1],"to":[13,8,2],"rotation":{"angle":0,"axis":"y","origin":[3,0,5]},"faces":{"north":{"uv":[0.75,7,1.25,8.5],"texture":"#1","tintindex":0},"east":{"uv":[4.25,8,4.5,9.5],"texture":"#1","tintindex":0},"south":{"uv":[1.25,7,1.75,8.5],"texture":"#1","tintindex":0},"west":{"uv":[4.5,8,4.75,9.5],"texture":"#1","tintindex":0},"up":{"uv":[8,4,7.5,3.75],"texture":"#1"},"down":{"uv":[5.5,8,5,8.25],"texture":"#1"}}}],"display":{"thirdperson_righthand":{"rotation":[40,40,0],"scale":[0.5,0.5,0.5]},"thirdperson_lefthand":{"rotation":[40,40,0],"scale":[0.5,0.5,0.5]},"firstperson_righthand":{"rotation":[0,125,0],"translation":[5.5,0.2,-3.2],"scale":[0.5,0.5,0.5]},"firstperson_lefthand":{"rotation":[0,125,0],"translation":[5.5,0.25,-3.75],"scale":[0.5,0.5,0.5]},"ground":{"scale":[0.6,0.6,0.6]},"gui":{"rotation":[26,-137,0],"translation":[0.25,1.75,0],"scale":[0.8,0.8,0.8]},"head":{"rotation":[10,0,0],"translation":[-0.5,-60,7.25],"scale":[1.55,1.55,1.55]}},"gui_light":"front"}