{"credit":"Made with Blockbench","texture_size":[32,32],"textures":{"2":"profession_cosmetics:viking_axe","particle":"profession_cosmetics:viking_axe"},"elements":[{"from":[7,0,7],"to":[9,12,9],"faces":{"north":{"uv":[1,8,2,14],"texture":"#2"},"east":{"uv":[2,8,3,14],"texture":"#2"},"south":{"uv":[0,8,1,14],"texture":"#2"},"west":{"uv":[8,0,9,6],"texture":"#2"},"up":{"uv":[10,6,9,5],"rotation":180,"texture":"#2"},"down":{"uv":[10.5,6,9.5,7],"rotation":180,"texture":"#2"}}},{"from":[6.5,12,6.5],"to":[9.5,16,9.5],"faces":{"north":{"uv":[8,6,9.5,8],"texture":"#2"},"east":{"uv":[8,8,9.5,10],"texture":"#2"},"south":{"uv":[3,8,4.5,10],"texture":"#2"},"west":{"uv":[4.5,8,6,10],"texture":"#2"},"up":{"uv":[10.5,1.5,9,0],"rotation":180,"texture":"#2"},"down":{"uv":[10.5,1.5,9,3],"rotation":180,"texture":"#2"}}},{"from":[8,8,0.5],"to":[8,16,12.5],"faces":{"north":{"uv":[0,0,0,4],"texture":"#2"},"east":{"uv":[0,4,6,8],"texture":"#2"},"south":{"uv":[0,0,0,4],"texture":"#2"},"west":{"uv":[0,0,6,4],"texture":"#2"},"up":{"uv":[0,6,0,0],"rotation":180,"texture":"#2"},"down":{"uv":[0,0,0,6],"rotation":180,"texture":"#2"}}},{"from":[7,0,7],"to":[9,12,9],"faces":{"north":{"uv":[7,0,8,6],"texture":"#2","tintindex":0},"east":{"uv":[7,6,8,12],"texture":"#2","tintindex":0},"south":{"uv":[6,0,7,6],"texture":"#2","tintindex":0},"west":{"uv":[6,6,7,12],"texture":"#2","tintindex":0},"up":{"uv":[10,4,9,3],"rotation":180,"texture":"#2"},"down":{"uv":[10,4,9,5],"rotation":180,"texture":"#2"}}}],"display":{"thirdperson_righthand":{"translation":[0,2.25,1.75]},"thirdperson_lefthand":{"translation":[0,2.2,1.7]},"firstperson_righthand":{"rotation":[-27,0,0],"translation":[2,-1.2,0]},"firstperson_lefthand":{"rotation":[-27,0,0],"translation":[2,-1.75,0]},"ground":{"scale":[0.6,0.6,0.6]},"gui":{"rotation":[33,-116,0],"translation":[-0.25,0,0],"scale":[0.9,0.9,0.9]}},"gui_light":"front"}