{"credit":"Made with Blockbench","texture_size":[64,64],"textures":{"2":"profession_cosmetics:viking_hat","particle":"profession_cosmetics:viking_hat"},"elements":[{"from":[3,0,3],"to":[13,2,13],"faces":{"north":{"uv":[6,5.75,8.5,6.25],"texture":"#2"},"east":{"uv":[6,6.25,8.5,6.75],"texture":"#2"},"south":{"uv":[0,6.75,2.5,7.25],"texture":"#2"},"west":{"uv":[6.75,0,9.25,0.5],"texture":"#2"},"up":{"uv":[2.5,2.5,0,0],"texture":"#2"},"down":{"uv":[2.5,2.5,0,5],"texture":"#2"}}},{"from":[7,2,3.5],"to":[9,7.5,12.5],"faces":{"north":{"uv":[8,8,8.5,9.5],"texture":"#2"},"east":{"uv":[4.5,1.5,6.75,3],"texture":"#2"},"south":{"uv":[8.25,3,8.75,4.5],"texture":"#2"},"west":{"uv":[4.75,3,7,4.5],"texture":"#2"},"up":{"uv":[3.5,9,3,6.75],"texture":"#2"},"down":{"uv":[4,6.75,3.5,9],"texture":"#2"}}},{"name":"cube inverted","from":[9,7.5,12.5],"to":[7,2,3.5],"faces":{"north":{"uv":[7,8,7.5,9.5],"texture":"#2"},"east":{"uv":[2.5,4,4.75,5.5],"texture":"#2"},"south":{"uv":[7.5,8,8,9.5],"texture":"#2"},"west":{"uv":[4.5,0,6.75,1.5],"texture":"#2"},"up":{"uv":[7.25,2.75,6.75,0.5],"texture":"#2"},"down":{"uv":[3,6.75,2.5,9],"texture":"#2"}}},{"from":[4,2,4],"to":[12,7,12],"faces":{"north":{"uv":[4.75,4.5,6.75,5.75],"texture":"#2"},"east":{"uv":[0,5,2,6.25],"texture":"#2"},"south":{"uv":[2,5.5,4,6.75],"texture":"#2"},"west":{"uv":[4,5.75,6,7],"texture":"#2"},"up":{"uv":[4.5,2,2.5,0],"texture":"#2"},"down":{"uv":[4.5,2,2.5,4],"texture":"#2"}}},{"name":"dyeable","from":[4,3,6],"to":[7,8,9],"rotation":{"angle":22.5,"axis":"z","origin":[0,0,0]},"faces":{"north":{"uv":[6.75,4.5,7.5,5.75],"texture":"#2","tintindex":0},"east":{"uv":[6,6.75,6.75,8],"texture":"#2","tintindex":0},"south":{"uv":[6.75,6.75,7.5,8],"texture":"#2","tintindex":0},"west":{"uv":[7,2.75,7.75,4],"texture":"#2","tintindex":0},"up":{"uv":[4.75,9,4,8.25],"texture":"#2","tintindex":0},"down":{"uv":[9,4.5,8.25,5.25],"texture":"#2"}}},{"name":"dyeable","from":[8,9,6],"to":[11,14,9],"rotation":{"angle":-22.5,"axis":"z","origin":[0,0,0]},"faces":{"north":{"uv":[4,7,4.75,8.25],"texture":"#2","tintindex":0},"east":{"uv":[4.75,7,5.5,8.25],"texture":"#2","tintindex":0},"south":{"uv":[0,7.25,0.75,8.5],"texture":"#2","tintindex":0},"west":{"uv":[7.25,0.5,8,1.75],"texture":"#2","tintindex":0},"up":{"uv":[5.5,9,4.75,8.25],"texture":"#2","tintindex":0},"down":{"uv":[9,6.75,8.25,7.5],"texture":"#2","tintindex":0}}},{"name":"dyeable","from":[14.25,-4.5,6.25],"to":[17.25,0.5,8.75],"rotation":{"angle":45,"axis":"z","origin":[0,0,0]},"faces":{"north":{"uv":[0.75,7.25,1.5,8.5],"texture":"#2","tintindex":0},"east":{"uv":[1.5,7.25,2.25,8.5],"texture":"#2","tintindex":0},"south":{"uv":[7.5,4,8.25,5.25],"texture":"#2","tintindex":0},"west":{"uv":[7.5,6.75,8.25,8],"texture":"#2","tintindex":0},"up":{"uv":[0.75,9.25,0,8.5],"texture":"#2","tintindex":0},"down":{"uv":[1.5,8.5,0.75,9.25],"texture":"#2","tintindex":0}}},{"name":"dyeable","from":[-6,7,6.25],"to":[-3,12,8.75],"rotation":{"angle":-45,"axis":"z","origin":[0,0,0]},"faces":{"north":{"uv":[7.75,1.75,8.5,3],"texture":"#2","tintindex":0},"east":{"uv":[8,0.5,8.75,1.75],"texture":"#2","tintindex":0},"south":{"uv":[5.5,8,6.25,9.25],"texture":"#2","tintindex":0},"west":{"uv":[6.25,8,7,9.25],"texture":"#2","tintindex":0},"up":{"uv":[2.25,9.25,1.5,8.5],"texture":"#2","tintindex":0},"down":{"uv":[9.25,1.75,8.5,2.5],"texture":"#2","tintindex":0}}}],"display":{"thirdperson_righthand":{"rotation":[40,40,0],"translation":[-0.5,0,-0.5],"scale":[0.5,0.5,0.5]},"thirdperson_lefthand":{"rotation":[40,40,0],"translation":[-0.5,0,-0.5],"scale":[0.5,0.5,0.5]},"firstperson_righthand":{"rotation":[0,124,0],"translation":[8,0,-7.2],"scale":[0.7,0.7,0.7]},"firstperson_lefthand":{"rotation":[0,124,0],"translation":[8,0,-7.75],"scale":[0.7,0.7,0.7]},"ground":{"scale":[0.6,0.6,0.6]},"gui":{"rotation":[38,-147,0],"translation":[0,3,0],"scale":[0.9,0.9,0.9]},"head":{"rotation":[7,0,0],"translation":[0,17,1.25],"scale":[1.85,1.85,1.85]}},"gui_light":"front"}