{"credit":"Made with Blockbench","texture_size":[64,64],"textures":{"2":"profession_cosmetics:wizard_hat","particle":"profession_cosmetics:wizard_hat"},"elements":[{"from":[15,0.5,1],"to":[18,0.5,15],"rotation":{"angle":22.5,"axis":"z","origin":[16.5,0,8]},"faces":{"north":{"uv":[0,0,0.75,0],"texture":"#2"},"east":{"uv":[0,0,3.5,0],"texture":"#2"},"south":{"uv":[0,0,0.75,0],"texture":"#2"},"west":{"uv":[0,0,3.5,0],"texture":"#2"},"up":{"uv":[3,12.5,2.25,9],"texture":"#2"},"down":{"uv":[3.75,9,3,12.5],"texture":"#2"}}},{"from":[1,-0.5,-2],"to":[15,-0.5,1],"rotation":{"angle":-22.5,"axis":"x","origin":[8,0,-0.5]},"faces":{"north":{"uv":[0,0,3.5,0],"texture":"#2"},"east":{"uv":[0,0,0.75,0],"texture":"#2"},"south":{"uv":[0,0,3.5,0],"texture":"#2"},"west":{"uv":[0,0,0.75,0],"texture":"#2"},"up":{"uv":[12.5,3,9,2.25],"texture":"#2"},"down":{"uv":[12.5,3,9,3.75],"texture":"#2"}}},{"from":[1,-0.75,15],"to":[15,-0.75,18],"rotation":{"angle":22.5,"axis":"x","origin":[8,0,16.5]},"faces":{"north":{"uv":[0,0,3.5,0],"texture":"#2"},"east":{"uv":[0,0,0.75,0],"texture":"#2"},"south":{"uv":[0,0,3.5,0],"texture":"#2"},"west":{"uv":[0,0,0.75,0],"texture":"#2"},"up":{"uv":[12.75,0.75,9.25,0],"texture":"#2"},"down":{"uv":[12.75,0.75,9.25,1.5],"texture":"#2"}}},{"from":[-2,0.5,1],"to":[1,0.5,15],"rotation":{"angle":-22.5,"axis":"z","origin":[-0.5,0,8]},"faces":{"north":{"uv":[0,0,0.75,0],"texture":"#2"},"east":{"uv":[0,0,3.5,0],"texture":"#2"},"south":{"uv":[0,0,0.75,0],"texture":"#2"},"west":{"uv":[0,0,3.5,0],"texture":"#2"},"up":{"uv":[0.75,12.75,0,9.25],"texture":"#2"},"down":{"uv":[1.5,9.25,0.75,12.75],"texture":"#2"}}},{"from":[3.5,0,3.5],"to":[12.5,6,12.5],"rotation":{"angle":0,"axis":"y","origin":[4,0,4]},"faces":{"north":{"uv":[4.25,7,6.5,8.5],"texture":"#2"},"east":{"uv":[7,4.25,9.25,5.75],"texture":"#2"},"south":{"uv":[7,5.75,9.25,7.25],"texture":"#2"},"west":{"uv":[6.5,7.25,8.75,8.75],"texture":"#2"},"up":{"uv":[2.25,9.25,0,7],"texture":"#2"},"down":{"uv":[9.25,0,7,2.25],"texture":"#2"}}},{"from":[1,0,1],"to":[15,0,15],"rotation":{"angle":0,"axis":"y","origin":[4,0,4]},"faces":{"north":{"uv":[0,0,3.5,0],"texture":"#2"},"east":{"uv":[0,0,3.5,0],"texture":"#2"},"south":{"uv":[0,0,3.5,0],"texture":"#2"},"west":{"uv":[0,0,3.5,0],"texture":"#2"},"up":{"uv":[3.5,3.5,0,0],"texture":"#2"},"down":{"uv":[3.5,3.5,0,7],"texture":"#2"}}},{"from":[1,0,1],"to":[15,0,15],"rotation":{"angle":0,"axis":"y","origin":[4,0,4]},"faces":{"north":{"uv":[0,0,3.5,0],"texture":"#2"},"east":{"uv":[0,0,3.5,0],"texture":"#2"},"south":{"uv":[0,0,3.5,0],"texture":"#2"},"west":{"uv":[0,0,3.5,0],"texture":"#2"},"up":{"uv":[7,3.5,3.5,0],"texture":"#2","tintindex":0},"down":{"uv":[7,3.5,3.5,7],"texture":"#2","tintindex":0}}},{"from":[4,0,4],"to":[12,6,12],"rotation":{"angle":0,"axis":"y","origin":[4,0,4]},"faces":{"north":{"uv":[4.25,8.5,6.25,10],"texture":"#2","tintindex":0},"east":{"uv":[6.25,8.75,8.25,10.25],"texture":"#2","tintindex":0},"south":{"uv":[8.75,7.25,10.75,8.75],"texture":"#2","tintindex":0},"west":{"uv":[8.25,8.75,10.25,10.25],"texture":"#2","tintindex":0},"up":{"uv":[4.25,9,2.25,7],"texture":"#2","tintindex":0},"down":{"uv":[9,2.25,7,4.25],"texture":"#2","tintindex":0}}},{"from":[15,0.5,1],"to":[18,0.5,15],"rotation":{"angle":22.5,"axis":"z","origin":[16.5,0,8]},"faces":{"north":{"uv":[0,0,0.75,0],"texture":"#2"},"east":{"uv":[0,0,3.5,0],"texture":"#2"},"south":{"uv":[0,0,0.75,0],"texture":"#2"},"west":{"uv":[0,0,3.5,0],"texture":"#2"},"up":{"uv":[2.25,12.75,1.5,9.25],"texture":"#2","tintindex":0},"down":{"uv":[10,3.75,9.25,7.25],"texture":"#2","tintindex":0}}},{"from":[-2,0.5,1],"to":[1,0.5,15],"rotation":{"angle":-22.5,"axis":"z","origin":[-0.5,0,8]},"faces":{"north":{"uv":[0,0,0.75,0],"texture":"#2"},"east":{"uv":[0,0,3.5,0],"texture":"#2"},"south":{"uv":[0,0,0.75,0],"texture":"#2"},"west":{"uv":[0,0,3.5,0],"texture":"#2"},"up":{"uv":[4.5,13.5,3.75,10],"texture":"#2","tintindex":0},"down":{"uv":[10.75,3.75,10,7.25],"texture":"#2","tintindex":0}}},{"from":[1,-0.5,-2],"to":[15,-0.5,1],"rotation":{"angle":-22.5,"axis":"x","origin":[8,0,-0.5]},"faces":{"north":{"uv":[0,0,3.5,0],"texture":"#2"},"east":{"uv":[0,0,0.75,0],"texture":"#2"},"south":{"uv":[0,0,3.5,0],"texture":"#2"},"west":{"uv":[0,0,0.75,0],"texture":"#2"},"up":{"uv":[12.75,2.25,9.25,1.5],"texture":"#2","tintindex":0},"down":{"uv":[8,10.25,4.5,11],"texture":"#2","tintindex":0}}},{"from":[1,-0.75,15],"to":[15,-0.75,18],"rotation":{"angle":22.5,"axis":"x","origin":[8,0,16.5]},"faces":{"north":{"uv":[0,0,3.5,0],"texture":"#2"},"east":{"uv":[0,0,0.75,0],"texture":"#2"},"south":{"uv":[0,0,3.5,0],"texture":"#2"},"west":{"uv":[0,0,0.75,0],"texture":"#2"},"up":{"uv":[11.5,11,8,10.25],"texture":"#2","tintindex":0},"down":{"uv":[13.75,8.75,10.25,9.5],"texture":"#2","tintindex":0}}},{"from":[5,5.75,2.5],"to":[11,11.75,8.5],"rotation":{"angle":22.5,"axis":"x","origin":[4,0,4]},"faces":{"north":{"uv":[10.75,3.75,12.25,5.25],"texture":"#2","tintindex":0},"east":{"uv":[10.75,5.25,12.25,6.75],"texture":"#2","tintindex":0},"south":{"uv":[10.75,6.75,12.25,8.25],"texture":"#2","tintindex":0},"west":{"uv":[4.5,11,6,12.5],"texture":"#2","tintindex":0},"up":{"uv":[7.5,12.5,6,11],"texture":"#2","tintindex":0},"down":{"uv":[9,11,7.5,12.5],"texture":"#2","tintindex":0}}},{"from":[6,10.25,-1.25],"to":[10,14.25,2.75],"rotation":{"angle":45,"axis":"x","origin":[4,0,4]},"faces":{"north":{"uv":[9,11,10,12],"texture":"#2","tintindex":0},"east":{"uv":[10,11,11,12],"texture":"#2","tintindex":0},"south":{"uv":[11,11,12,12],"texture":"#2","tintindex":0},"west":{"uv":[11.5,9.5,12.5,10.5],"texture":"#2","tintindex":0},"up":{"uv":[10,13,9,12],"texture":"#2","tintindex":0},"down":{"uv":[11,12,10,13],"texture":"#2","tintindex":0}}}],"display":{"thirdperson_righthand":{"rotation":[40,40,0],"scale":[0.5,0.5,0.5]},"thirdperson_lefthand":{"rotation":[40,40,0],"scale":[0.5,0.5,0.5]},"firstperson_righthand":{"rotation":[0,120,0],"translation":[3.7,1.7,-3.7],"scale":[0.5,0.5,0.5]},"firstperson_lefthand":{"rotation":[0,120,0],"translation":[3.75,1.75,-3.75],"scale":[0.5,0.5,0.5]},"ground":{"scale":[0.6,0.6,0.6]},"gui":{"rotation":[26,-146,0],"translation":[0.25,2.5,0],"scale":[0.7,0.7,0.7]},"head":{"rotation":[11,0,0],"translation":[0,17,2.75],"scale":[1.75,1.75,1.75]}},"gui_light":"front"}