{"model":{"type":"range_dispatch","property":"custom_model_data","index":0,"fallback":{"type":"minecraft:model","model":"minecraft:item/emerald"},"entries":[{"threshold":10001,"model":{"type":"model","model":"cosmetics:hats/3d_glasses"}},{"threshold":10002,"model":{"type":"model","model":"cosmetics:hats/alien"}},{"threshold":10003,"model":{"type":"model","model":"cosmetics:hats/angry_hat"}},{"threshold":10004,"model":{"type":"model","model":"cosmetics:hats/anniversaryhat"}},{"threshold":10005,"model":{"type":"model","model":"cosmetics:hats/antlers"}},{"threshold":10006,"model":{"type":"model","model":"cosmetics:hats/archer_hat"}},{"threshold":10007,"model":{"type":"model","model":"cosmetics:hats/artist_beret"}},{"threshold":10008,"model":{"type":"model","model":"cosmetics:hats/ash_hat"}},{"threshold":10009,"model":{"type":"model","model":"cosmetics:hats/astro"}},{"threshold":10010,"model":{"type":"model","model":"cosmetics:hats/astronaut_helmet"}},{"threshold":10011,"model":{"type":"model","model":"cosmetics:hats/aviator_hat"}},{"threshold":10012,"model":{"type":"model","model":"cosmetics:hats/aviators"}},{"threshold":10013,"model":{"type":"model","model":"cosmetics:hats/axe_hat"}},{"threshold":10014,"model":{"type":"model","model":"cosmetics:hats/axolotl_blue"}},{"threshold":10015,"model":{"type":"model","model":"cosmetics:hats/axolotl_cyan"}},{"threshold":10016,"model":{"type":"model","model":"cosmetics:hats/axolotl_gold"}},{"threshold":10017,"model":{"type":"model","model":"cosmetics:hats/axolotl_pink"}},{"threshold":10018,"model":{"type":"model","model":"cosmetics:hats/axolotl_tinted"}},{"threshold":10019,"model":{"type":"model","model":"cosmetics:hats/axolotl_wild"}},{"threshold":10020,"model":{"type":"model","model":"cosmetics:hats/bandana"}},{"threshold":10021,"model":{"type":"model","model":"cosmetics:hats/bandana_mineclub"}},{"threshold":10022,"model":{"type":"model","model":"cosmetics:hats/bat_glasses"}},{"threshold":10023,"model":{"type":"model","model":"cosmetics:hats/bat_mask"}},{"threshold":10024,"model":{"type":"model","model":"cosmetics:hats/beach_visor"}},{"threshold":10025,"model":{"type":"model","model":"cosmetics:hats/bear_hat"}},{"threshold":10026,"model":{"type":"model","model":"cosmetics:hats/bear_hat_2"}},{"threshold":10027,"model":{"type":"model","model":"cosmetics:hats/bear_hat_tint"}},{"threshold":10028,"model":{"type":"model","model":"cosmetics:hats/bee_hat"}},{"threshold":10029,"model":{"type":"model","model":"cosmetics:hats/beret_red"}},{"threshold":10030,"model":{"type":"model","model":"cosmetics:hats/beret_tint"}},{"threshold":10031,"model":{"type":"model","model":"cosmetics:hats/beta_blue"}},{"threshold":10032,"model":{"type":"model","model":"cosmetics:hats/beta_light_green"}},{"threshold":10033,"model":{"type":"model","model":"cosmetics:hats/beta_magenta"}},{"threshold":10034,"model":{"type":"model","model":"cosmetics:hats/beta_orange"}},{"threshold":10035,"model":{"type":"model","model":"cosmetics:hats/beta_rainbow"}},{"threshold":10036,"model":{"type":"model","model":"cosmetics:hats/beta_red"}},{"threshold":10037,"model":{"type":"model","model":"cosmetics:hats/beta_white"}},{"threshold":10038,"model":{"type":"model","model":"cosmetics:hats/boater_hat"}},{"threshold":10039,"model":{"type":"model","model":"cosmetics:hats/box_hat"}},{"threshold":10040,"model":{"type":"model","model":"cosmetics:hats/bucket_hat"}},{"threshold":10041,"model":{"type":"model","model":"cosmetics:hats/bunny_crown"}},{"threshold":10042,"model":{"type":"model","model":"cosmetics:hats/bunny_ears"}},{"threshold":10043,"model":{"type":"model","model":"cosmetics:hats/bunny_ears_2"}},{"threshold":10044,"model":{"type":"model","model":"cosmetics:hats/cactus_cap"}},{"threshold":10045,"model":{"type":"model","model":"cosmetics:hats/cake_hat"}},{"threshold":10046,"model":{"type":"model","model":"cosmetics:hats/cap"}},{"threshold":10047,"model":{"type":"model","model":"cosmetics:hats/cap_tint"}},{"threshold":10048,"model":{"type":"model","model":"cosmetics:hats/capitaine_hat"}},{"threshold":10049,"model":{"type":"model","model":"cosmetics:hats/captain_hook_hat"}},{"threshold":10050,"model":{"type":"model","model":"cosmetics:hats/capybara"}},{"threshold":10051,"model":{"type":"model","model":"cosmetics:hats/carrot_hat"}},{"threshold":10052,"model":{"type":"model","model":"cosmetics:hats/cart_hat"}},{"threshold":10053,"model":{"type":"model","model":"cosmetics:hats/cat_ears"}},{"threshold":10054,"model":{"type":"model","model":"cosmetics:hats/cat_headphone"}},{"threshold":10055,"model":{"type":"model","model":"cosmetics:hats/cat_headphone_tint"}},{"threshold":10056,"model":{"type":"model","model":"cosmetics:hats/cauldron_hat"}},{"threshold":10057,"model":{"type":"model","model":"cosmetics:hats/cauldron_hat_tinted"}},{"threshold":10058,"model":{"type":"model","model":"cosmetics:hats/cherry_headphones"}},{"threshold":10059,"model":{"type":"model","model":"cosmetics:hats/chinese_dragon_hat"}},{"threshold":10060,"model":{"type":"model","model":"cosmetics:hats/chocolate_easter_egg"}},{"threshold":10061,"model":{"type":"model","model":"cosmetics:hats/chocolate_easter_egg_side_rubon"}},{"threshold":10062,"model":{"type":"model","model":"cosmetics:hats/clock_hat"}},{"threshold":10063,"model":{"type":"model","model":"cosmetics:hats/cloud_tophat"}},{"threshold":10064,"model":{"type":"model","model":"cosmetics:hats/clover_headband"}},{"threshold":10065,"model":{"type":"model","model":"cosmetics:hats/construction"}},{"threshold":10066,"model":{"type":"model","model":"cosmetics:hats/cookie_hat"}},{"threshold":10067,"model":{"type":"model","model":"cosmetics:hats/cow_hat"}},{"threshold":10068,"model":{"type":"model","model":"cosmetics:hats/cowboyhat"}},{"threshold":10069,"model":{"type":"model","model":"cosmetics:hats/crab_hat"}},{"threshold":10070,"model":{"type":"model","model":"cosmetics:hats/crocodile_hat"}},{"threshold":10071,"model":{"type":"model","model":"cosmetics:hats/crown"}},{"threshold":10072,"model":{"type":"model","model":"cosmetics:hats/cyborg"}},{"threshold":10073,"model":{"type":"model","model":"cosmetics:hats/cyborg_2"}},{"threshold":10074,"model":{"type":"model","model":"cosmetics:hats/daisy_chain"}},{"threshold":10075,"model":{"type":"model","model":"cosmetics:hats/dark_vador"}},{"threshold":10076,"model":{"type":"model","model":"cosmetics:hats/deer_horn"}},{"threshold":10077,"model":{"type":"model","model":"cosmetics:hats/deer_horn_tinted"}},{"threshold":10078,"model":{"type":"model","model":"cosmetics:hats/devil_horns"}},{"threshold":10079,"model":{"type":"model","model":"cosmetics:hats/dinosaur_hat"}},{"threshold":10080,"model":{"type":"model","model":"cosmetics:hats/disguise"}},{"threshold":10081,"model":{"type":"model","model":"cosmetics:hats/dog"}},{"threshold":10082,"model":{"type":"model","model":"cosmetics:hats/dragon_hat_black"}},{"threshold":10083,"model":{"type":"model","model":"cosmetics:hats/duck"}},{"threshold":10084,"model":{"type":"model","model":"cosmetics:hats/duck_hat"}},{"threshold":10085,"model":{"type":"model","model":"cosmetics:hats/duck_nest_hat"}},{"threshold":10086,"model":{"type":"model","model":"cosmetics:hats/earmuffs"}},{"threshold":10087,"model":{"type":"model","model":"cosmetics:hats/easter_beanie"}},{"threshold":10088,"model":{"type":"model","model":"cosmetics:hats/easter_box"}},{"threshold":10089,"model":{"type":"model","model":"cosmetics:hats/easter_box_tinted"}},{"threshold":10090,"model":{"type":"model","model":"cosmetics:hats/elephant"}},{"threshold":10091,"model":{"type":"model","model":"cosmetics:hats/elf_hat"}},{"threshold":10092,"model":{"type":"model","model":"cosmetics:hats/elf_hat_2"}},{"threshold":10093,"model":{"type":"model","model":"cosmetics:hats/evilqueen_crown"}},{"threshold":10094,"model":{"type":"model","model":"cosmetics:hats/fallcrown"}},{"threshold":10095,"model":{"type":"model","model":"cosmetics:hats/farmer_hat"}},{"threshold":10096,"model":{"type":"model","model":"cosmetics:hats/farmer_hat_tint"}},{"threshold":10097,"model":{"type":"model","model":"cosmetics:hats/feather_crown"}},{"threshold":10098,"model":{"type":"model","model":"cosmetics:hats/fedora"}},{"threshold":10099,"model":{"type":"model","model":"cosmetics:hats/fedora_2"}},{"threshold":10100,"model":{"type":"model","model":"cosmetics:hats/firefighter_helmet"}},{"threshold":10101,"model":{"type":"model","model":"cosmetics:hats/firework_hat"}},{"threshold":10102,"model":{"type":"model","model":"cosmetics:hats/flower_hat"}},{"threshold":10103,"model":{"type":"model","model":"cosmetics:hats/flower_hat_2"}},{"threshold":10104,"model":{"type":"model","model":"cosmetics:hats/frankenstine_hat"}},{"threshold":10105,"model":{"type":"model","model":"cosmetics:hats/frog"}},{"threshold":10106,"model":{"type":"model","model":"cosmetics:hats/frog_bucket_hat"}},{"threshold":10107,"model":{"type":"model","model":"cosmetics:hats/gas_mask"}},{"threshold":10108,"model":{"type":"model","model":"cosmetics:hats/gas_mask_2"}},{"threshold":10109,"model":{"type":"model","model":"cosmetics:hats/ghost_hat"}},{"threshold":10110,"model":{"type":"model","model":"cosmetics:hats/ghost_hat_2"}},{"threshold":10111,"model":{"type":"model","model":"cosmetics:hats/ghost_hat_tinted"}},{"threshold":10112,"model":{"type":"model","model":"cosmetics:hats/gift_hat"}},{"threshold":10113,"model":{"type":"model","model":"cosmetics:hats/gift_hat_tint"}},{"threshold":10114,"model":{"type":"model","model":"cosmetics:hats/golden_easter_egg"}},{"threshold":10115,"model":{"type":"model","model":"cosmetics:hats/golden_easter_egg_side_rubon"}},{"threshold":10116,"model":{"type":"model","model":"cosmetics:hats/graduation_cap"}},{"threshold":10117,"model":{"type":"model","model":"cosmetics:hats/guard_hat"}},{"threshold":10118,"model":{"type":"model","model":"cosmetics:hats/halloween_cat_hat"}},{"threshold":10119,"model":{"type":"model","model":"cosmetics:hats/halloween_cowboy_hat"}},{"threshold":10120,"model":{"type":"model","model":"cosmetics:hats/halloween_devil_hat"}},{"threshold":10121,"model":{"type":"model","model":"cosmetics:hats/halloween_ghost_hat"}},{"threshold":10122,"model":{"type":"model","model":"cosmetics:hats/halloween_hand_hat"}},{"threshold":10123,"model":{"type":"model","model":"cosmetics:hats/halloween_hog_hat"}},{"threshold":10124,"model":{"type":"model","model":"cosmetics:hats/halloween_pumpkin_hat"}},{"threshold":10125,"model":{"type":"model","model":"cosmetics:hats/halloween_skeleton_hat"}},{"threshold":10126,"model":{"type":"model","model":"cosmetics:hats/halloween_spider_hat"}},{"threshold":10127,"model":{"type":"model","model":"cosmetics:hats/halloween_witch_hat"}},{"threshold":10128,"model":{"type":"model","model":"cosmetics:hats/halo"}},{"threshold":10129,"model":{"type":"model","model":"cosmetics:hats/hazmat_mask"}},{"threshold":10130,"model":{"type":"model","model":"cosmetics:hats/headphones"}},{"threshold":10131,"model":{"type":"model","model":"cosmetics:hats/heart_antennae"}},{"threshold":10132,"model":{"type":"model","model":"cosmetics:hats/heart_crown"}},{"threshold":10133,"model":{"type":"model","model":"cosmetics:hats/heather_hat"}},{"threshold":10134,"model":{"type":"model","model":"cosmetics:hats/hockey_mask"}},{"threshold":10135,"model":{"type":"model","model":"cosmetics:hats/hot_chocolate_beanie"}},{"threshold":10136,"model":{"type":"model","model":"cosmetics:hats/hypno_goggles"}},{"threshold":10137,"model":{"type":"model","model":"cosmetics:hats/ice_cream_hat"}},{"threshold":10138,"model":{"type":"model","model":"cosmetics:hats/ice_crown"}},{"threshold":10139,"model":{"type":"model","model":"cosmetics:hats/jellyfish"}},{"threshold":10140,"model":{"type":"model","model":"cosmetics:hats/joker_hat"}},{"threshold":10141,"model":{"type":"model","model":"cosmetics:hats/lawyer_hat"}},{"threshold":10142,"model":{"type":"model","model":"cosmetics:hats/lawyer_hat_tint"}},{"threshold":10143,"model":{"type":"model","model":"cosmetics:hats/leprechaun_hat"}},{"threshold":10144,"model":{"type":"model","model":"cosmetics:hats/lion_hat"}},{"threshold":10145,"model":{"type":"model","model":"cosmetics:hats/lion_hat_2"}},{"threshold":10146,"model":{"type":"model","model":"cosmetics:hats/masquerade_mask"}},{"threshold":10147,"model":{"type":"model","model":"cosmetics:hats/miner_helmet"}},{"threshold":10148,"model":{"type":"model","model":"cosmetics:hats/monocle"}},{"threshold":10149,"model":{"type":"model","model":"cosmetics:hats/moon_walk"}},{"threshold":10150,"model":{"type":"model","model":"cosmetics:hats/motorcycle"}},{"threshold":10151,"model":{"type":"model","model":"cosmetics:hats/mushroom_cap"}},{"threshold":10152,"model":{"type":"model","model":"cosmetics:hats/mushroom_hat"}},{"threshold":10153,"model":{"type":"model","model":"cosmetics:hats/mushroom_hat_tinted"}},{"threshold":10154,"model":{"type":"model","model":"cosmetics:hats/native_headband"}},{"threshold":10155,"model":{"type":"model","model":"cosmetics:hats/nenu"}},{"threshold":10156,"model":{"type":"model","model":"cosmetics:hats/new_years_headband"}},{"threshold":10157,"model":{"type":"model","model":"cosmetics:hats/nightvision_goggles"}},{"threshold":10158,"model":{"type":"model","model":"cosmetics:hats/ninja_headband"}},{"threshold":10159,"model":{"type":"model","model":"cosmetics:hats/paintball_mask"}},{"threshold":10160,"model":{"type":"model","model":"cosmetics:hats/panda_hat"}},{"threshold":10161,"model":{"type":"model","model":"cosmetics:hats/panda_hat_2"}},{"threshold":10162,"model":{"type":"model","model":"cosmetics:hats/pharaoh_headdress"}},{"threshold":10163,"model":{"type":"model","model":"cosmetics:hats/pig"}},{"threshold":10164,"model":{"type":"model","model":"cosmetics:hats/pilgrim_hat"}},{"threshold":10165,"model":{"type":"model","model":"cosmetics:hats/pink_bow"}},{"threshold":10166,"model":{"type":"model","model":"cosmetics:hats/pinwheel_hat"}},{"threshold":10167,"model":{"type":"model","model":"cosmetics:hats/pirate_hat"}},{"threshold":10168,"model":{"type":"model","model":"cosmetics:hats/pirate_hat_2"}},{"threshold":10169,"model":{"type":"model","model":"cosmetics:hats/pirate_hat_tint"}},{"threshold":10170,"model":{"type":"model","model":"cosmetics:hats/police_hat"}},{"threshold":10171,"model":{"type":"model","model":"cosmetics:hats/potter_glasses"}},{"threshold":10172,"model":{"type":"model","model":"cosmetics:hats/pumpkin_beanie"}},{"threshold":10173,"model":{"type":"model","model":"cosmetics:hats/pumpkin_hat"}},{"threshold":10174,"model":{"type":"model","model":"cosmetics:hats/pumpkin_hat_2"}},{"threshold":10175,"model":{"type":"model","model":"cosmetics:hats/r2d2_hat"}},{"threshold":10176,"model":{"type":"model","model":"cosmetics:hats/rabbit_headphone"}},{"threshold":10177,"model":{"type":"model","model":"cosmetics:hats/rabbit_headphone_tint"}},{"threshold":10178,"model":{"type":"model","model":"cosmetics:hats/rainbow_headband"}},{"threshold":10179,"model":{"type":"model","model":"cosmetics:hats/rainbow_shades"}},{"threshold":10180,"model":{"type":"model","model":"cosmetics:hats/ram_hat"}},{"threshold":10181,"model":{"type":"model","model":"cosmetics:hats/red_panda"}},{"threshold":10182,"model":{"type":"model","model":"cosmetics:hats/rgb_headphone"}},{"threshold":10183,"model":{"type":"model","model":"cosmetics:hats/rgb_headphone_tint"}},{"threshold":10184,"model":{"type":"model","model":"cosmetics:hats/rhino_hat"}},{"threshold":10185,"model":{"type":"model","model":"cosmetics:hats/robocop_helmet"}},{"threshold":10186,"model":{"type":"model","model":"cosmetics:hats/robot_goggles"}},{"threshold":10187,"model":{"type":"model","model":"cosmetics:hats/rose_tophat"}},{"threshold":10188,"model":{"type":"model","model":"cosmetics:hats/ruban_hat_red"}},{"threshold":10189,"model":{"type":"model","model":"cosmetics:hats/ruban_hat_rgb"}},{"threshold":10190,"model":{"type":"model","model":"cosmetics:hats/ruban_hat_tint"}},{"threshold":10191,"model":{"type":"model","model":"cosmetics:hats/sailor_hat"}},{"threshold":10192,"model":{"type":"model","model":"cosmetics:hats/sailor_hat_2"}},{"threshold":10193,"model":{"type":"model","model":"cosmetics:hats/sailor_hat_tinted"}},{"threshold":10194,"model":{"type":"model","model":"cosmetics:hats/samurai_helmet"}},{"threshold":10195,"model":{"type":"model","model":"cosmetics:hats/santa_elf_hat"}},{"threshold":10196,"model":{"type":"model","model":"cosmetics:hats/santa_elf_hat_tint"}},{"threshold":10197,"model":{"type":"model","model":"cosmetics:hats/santa_hat"}},{"threshold":10198,"model":{"type":"model","model":"cosmetics:hats/santa_hat_tint"}},{"threshold":10199,"model":{"type":"model","model":"cosmetics:hats/santa_hatunob"}},{"threshold":10200,"model":{"type":"model","model":"cosmetics:hats/science_goggles"}},{"threshold":10201,"model":{"type":"model","model":"cosmetics:hats/scuba"}},{"threshold":10202,"model":{"type":"model","model":"cosmetics:hats/serpent_king_helmet"}},{"threshold":10203,"model":{"type":"model","model":"cosmetics:hats/seuss"}},{"threshold":10204,"model":{"type":"model","model":"cosmetics:hats/shamrock_shades"}},{"threshold":10205,"model":{"type":"model","model":"cosmetics:hats/shark"}},{"threshold":10206,"model":{"type":"model","model":"cosmetics:hats/shrek_beanie"}},{"threshold":10207,"model":{"type":"model","model":"cosmetics:hats/skateboard_helmet"}},{"threshold":10208,"model":{"type":"model","model":"cosmetics:hats/skull_mask"}},{"threshold":10209,"model":{"type":"model","model":"cosmetics:hats/snake_head"}},{"threshold":10210,"model":{"type":"model","model":"cosmetics:hats/snowman_tophat"}},{"threshold":10211,"model":{"type":"model","model":"cosmetics:hats/soda_hat"}},{"threshold":10212,"model":{"type":"model","model":"cosmetics:hats/sombrero"}},{"threshold":10213,"model":{"type":"model","model":"cosmetics:hats/sombrero_2"}},{"threshold":10214,"model":{"type":"model","model":"cosmetics:hats/sombrero_tint"}},{"threshold":10215,"model":{"type":"model","model":"cosmetics:hats/space_hat"}},{"threshold":10216,"model":{"type":"model","model":"cosmetics:hats/spider_hat"}},{"threshold":10217,"model":{"type":"model","model":"cosmetics:hats/spring_flower_crown"}},{"threshold":10218,"model":{"type":"model","model":"cosmetics:hats/sprout_hat"}},{"threshold":10219,"model":{"type":"model","model":"cosmetics:hats/staff_badge_hatb"}},{"threshold":10220,"model":{"type":"model","model":"cosmetics:hats/staff_badge_hatg"}},{"threshold":10221,"model":{"type":"model","model":"cosmetics:hats/staff_badge_hatgray"}},{"threshold":10222,"model":{"type":"model","model":"cosmetics:hats/staff_badge_hatr"}},{"threshold":10223,"model":{"type":"model","model":"cosmetics:hats/staff_bandanab"}},{"threshold":10224,"model":{"type":"model","model":"cosmetics:hats/staff_bandanag"}},{"threshold":10225,"model":{"type":"model","model":"cosmetics:hats/staff_bandanagray"}},{"threshold":10226,"model":{"type":"model","model":"cosmetics:hats/staff_bandanar"}},{"threshold":10227,"model":{"type":"model","model":"cosmetics:hats/staff_headdressb"}},{"threshold":10228,"model":{"type":"model","model":"cosmetics:hats/staff_headdressg"}},{"threshold":10229,"model":{"type":"model","model":"cosmetics:hats/staff_headdressgray"}},{"threshold":10230,"model":{"type":"model","model":"cosmetics:hats/staff_headdressr"}},{"threshold":10231,"model":{"type":"model","model":"cosmetics:hats/staff_mecha_helmetb"}},{"threshold":10232,"model":{"type":"model","model":"cosmetics:hats/staff_mecha_helmetg"}},{"threshold":10233,"model":{"type":"model","model":"cosmetics:hats/staff_mecha_helmetgray"}},{"threshold":10234,"model":{"type":"model","model":"cosmetics:hats/staff_mecha_helmetr"}},{"threshold":10235,"model":{"type":"model","model":"cosmetics:hats/staff_porkpie_hatb"}},{"threshold":10236,"model":{"type":"model","model":"cosmetics:hats/staff_porkpie_hatg"}},{"threshold":10237,"model":{"type":"model","model":"cosmetics:hats/staff_porkpie_hatgray"}},{"threshold":10238,"model":{"type":"model","model":"cosmetics:hats/staff_porkpie_hatr"}},{"threshold":10239,"model":{"type":"model","model":"cosmetics:hats/staff_squid_hatb"}},{"threshold":10240,"model":{"type":"model","model":"cosmetics:hats/staff_squid_hatg"}},{"threshold":10241,"model":{"type":"model","model":"cosmetics:hats/staff_squid_hatgray"}},{"threshold":10242,"model":{"type":"model","model":"cosmetics:hats/staff_squid_hatr"}},{"threshold":10243,"model":{"type":"model","model":"cosmetics:hats/staff_valkyrie_helmetb"}},{"threshold":10244,"model":{"type":"model","model":"cosmetics:hats/staff_valkyrie_helmetg"}},{"threshold":10245,"model":{"type":"model","model":"cosmetics:hats/staff_valkyrie_helmetgray"}},{"threshold":10246,"model":{"type":"model","model":"cosmetics:hats/staff_valkyrie_helmetr"}},{"threshold":10247,"model":{"type":"model","model":"cosmetics:hats/staff_wizard_hatb"}},{"threshold":10248,"model":{"type":"model","model":"cosmetics:hats/staff_wizard_hatg"}},{"threshold":10249,"model":{"type":"model","model":"cosmetics:hats/staff_wizard_hatgray"}},{"threshold":10250,"model":{"type":"model","model":"cosmetics:hats/staff_wizard_hatr"}},{"threshold":10251,"model":{"type":"model","model":"cosmetics:hats/steam_goggles"}},{"threshold":10252,"model":{"type":"model","model":"cosmetics:hats/stitch_hat"}},{"threshold":10253,"model":{"type":"model","model":"cosmetics:hats/stormtrooper"}},{"threshold":10254,"model":{"type":"model","model":"cosmetics:hats/straw_hat"}},{"threshold":10255,"model":{"type":"model","model":"cosmetics:hats/summerani"}},{"threshold":10256,"model":{"type":"model","model":"cosmetics:hats/summerhat"}},{"threshold":10257,"model":{"type":"model","model":"cosmetics:hats/tax_hat"}},{"threshold":10258,"model":{"type":"model","model":"cosmetics:hats/television_head"}},{"threshold":10259,"model":{"type":"model","model":"cosmetics:hats/television_helmet"}},{"threshold":10260,"model":{"type":"model","model":"cosmetics:hats/tiara"}},{"threshold":10261,"model":{"type":"model","model":"cosmetics:hats/tiki_mask"}},{"threshold":10262,"model":{"type":"model","model":"cosmetics:hats/tinted_easter_egg_gold_rubon"}},{"threshold":10263,"model":{"type":"model","model":"cosmetics:hats/tinted_easter_egg_gold_side_rubon"}},{"threshold":10264,"model":{"type":"model","model":"cosmetics:hats/tinted_easter_egg_red_rubon"}},{"threshold":10265,"model":{"type":"model","model":"cosmetics:hats/tinted_easter_egg_red_side_rubon"}},{"threshold":10266,"model":{"type":"model","model":"cosmetics:hats/tnt_hat"}},{"threshold":10267,"model":{"type":"model","model":"cosmetics:hats/tomato_cap"}},{"threshold":10268,"model":{"type":"model","model":"cosmetics:hats/top_hat"}},{"threshold":10269,"model":{"type":"model","model":"cosmetics:hats/top_hat_2"}},{"threshold":10270,"model":{"type":"model","model":"cosmetics:hats/top_hat_tint"}},{"threshold":10271,"model":{"type":"model","model":"cosmetics:hats/turtle"}},{"threshold":10272,"model":{"type":"model","model":"cosmetics:hats/ufo_hat"}},{"threshold":10273,"model":{"type":"model","model":"cosmetics:hats/unicorn_hat"}},{"threshold":10274,"model":{"type":"model","model":"cosmetics:hats/unobtainable_ushankart"}},{"threshold":10275,"model":{"type":"model","model":"cosmetics:hats/ushanka"}},{"threshold":10276,"model":{"type":"model","model":"cosmetics:hats/valentines_bear_hat"}},{"threshold":10277,"model":{"type":"model","model":"cosmetics:hats/valkyrie_helmet"}},{"threshold":10278,"model":{"type":"model","model":"cosmetics:hats/viking_helmet"}},{"threshold":10279,"model":{"type":"model","model":"cosmetics:hats/vr"}},{"threshold":10280,"model":{"type":"model","model":"cosmetics:hats/vrgreen"}},{"threshold":10281,"model":{"type":"model","model":"cosmetics:hats/vrorange"}},{"threshold":10282,"model":{"type":"model","model":"cosmetics:hats/vrpurple"}},{"threshold":10283,"model":{"type":"model","model":"cosmetics:hats/vrred"}},{"threshold":10284,"model":{"type":"model","model":"cosmetics:hats/walle_hat"}},{"threshold":10285,"model":{"type":"model","model":"cosmetics:hats/winged"}},{"threshold":10286,"model":{"type":"model","model":"cosmetics:hats/witch_hat"}},{"threshold":10287,"model":{"type":"model","model":"cosmetics:hats/witch_hat_tinted"}},{"threshold":10288,"model":{"type":"model","model":"cosmetics:hats/wool_cap_hat"}},{"threshold":10289,"model":{"type":"model","model":"cosmetics:hats/wool_cap_hat_tint"}},{"threshold":10290,"model":{"type":"model","model":"cosmetics:hats/xmas_crown"}},{"threshold":10291,"model":{"type":"model","model":"cosmetics:hats/xmas_pudding_hat"}},{"threshold":10292,"model":{"type":"model","model":"cosmetics:hats/zombie_hat"}},{"threshold":10293,"model":{"type":"model","model":"item/emerald"}}]},"oversized_in_gui":true}