{"model":{"type":"range_dispatch","property":"custom_model_data","index":0,"fallback":{"type":"minecraft:model","model":"minecraft:item/leather"},"entries":[{"threshold":10000,"model":{"type":"model","model":"cosmetics:backpacks/backpack"}},{"threshold":10001,"model":{"type":"model","model":"cosmetics:backpacks/backpack_banana"}},{"threshold":10002,"model":{"type":"model","model":"cosmetics:backpacks/backpack_bunny"}},{"threshold":10003,"model":{"type":"model","model":"cosmetics:backpacks/backpack_dj"}},{"threshold":10004,"model":{"type":"model","model":"cosmetics:backpacks/backpack_duck"}},{"threshold":10005,"model":{"type":"model","model":"cosmetics:backpacks/backpack_frog"}},{"threshold":10006,"model":{"type":"model","model":"cosmetics:backpacks/backpack_futuristic"}},{"threshold":10007,"model":{"type":"model","model":"cosmetics:backpacks/backpack_hunting"}},{"threshold":10008,"model":{"type":"model","model":"cosmetics:backpacks/backpack_jetpack"}},{"threshold":10009,"model":{"type":"model","model":"cosmetics:backpacks/backpack_mouse"}},{"threshold":10010,"model":{"type":"model","model":"cosmetics:backpacks/backpack_musical"}},{"threshold":10011,"model":{"type":"model","model":"cosmetics:backpacks/backpack_penguin"}},{"threshold":10012,"model":{"type":"model","model":"cosmetics:backpacks/backpack_pig"}},{"threshold":10013,"model":{"type":"model","model":"cosmetics:backpacks/backpack_samurai"}},{"threshold":10014,"model":{"type":"model","model":"cosmetics:backpacks/backpack_scuba"}},{"threshold":10015,"model":{"type":"model","model":"cosmetics:backpacks/backpack_solarpowered"}},{"threshold":10016,"model":{"type":"model","model":"cosmetics:backpacks/backpack_space"}},{"threshold":10017,"model":{"type":"model","model":"cosmetics:backpacks/backpack_steampunk"}},{"threshold":10018,"model":{"type":"model","model":"cosmetics:backpacks/backpack_wizard"}},{"threshold":10019,"model":{"type":"model","model":"item/leather"}}]},"oversized_in_gui":true}