{"model":{"type":"range_dispatch","property":"custom_model_data","index":0,"fallback":{"type":"model","model":"item/leather_horse_armor","tints":[{"type":"dye","default":-6265536}]},"entries":[{"threshold":10000,"model":{"type":"model","model":"hmccosmetics:item/beanie","tints":[{"type":"dye","default":-6265536}]}},{"threshold":10001,"model":{"type":"model","model":"hmccosmetics:item/paintbrush","tints":[{"type":"dye","default":-6265536}]}},{"threshold":10002,"model":{"type":"model","model":"hmccosmetics:item/explorer_backpack","tints":[{"type":"dye","default":-6265536}]}},{"threshold":10003,"model":{"type":"model","model":"hmccosmetics:item/earth_day_grabber","tints":[{"type":"dye","default":-6265536}]}},{"threshold":10004,"model":{"type":"model","model":"hmccosmetics:item/explorer_backpack_thirdperson","tints":[{"type":"dye","default":-6265536}]}},{"threshold":10005,"model":{"type":"model","model":"cosmetic_packv1:ninja_hat","tints":[{"type":"dye","default":-6265536}]}},{"threshold":10006,"model":{"type":"model","model":"cosmetic_packv1:ninja_backpack","tints":[{"type":"dye","default":-6265536}]}},{"threshold":10007,"model":{"type":"model","model":"cosmetic_packv1:ninja_hand","tints":[{"type":"dye","default":-6265536}]}},{"threshold":10008,"model":{"type":"model","model":"cosmetic_packv1:knight_hat","tints":[{"type":"dye","default":-6265536}]}},{"threshold":10009,"model":{"type":"model","model":"cosmetic_packv1:knight_backpack","tints":[{"type":"dye","default":-6265536}]}},{"threshold":10010,"model":{"type":"model","model":"cosmetic_packv1:knight_hand","tints":[{"type":"dye","default":-6265536}]}},{"threshold":10011,"model":{"type":"model","model":"cosmetic_packv1:wizard_hat","tints":[{"type":"dye","default":-6265536}]}},{"threshold":10012,"model":{"type":"model","model":"cosmetic_packv1:wizard_backpack","tints":[{"type":"dye","default":-6265536}]}},{"threshold":10013,"model":{"type":"model","model":"cosmetic_packv1:wizard_hand","tints":[{"type":"dye","default":-6265536}]}},{"threshold":10014,"model":{"type":"model","model":"cosmetic_packv1:frozen_hat","tints":[{"type":"dye","default":-6265536}]}},{"threshold":10015,"model":{"type":"model","model":"cosmetic_packv1:frozen_backpack","tints":[{"type":"dye","default":-6265536}]}},{"threshold":10016,"model":{"type":"model","model":"cosmetic_packv1:frozen_hand","tints":[{"type":"dye","default":-6265536}]}},{"threshold":10017,"model":{"type":"model","model":"cosmetic_packv1:ender_hat","tints":[{"type":"dye","default":-6265536}]}},{"threshold":10018,"model":{"type":"model","model":"cosmetic_packv1:ender_backpack","tints":[{"type":"dye","default":-6265536}]}},{"threshold":10019,"model":{"type":"model","model":"cosmetic_packv1:ender_hand","tints":[{"type":"dye","default":-6265536}]}},{"threshold":10020,"model":{"type":"model","model":"magiccosmetics:item/hotdog","tints":[{"type":"dye","default":-6265536}]}},{"threshold":10021,"model":{"type":"model","model":"magiccosmetics:item/balloon","tints":[{"type":"dye","default":-6265536}]}},{"threshold":10022,"model":{"type":"model","model":"magiccosmetics:item/stick","tints":[{"type":"dye","default":-6265536}]}},{"threshold":10023,"model":{"type":"model","model":"magiccosmetics:item/brush","tints":[{"type":"dye","default":-6265536}]}},{"threshold":10024,"model":{"type":"model","model":"magiccosmetics:item/tone","tints":[{"type":"dye","default":-6265536}]}},{"threshold":10025,"model":{"type":"model","model":"magiccosmetics:item/backpack","tints":[{"type":"dye","default":-6265536}]}},{"threshold":10026,"model":{"type":"model","model":"magiccosmetics:item/stand","tints":[{"type":"dye","default":-6265536}]}},{"threshold":10027,"model":{"type":"model","model":"magiccosmetics:item/token","tints":[{"type":"dye","default":-6265536}]}},{"threshold":10028,"model":{"type":"model","model":"magiccosmetics:item/mexhat","tints":[{"type":"dye","default":-6265536}]}},{"threshold":10029,"model":{"type":"model","model":"animated_wings:angelic_wings","tints":[{"type":"dye","default":-6265536}]}},{"threshold":10030,"model":{"type":"model","model":"animated_wings:demon_wings","tints":[{"type":"dye","default":-6265536}]}},{"threshold":10031,"model":{"type":"model","model":"animated_wings:nature_wings","tints":[{"type":"dye","default":-6265536}]}},{"threshold":10032,"model":{"type":"model","model":"animated_wings:scifi_wings","tints":[{"type":"dye","default":-6265536}]}},{"threshold":10033,"model":{"type":"model","model":"cosmetic_expansion_v1:chicken_hat","tints":[{"type":"dye","default":-6265536}]}},{"threshold":10034,"model":{"type":"model","model":"cosmetic_expansion_v1:chicken_wings","tints":[{"type":"dye","default":-6265536}]}},{"threshold":10035,"model":{"type":"model","model":"cosmetic_expansion_v1:cutlass","tints":[{"type":"dye","default":-6265536}]}},{"threshold":10036,"model":{"type":"model","model":"cosmetic_expansion_v1:cyber_blade","tints":[{"type":"dye","default":-6265536}]}},{"threshold":10037,"model":{"type":"model","model":"cosmetic_expansion_v1:cyber_jetpack","tints":[{"type":"dye","default":-6265536}]}},{"threshold":10038,"model":{"type":"model","model":"cosmetic_expansion_v1:cyber_visor","tints":[{"type":"dye","default":-6265536}]}},{"threshold":10039,"model":{"type":"model","model":"cosmetic_expansion_v1:egg_staff","tints":[{"type":"dye","default":-6265536}]}},{"threshold":10040,"model":{"type":"model","model":"cosmetic_expansion_v1:phantom_king_crown","tints":[{"type":"dye","default":-6265536}]}},{"threshold":10041,"model":{"type":"model","model":"cosmetic_expansion_v1:phantom_king_shield","tints":[{"type":"dye","default":-6265536}]}},{"threshold":10042,"model":{"type":"model","model":"cosmetic_expansion_v1:phantom_septer","tints":[{"type":"dye","default":-6265536}]}},{"threshold":10043,"model":{"type":"model","model":"cosmetic_expansion_v1:pirate_hat","tints":[{"type":"dye","default":-6265536}]}},{"threshold":10044,"model":{"type":"model","model":"cosmetic_expansion_v1:treasure_chest","tints":[{"type":"dye","default":-6265536}]}},{"threshold":10045,"model":{"type":"model","model":"cosmetic_expansion_v1:shadow_dragon","tints":[{"type":"dye","default":-6265536}]}},{"threshold":10046,"model":{"type":"model","model":"cosmetic_expansion_v1:shadow_dragon_claw","tints":[{"type":"dye","default":-6265536}]}},{"threshold":10047,"model":{"type":"model","model":"cosmetic_expansion_v1:shadow_dragon_wings","tints":[{"type":"dye","default":-6265536}]}},{"threshold":10048,"model":{"type":"model","model":"profession_cosmetics:miner_hat","tints":[{"type":"dye","default":-6265536}]}},{"threshold":10049,"model":{"type":"model","model":"profession_cosmetics:miner_backpack","tints":[{"type":"dye","default":-6265536}]}},{"threshold":10050,"model":{"type":"model","model":"profession_cosmetics:miner_lamp","tints":[{"type":"dye","default":-6265536}]}},{"threshold":10051,"model":{"type":"model","model":"profession_cosmetics:wizard_hat","tints":[{"type":"dye","default":-6265536}]}},{"threshold":10052,"model":{"type":"model","model":"profession_cosmetics:wizard_cape","tints":[{"type":"dye","default":-6265536}]}},{"threshold":10053,"model":{"type":"model","model":"profession_cosmetics:wizard_staff","tints":[{"type":"dye","default":-6265536}]}},{"threshold":10054,"model":{"type":"model","model":"profession_cosmetics:viking_hat","tints":[{"type":"dye","default":-6265536}]}},{"threshold":10055,"model":{"type":"model","model":"profession_cosmetics:viking_shield","tints":[{"type":"dye","default":-6265536}]}},{"threshold":10056,"model":{"type":"model","model":"profession_cosmetics:viking_axe","tints":[{"type":"dye","default":-6265536}]}},{"threshold":10057,"model":{"type":"model","model":"item/leather_horse_armor","tints":[{"type":"dye","default":-6265536}]}}]},"oversized_in_gui":true}