{"model":{"type":"range_dispatch","property":"custom_model_data","index":0,"fallback":{"type":"minecraft:model","model":"minecraft:item/netherite_hoe"},"entries":[{"threshold":10000,"model":{"type":"model","model":"inkless:item/ia_auto/hoe_fantasy1"}},{"threshold":10001,"model":{"type":"model","model":"inkless:item/ia_auto/hoe_fantasy2"}},{"threshold":10002,"model":{"type":"model","model":"inkless:item/ia_auto/hoe_fantasy3"}},{"threshold":10003,"model":{"type":"model","model":"inkless:item/ia_auto/hoe_fantasy4"}},{"threshold":10004,"model":{"type":"model","model":"inkless:item/ia_auto/hoe_fantasy5"}},{"threshold":10005,"model":{"type":"model","model":"inkless:item/ia_auto/hoe_fantasy6"}},{"threshold":10006,"model":{"type":"model","model":"inkless:item/ia_auto/hoe_fantasy7"}},{"threshold":10007,"model":{"type":"model","model":"inkless:item/ia_auto/hoe_fantasy8"}},{"threshold":10008,"model":{"type":"model","model":"inkless:item/ia_auto/hoe_fantasy9"}},{"threshold":10009,"model":{"type":"model","model":"inkless:item/ia_auto/hoe_fantasy10"}},{"threshold":10010,"model":{"type":"model","model":"inkless:item/ia_auto/hoe_fantasy11"}},{"threshold":10011,"model":{"type":"model","model":"inkless:item/ia_auto/hoe_fantasy12"}},{"threshold":10012,"model":{"type":"model","model":"inkless:item/ia_auto/hoe_fantasy13"}},{"threshold":10013,"model":{"type":"model","model":"inkless:item/ia_auto/hoe_fantasy14"}},{"threshold":10014,"model":{"type":"model","model":"inkless:item/ia_auto/hoe_fantasy15"}},{"threshold":10015,"model":{"type":"model","model":"inkless:item/ia_auto/hoe_fantasy16"}},{"threshold":10016,"model":{"type":"model","model":"inkless:item/ia_auto/hoe_fantasy17"}},{"threshold":10017,"model":{"type":"model","model":"inkless:item/ia_auto/hoe_fantasy18"}},{"threshold":10018,"model":{"type":"model","model":"inkless:item/ia_auto/hoe_fantasy19"}},{"threshold":10019,"model":{"type":"model","model":"inkless:item/ia_auto/hoe_fantasy20"}},{"threshold":10020,"model":{"type":"model","model":"inkless:item/ia_auto/hoe_fantasy21"}},{"threshold":10021,"model":{"type":"model","model":"inkless:item/ia_auto/hoe_fantasy22"}},{"threshold":10022,"model":{"type":"model","model":"inkless:item/ia_auto/hoe_fantasy23"}},{"threshold":10023,"model":{"type":"model","model":"inkless:item/ia_auto/hoe_fantasy24"}},{"threshold":10024,"model":{"type":"model","model":"inkless:item/ia_auto/hoe_fantasy25"}},{"threshold":10025,"model":{"type":"model","model":"inkless:item/ia_auto/hoe_fantasy26"}},{"threshold":10026,"model":{"type":"model","model":"inkless:item/ia_auto/hoe_fantasy27"}},{"threshold":10027,"model":{"type":"model","model":"inkless:item/ia_auto/hoe_fantasy28"}},{"threshold":10028,"model":{"type":"model","model":"inkless:item/ia_auto/hoe_fantasy29"}},{"threshold":10029,"model":{"type":"model","model":"inkless:item/ia_auto/hoe_fantasy30"}},{"threshold":10030,"model":{"type":"model","model":"inkless:item/ia_auto/hoe_fantasy31"}},{"threshold":10031,"model":{"type":"model","model":"inkless:item/ia_auto/hoe_fantasy32"}},{"threshold":10032,"model":{"type":"model","model":"inkless:item/ia_auto/hoe_fantasy33"}},{"threshold":10033,"model":{"type":"model","model":"inkless:item/ia_auto/hoe_fantasy34"}},{"threshold":10034,"model":{"type":"model","model":"inkless:item/ia_auto/hoe_fantasy35"}},{"threshold":10035,"model":{"type":"model","model":"inkless:item/ia_auto/hoe_fantasy36"}},{"threshold":10036,"model":{"type":"model","model":"inkless:item/ia_auto/hoe_fantasy37"}},{"threshold":10037,"model":{"type":"model","model":"inkless:item/ia_auto/hoe_fantasy38"}},{"threshold":10038,"model":{"type":"model","model":"inkless:item/ia_auto/hoe_fantasy39"}},{"threshold":10039,"model":{"type":"model","model":"inkless:item/ia_auto/hoe_fantasy40"}},{"threshold":10040,"model":{"type":"model","model":"inkless:item/ia_auto/hoe_fantasy41"}},{"threshold":10041,"model":{"type":"model","model":"inkless:item/ia_auto/hoe_fantasy42"}},{"threshold":10042,"model":{"type":"model","model":"inkless:item/ia_auto/hoe_fantasy43"}},{"threshold":10043,"model":{"type":"model","model":"inkless:item/ia_auto/hoe_fantasy44"}},{"threshold":10044,"model":{"type":"model","model":"inkless:item/ia_auto/hoe_fantasy45"}},{"threshold":10045,"model":{"type":"model","model":"inkless:item/ia_auto/hoe_fantasy46"}},{"threshold":10046,"model":{"type":"model","model":"inkless:item/ia_auto/hoe_fantasy47"}},{"threshold":10047,"model":{"type":"model","model":"inkless:item/ia_auto/hoe_fantasy48"}},{"threshold":10048,"model":{"type":"model","model":"inkless:item/ia_auto/hoe_fantasy49"}},{"threshold":10049,"model":{"type":"model","model":"inkless:item/ia_auto/hoe_fantasy50"}},{"threshold":10050,"model":{"type":"model","model":"item/netherite_hoe"}}]},"oversized_in_gui":true}