{"model":{"type":"range_dispatch","property":"custom_model_data","index":0,"fallback":{"type":"minecraft:model","model":"minecraft:item/paper"},"entries":[{"threshold":9000,"model":{"type":"model","model":"ax_wings_pack:angel_wings"}},{"threshold":9001,"model":{"type":"model","model":"ax_wings_pack:astronaut_wings"}},{"threshold":9002,"model":{"type":"model","model":"ax_wings_pack:bluefire_wings"}},{"threshold":9003,"model":{"type":"model","model":"ax_wings_pack:brown_wings"}},{"threshold":9004,"model":{"type":"model","model":"ax_wings_pack:butterfly_wings"}},{"threshold":9005,"model":{"type":"model","model":"ax_wings_pack:demon_wings"}},{"threshold":9006,"model":{"type":"model","model":"ax_wings_pack:dragon_wings"}},{"threshold":9007,"model":{"type":"model","model":"ax_wings_pack:eagle_wings"}},{"threshold":9008,"model":{"type":"model","model":"ax_wings_pack:golden_wings"}},{"threshold":9009,"model":{"type":"model","model":"ax_wings_pack:ocean_wings"}},{"threshold":9010,"model":{"type":"model","model":"ax_wings_pack:purple_wings"}},{"threshold":9011,"model":{"type":"model","model":"ax_wings_pack:phoenix_wings"}},{"threshold":10000,"model":{"type":"model","model":"_iainternal:item/ia_auto/icon_left_blue"}},{"threshold":10001,"model":{"type":"model","model":"_iainternal:item/ia_auto/icon_right_blue"}},{"threshold":10002,"model":{"type":"model","model":"_iainternal:item/ia_auto/icon_search"}},{"threshold":10003,"model":{"type":"model","model":"_iainternal:item/ia_auto/icon_cancel"}},{"threshold":10004,"model":{"type":"model","model":"_iainternal:item/ia_auto/icon_arrow_chest"}},{"threshold":10005,"model":{"type":"model","model":"_iainternal:item/ia_auto/icon_back_orange"}},{"threshold":10006,"model":{"type":"model","model":"_iainternal:item/ia_auto/icon_next_orange"}},{"threshold":10007,"model":{"type":"model","model":"hmccosmetics:item/backpack_thirdperson"}},{"threshold":10008,"model":{"type":"model","model":"hmccosmetics:item/lantern_cosmetic"}},{"threshold":10009,"model":{"type":"model","model":"hmccosmetics:item/baseball_hat"}},{"threshold":10010,"model":{"type":"model","model":"hmccosmetics:item/ia_auto/hmccosmetics_icon"}},{"threshold":10011,"model":{"type":"model","model":"hmccosmetics:item/ia_auto/arrow_back"}},{"threshold":10012,"model":{"type":"model","model":"hmccosmetics:item/ia_auto/arrow_next"}},{"threshold":10013,"model":{"type":"model","model":"hmccosmetics:item/kite"}},{"threshold":10014,"model":{"type":"model","model":"hmccosmetics:item/future_wings"}},{"threshold":10015,"model":{"type":"model","model":"hmccosmetics:item/future_wings_thirdperson"}},{"threshold":10016,"model":{"type":"model","model":"hmccosmetics:item/frog_hat"}},{"threshold":10017,"model":{"type":"model","model":"hmccosmetics:item/jetpack"}},{"threshold":10018,"model":{"type":"model","model":"hmccosmetics:item/hammer"}},{"threshold":10019,"model":{"type":"model","model":"hmccosmetics:item/garbage_truck_balloon_item"}},{"threshold":10020,"model":{"type":"model","model":"hmccosmetics:item/jetpack_thirdperson"}},{"threshold":10021,"model":{"type":"model","model":"hmccosmetics:item/hibiscus_flower"}},{"threshold":10022,"model":{"type":"model","model":"hatventure:crooked_magic_hat"}},{"threshold":10023,"model":{"type":"model","model":"hatventure:feathered_witch_hat"}},{"threshold":10024,"model":{"type":"model","model":"hatventure:royal_steampunk_hat"}},{"threshold":10025,"model":{"type":"model","model":"hatventure:steampunk_top_hat"}},{"threshold":10026,"model":{"type":"model","model":"ero_feral_fantasy_set:bear_ears"}},{"threshold":10027,"model":{"type":"model","model":"ero_feral_fantasy_set:bear_tail"}},{"threshold":10028,"model":{"type":"model","model":"ero_feral_fantasy_set:cat_ears"}},{"threshold":10029,"model":{"type":"model","model":"ero_feral_fantasy_set:cat_tail"}},{"threshold":10030,"model":{"type":"model","model":"ero_feral_fantasy_set:fox_ears"}},{"threshold":10031,"model":{"type":"model","model":"ero_feral_fantasy_set:fox_tail"}},{"threshold":10032,"model":{"type":"model","model":"ero_feral_fantasy_set:rabbit_ears"}},{"threshold":10033,"model":{"type":"model","model":"ero_feral_fantasy_set:rabbit_tail"}},{"threshold":10034,"model":{"type":"model","model":"ero_feral_fantasy_set:tiger_ears"}},{"threshold":10035,"model":{"type":"model","model":"ero_feral_fantasy_set:tiger_tail"}},{"threshold":10036,"model":{"type":"model","model":"ero_feral_fantasy_set:wolf_ears"}},{"threshold":10037,"model":{"type":"model","model":"ero_feral_fantasy_set:wolf_tail"}},{"threshold":10038,"model":{"type":"model","model":"japanese_legends:kitsune_mask"}},{"threshold":10039,"model":{"type":"model","model":"japanese_legends:kitsune_tails"}},{"threshold":10040,"model":{"type":"model","model":"japanese_legends:kitsune_shakujo"}},{"threshold":10041,"model":{"type":"model","model":"japanese_legends:kappa_hat"}},{"threshold":10042,"model":{"type":"model","model":"japanese_legends:kappa_shell"}},{"threshold":10043,"model":{"type":"model","model":"japanese_legends:kappas_meal"}},{"threshold":10044,"model":{"type":"model","model":"japanese_legends:oni_horns"}},{"threshold":10045,"model":{"type":"model","model":"japanese_legends:oni_drum"}},{"threshold":10046,"model":{"type":"model","model":"japanese_legends:oni_bat"}},{"threshold":10047,"model":{"type":"model","model":"japanese_legends:samurai_hat"}},{"threshold":10048,"model":{"type":"model","model":"japanese_legends:samurai_back"}},{"threshold":10049,"model":{"type":"model","model":"japanese_legends:samurai_katana"}},{"threshold":10050,"model":{"type":"model","model":"_iainternal:item/ia_auto/amongus"}},{"threshold":10051,"model":{"type":"model","model":"_iainternal:item/ia_auto/angel"}},{"threshold":10052,"model":{"type":"model","model":"_iainternal:item/ia_auto/angry"}},{"threshold":10053,"model":{"type":"model","model":"_iainternal:item/ia_auto/blue_heart"}},{"threshold":10054,"model":{"type":"model","model":"_iainternal:item/ia_auto/blue_star"}},{"threshold":10055,"model":{"type":"model","model":"_iainternal:item/ia_auto/broken_heart"}},{"threshold":10056,"model":{"type":"model","model":"_iainternal:item/ia_auto/concerned"}},{"threshold":10057,"model":{"type":"model","model":"_iainternal:item/ia_auto/confused"}},{"threshold":10058,"model":{"type":"model","model":"_iainternal:item/ia_auto/contagious"}},{"threshold":10059,"model":{"type":"model","model":"_iainternal:item/ia_auto/cry"}},{"threshold":10060,"model":{"type":"model","model":"_iainternal:item/ia_auto/dislike"}},{"threshold":10061,"model":{"type":"model","model":"_iainternal:item/ia_auto/elegant"}},{"threshold":10062,"model":{"type":"model","model":"_iainternal:item/ia_auto/exo_blue_star"}},{"threshold":10063,"model":{"type":"model","model":"_iainternal:item/ia_auto/eyes_hearts"}},{"threshold":10064,"model":{"type":"model","model":"_iainternal:item/ia_auto/eyes"}},{"threshold":10065,"model":{"type":"model","model":"_iainternal:item/ia_auto/fachero"}},{"threshold":10066,"model":{"type":"model","model":"_iainternal:item/ia_auto/fascinated"}},{"threshold":10067,"model":{"type":"model","model":"_iainternal:item/ia_auto/demon"}},{"threshold":10068,"model":{"type":"model","model":"_iainternal:item/ia_auto/gg"}},{"threshold":10069,"model":{"type":"model","model":"_iainternal:item/ia_auto/gift"}},{"threshold":10070,"model":{"type":"model","model":"_iainternal:item/ia_auto/green_heart"}},{"threshold":10071,"model":{"type":"model","model":"_iainternal:item/ia_auto/green_star"}},{"threshold":10072,"model":{"type":"model","model":"_iainternal:item/ia_auto/heart"}},{"threshold":10073,"model":{"type":"model","model":"_iainternal:item/ia_auto/joy"}},{"threshold":10074,"model":{"type":"model","model":"_iainternal:item/ia_auto/like"}},{"threshold":10075,"model":{"type":"model","model":"_iainternal:item/ia_auto/nausea"}},{"threshold":10076,"model":{"type":"model","model":"_iainternal:item/ia_auto/nerd"}},{"threshold":10077,"model":{"type":"model","model":"_iainternal:item/ia_auto/orange_star"}},{"threshold":10078,"model":{"type":"model","model":"_iainternal:item/ia_auto/pull_tongue"}},{"threshold":10079,"model":{"type":"model","model":"_iainternal:item/ia_auto/purple_star"}},{"threshold":10080,"model":{"type":"model","model":"_iainternal:item/ia_auto/purple_heart"}},{"threshold":10081,"model":{"type":"model","model":"_iainternal:item/ia_auto/rainbow_star"}},{"threshold":10082,"model":{"type":"model","model":"_iainternal:item/ia_auto/red_star"}},{"threshold":10083,"model":{"type":"model","model":"_iainternal:item/ia_auto/sad"}},{"threshold":10084,"model":{"type":"model","model":"_iainternal:item/ia_auto/scream"}},{"threshold":10085,"model":{"type":"model","model":"_iainternal:item/ia_auto/skull"}},{"threshold":10086,"model":{"type":"model","model":"_iainternal:item/ia_auto/sleeping"}},{"threshold":10087,"model":{"type":"model","model":"_iainternal:item/ia_auto/smiling"}},{"threshold":10088,"model":{"type":"model","model":"_iainternal:item/ia_auto/sneeze"}},{"threshold":10089,"model":{"type":"model","model":"_iainternal:item/ia_auto/stunned"}},{"threshold":10090,"model":{"type":"model","model":"_iainternal:item/ia_auto/to_sigh"}},{"threshold":10091,"model":{"type":"model","model":"_iainternal:item/ia_auto/vomit"}},{"threshold":10092,"model":{"type":"model","model":"_iainternal:item/ia_auto/wink"}},{"threshold":10093,"model":{"type":"model","model":"_iainternal:item/ia_auto/without_expresion"}},{"threshold":10094,"model":{"type":"model","model":"_iainternal:item/ia_auto/yellow_heart"}},{"threshold":10095,"model":{"type":"model","model":"_iainternal:item/ia_auto/yellow_star"}},{"threshold":10096,"model":{"type":"model","model":"tinywing:wing1_animated"}},{"threshold":10097,"model":{"type":"model","model":"tinywing:wing1"}},{"threshold":10098,"model":{"type":"model","model":"tinywing:wing2_animated"}},{"threshold":10099,"model":{"type":"model","model":"tinywing:wing2"}},{"threshold":10100,"model":{"type":"model","model":"tinywing:wing3_animated"}},{"threshold":10101,"model":{"type":"model","model":"tinywing:wing3"}},{"threshold":10102,"model":{"type":"model","model":"tinywing:wing4_animated"}},{"threshold":10103,"model":{"type":"model","model":"tinywing:wing4"}},{"threshold":10104,"model":{"type":"model","model":"tinywing:wing5_animated"}},{"threshold":10105,"model":{"type":"model","model":"tinywing:wing5"}},{"threshold":10106,"model":{"type":"model","model":"tinywing:wing6_animated"}},{"threshold":10107,"model":{"type":"model","model":"tinywing:wing6"}},{"threshold":10108,"model":{"type":"model","model":"tinywing:wing7_animated"}},{"threshold":10109,"model":{"type":"model","model":"tinywing:wing7"}},{"threshold":10110,"model":{"type":"model","model":"tinywing:wing8_animated"}},{"threshold":10111,"model":{"type":"model","model":"tinywing:wing8"}},{"threshold":10112,"model":{"type":"model","model":"item/paper"}}]},"oversized_in_gui":true}